paper_id,is_health_study,exposure_type,outcome_types,population_groups,study_design,study_regions,geographic_scope,vulnerable_focus,biological_mechanisms,social_determinants,causal_triples,gaps_stated,key_finding,confidence,extraction_status
W4281771502,True,"[""wildfire_smoke"", ""PM2.5""]","[""respiratory"", ""cardiovascular""]","[""general"", ""children"", ""elderly"", ""racial_minorities""]",time_series,"[""United States""]",regional,explicit,"[""airway inflammation"", ""oxidative stress"", ""endothelial dysfunction""]","[""limited healthcare access"", ""racial disparities in exposure""]","[{""subject"": ""wildfire smoke"", ""relation"": ""causes"", ""object"": ""PM2.5""}, {""subject"": ""PM2.5"", ""relation"": ""increases_risk_of"", ""object"": ""respiratory disease""}, {""subject"": ""PM2.5"", ""relation"": ""increases_risk_of"", ""object"": ""asthma""}, {""subject"": ""PM2.5"", ""relation"": ""increases_risk_of"", ""object"": ""cardiovascular disease""}, {""subject"": ""PM2.5"", ""relation"": ""increases_risk_of"", ""object"": ""heart failure""}, {""subject"": ""wildfire smoke"", ""relation"": ""exacerbates"", ""object"": ""cardiovascular disease in elderly""}, {""subject"": ""wildfire smoke"", ""relation"": ""exacerbates"", ""object"": ""asthma in children ages 0-5""}]","[""impacts on cardiovascular health remain unclear""]","Wildfire PM2.5 increases respiratory hospital visits 3.3% and asthma 10.3%, with strongest cardiovascular effects in elderly and non-Hispanic white populations.",high,success
W3000476340,True,"[""wildfire_smoke"", ""PM2.5""]","[""respiratory"", ""cardiovascular"", ""mortality"", ""mental_health"", ""reproductive"", ""other""]","[""general"", ""children"", ""elderly"", ""pregnant"", ""outdoor_workers""]",other,"[""Australia""]",national,explicit,"[""airway inflammation"", ""oxidative stress"", ""cardiovascular morbidity"", ""endothelial dysfunction""]","[""poor housing quality"", ""limited access to air purifiers"", ""climate inaction and policy gaps"", ""socioeconomic vulnerability to disaster costs""]","[{""subject"": ""wildfire smoke"", ""relation"": ""causes"", ""object"": ""PM2.5 elevation""}, {""subject"": ""PM2.5"", ""relation"": ""increases_risk_of"", ""object"": ""all-cause mortality""}, {""subject"": ""PM2.5"", ""relation"": ""increases_risk_of"", ""object"": ""cardiovascular mortality""}, {""subject"": ""PM2.5"", ""relation"": ""increases_risk_of"", ""object"": ""respiratory mortality""}, {""subject"": ""wildfire smoke"", ""relation"": ""increases_risk_of"", ""object"": ""asthma hospitalisations""}, {""subject"": ""wildfire smoke"", ""relation"": ""increases_risk_of"", ""object"": ""COPD hospitalisations""}, {""subject"": ""wildfire smoke"", ""relation"": ""increases_risk_of"", ""object"": ""psychological disorders""}, {""subject"": ""wildfire smoke"", ""relation"": ""increases_risk_of"", ""object"": ""adverse birth outcomes""}, {""subject"": ""wildfire event"", ""relation"": ""causes"", ""object"": ""direct injuries and fatalities""}]","[""Long-term and lasting effects of bushfire smoke unknown"", ""Which subgroups most vulnerable to smoke unclear"", ""Health effects of bushfire PM differ from other sources unclear"", ""Effectiveness of masks in vulnerable populations uncertain""]",Australian 2019 bushfires caused unprecedented PM2.5 levels estimated to increase all-cause mortality by 5.6% and respiratory mortality by 6.1%.,high,success
W3042864361,True,"[""other""]","[""mental_health""]","[""general"", ""children"", ""indigenous"", ""outdoor_workers"", ""other""]",systematic_review,"[""United States"", ""Canada"", ""Greenland""]",global,explicit,[],"[""inadequate mental health infrastructure"", ""limited culturally relevant care"", ""disparities in healthcare access"", ""overburdened mental health system"", ""low socioeconomic status""]","[{""subject"": ""wildfire event"", ""relation"": ""increases_risk_of"", ""object"": ""ecological grief""}, {""subject"": ""wildfire event"", ""relation"": ""increases_risk_of"", ""object"": ""ecological anxiety""}, {""subject"": ""climate change"", ""relation"": ""increases_risk_of"", ""object"": ""depression""}, {""subject"": ""climate change"", ""relation"": ""increases_risk_of"", ""object"": ""anxiety""}, {""subject"": ""climate change"", ""relation"": ""increases_risk_of"", ""object"": ""post-traumatic stress disorder""}, {""subject"": ""climate change"", ""relation"": ""increases_risk_of"", ""object"": ""suicidal ideation""}]","[""Ecological grief and anxiety not fully understood"", ""Limited research on mental health effects of climate-related hazards"", ""Need for scalable techniques for health professionals""]","Ecological grief and anxiety are reasonable responses to climate-related losses; urgent support needed across clinical, family, and policy levels.",high,success
W3163385921,True,"[""wildfire_smoke"", ""PM2.5"", ""other""]","[""respiratory"", ""reproductive"", ""neurological"", ""mortality"", ""other""]","[""children"", ""pregnant""]",systematic_review,"[""United States""]",national,explicit,"[""oxidative stress"", ""chronic inflammation"", ""endocrine disruption"", ""epigenetic modifications""]","[""exposure inequities"", ""proximity to traffic"", ""socioeconomic disparities in policy implementation""]","[{""subject"": ""wildfire smoke"", ""relation"": ""causes"", ""object"": ""PM2.5""}, {""subject"": ""PM2.5"", ""relation"": ""causes"", ""object"": ""oxidative stress""}, {""subject"": ""PM2.5"", ""relation"": ""causes"", ""object"": ""chronic inflammation""}, {""subject"": ""PM2.5"", ""relation"": ""causes"", ""object"": ""endocrine disruption""}, {""subject"": ""wildfire smoke"", ""relation"": ""increases_risk_of"", ""object"": ""asthma incidence""}, {""subject"": ""wildfire smoke"", ""relation"": ""increases_risk_of"", ""object"": ""reduced lung function development""}, {""subject"": ""wildfire smoke"", ""relation"": ""increases_risk_of"", ""object"": ""preterm birth""}, {""subject"": ""wildfire smoke"", ""relation"": ""increases_risk_of"", ""object"": ""low birth weight""}, {""subject"": ""wildfire smoke"", ""relation"": ""increases_risk_of"", ""object"": ""neurodevelopmental disorders""}]",[],"Ambient air pollution from multiple sources including forest fires causes respiratory, reproductive, and neurodevelopmental harm in children through oxidative stress and inflammation mechanisms.",medium,success
W3037570074,True,"[""wildfire_smoke"", ""PM2.5"", ""fire_weather"", ""other""]","[""respiratory""]","[""general"", ""children"", ""other""]",systematic_review,[],global,explicit,"[""airway inflammation"", ""increased allergenicity"", ""oxidative stress"", ""aeroallergen production escalation"", ""pollen and mold proliferation""]","[""urban residence"", ""environmental migration exposure"", ""limited adaptive capacity""]","[{""subject"": ""wildfire smoke"", ""relation"": ""causes"", ""object"": ""PM2.5""}, {""subject"": ""PM2.5"", ""relation"": ""increases_risk_of"", ""object"": ""allergic respiratory disease""}, {""subject"": ""wildfire event"", ""relation"": ""increases_risk_of"", ""object"": ""air pollution""}, {""subject"": ""air pollution"", ""relation"": ""exacerbates"", ""object"": ""allergic airway disease""}, {""subject"": ""wildfire event"", ""relation"": ""is_associated_with"", ""object"": ""aeroallergen distribution changes""}, {""subject"": ""climate change"", ""relation"": ""causes"", ""object"": ""increased pollen production""}, {""subject"": ""extreme heat"", ""relation"": ""exacerbates"", ""object"": ""allergic respiratory disease""}]","[""Complex interactive mechanisms between climate change and allergies need further study"", ""Unexpected and persistent effects of climate change on allergic diseases unclear""]","Climate change and air pollution interact synergistically to increase allergic respiratory disease risk, particularly in children and urban populations.",medium,success
W3016008450,True,"[""other""]","[""mental_health"", ""other""]","[""outdoor_workers""]",qualitative,"[""United States""]",local,none,[],"[""occupational hazard exposure"", ""job security uncertainty"", ""limited personal protective equipment"", ""policy overload"", ""work-life balance disruption"", ""healthcare system inadequacy""]",[],"[""feasible methods to assess healthcare worker fatigue"", ""integration of wearable sensors with current workflows"", ""pandemic-specific triage policy standards"", ""coordinated guidelines across medical specialties""]","COVID-19 pandemic caused significant occupational burnout in ICU workers due to inadequate PPE, process inefficiencies, and job insecurity; organizational resilience and proactive leadership mitigated stress.",medium,success
W3148981523,True,"[""wildfire_smoke"", ""PM2.5"", ""heat_stress""]","[""respiratory"", ""cardiovascular"", ""mental_health""]","[""general""]",other,"[""Chile""]",national,implicit,"[""airway inflammation"", ""cardiovascular stress""]","[""limited healthcare access"", ""inadequate health education"", ""weak policy coordination""]","[{""subject"": ""wildfire smoke"", ""relation"": ""causes"", ""object"": ""PM2.5""}, {""subject"": ""PM2.5"", ""relation"": ""increases_risk_of"", ""object"": ""respiratory disease""}, {""subject"": ""PM2.5"", ""relation"": ""increases_risk_of"", ""object"": ""cardiovascular disease""}, {""subject"": ""wildfire event"", ""relation"": ""increases_risk_of"", ""object"": ""mental_health impacts""}, {""subject"": ""heat_stress"", ""relation"": ""increases_risk_of"", ""object"": ""cardiovascular disease""}]","[""need for multidisciplinary mitigation and adaptation policies"", ""need for improved health education on climate health impacts"", ""need for greater academic engagement in policy evidence generation"", ""need for better coordination between government levels""]","Climate change including wildfires and PM2.5 in Chile increases cardiovascular, respiratory, and mental health risks; urgent multidisciplinary action needed.",medium,success
W4388703646,True,"[""wildfire_smoke"", ""heat_stress"", ""fire_weather"", ""other""]","[""respiratory"", ""cardiovascular"", ""mental_health"", ""mortality"", ""other""]","[""general"", ""indigenous"", ""other""]",other,"[""Australia""]",national,explicit,[],"[""limited healthcare access"", ""inadequate climate adaptation policy"", ""political barriers to climate response"", ""exclusion from adaptation planning""]","[{""subject"": ""wildfire event"", ""relation"": ""increases_risk_of"", ""object"": ""adverse health outcomes""}, {""subject"": ""wildfire event"", ""relation"": ""causes"", ""object"": ""health impacts on Australians""}, {""subject"": ""heat_stress"", ""relation"": ""increases_risk_of"", ""object"": ""adverse health outcomes""}]","[""Adaptation plans lack concrete implementation actions"", ""Indigenous Australians excluded from adaptation efforts"", ""Inadequate government response to climate crisis""]",Climate change extremes significantly impact Australian health; adaptation strategies exist but require comprehensive implementation and inclusion of Indigenous populations.,medium,success
W2560359191,True,"[""wildfire_smoke"", ""PM2.5""]","[""respiratory""]","[""elderly""]",modelling,"[""United States""]",regional,explicit,[],[],"[{""subject"": ""wildfire smoke"", ""relation"": ""causes"", ""object"": ""PM2.5""}, {""subject"": ""PM2.5"", ""relation"": ""increases_risk_of"", ""object"": ""respiratory hospital admissions""}, {""subject"": ""wildfire event"", ""relation"": ""is_associated_with"", ""object"": ""intense wildfire smoke days""}]","[""Health impacts of wildfire smoke under climate change largely unknown""]",Climate change projected to cause 178 additional respiratory hospital admissions in Western US elderly from wildfire smoke by 2050.,high,success
W2006349423,True,"[""wildfire_smoke""]","[""respiratory"", ""cardiovascular"", ""other""]","[""general"", ""children"", ""elderly"", ""other""]",qualitative,"[""United States""]",national,explicit,"[""airway damage"", ""respiratory system vulnerability""]","[""chronic illness prevalence"", ""age-related vulnerability""]","[{""subject"": ""wildfire smoke"", ""relation"": ""causes"", ""object"": ""adverse health effects""}, {""subject"": ""wildfire smoke"", ""relation"": ""increases_risk_of"", ""object"": ""respiratory effects in children""}, {""subject"": ""wildfire smoke"", ""relation"": ""increases_risk_of"", ""object"": ""respiratory effects in elderly""}, {""subject"": ""wildfire smoke"", ""relation"": ""increases_risk_of"", ""object"": ""health effects in people with chronic illness""}]","[""Limited health research on smoke from large-scale fires"", ""Incomplete identification of toxic smoke substances"", ""Unclear vulnerable pathways and body systems affected""]","Nearly half the US population with chronic illness, children, and elderly are vulnerable to adverse health effects from wildfire smoke exposure.",medium,success
W3170823246,True,"[""other""]","[""respiratory"", ""cardiovascular"", ""mental_health"", ""mortality"", ""reproductive"", ""neurological"", ""other""]","[""general"", ""children"", ""elderly"", ""other""]",systematic_review,[],global,implicit,[],"[""climate-related adaptation needs"", ""mitigation strategy gaps""]","[{""subject"": ""climate change"", ""relation"": ""is_associated_with"", ""object"": ""worse human health""}]","[""Possible missed relevant reviews"", ""No meta-meta-analyses conducted"", ""No assessment of review overlap"", ""Explanations for climate-health associations unclear"", ""Broader sociopsychological impacts underexplored""]",Systematic reviews consistently associate climate change with adverse human health outcomes across multiple domains.,medium,success
W2606047346,False,"[""wildfire_smoke"", ""direct_fire"", ""fire_weather""]",[],[],other,"[""United States"", ""Canada""]",regional,none,[],[],[],"[""How ecosystems will respond to increased burning"", ""How ecosystems will respond to increased warming""]",Adaptive resilience policies promoting fire-adapted communities and ecosystems are needed to address increasing western North American wildfires.,medium,success
W2994999068,True,"[""wildfire_smoke"", ""PM2.5""]","[""respiratory""]","[""general"", ""children""]",other,"[""United States""]",local,explicit,"[""airway inflammation"", ""respiratory tract irritation""]","[""age-related vulnerability"", ""geographic proximity to fire""]","[{""subject"": ""wildfire smoke"", ""relation"": ""causes"", ""object"": ""PM2.5""}, {""subject"": ""PM2.5"", ""relation"": ""increases_risk_of"", ""object"": ""pediatric respiratory visits""}, {""subject"": ""wildfire event"", ""relation"": ""is_associated_with"", ""object"": ""increased healthcare utilization""}]","[""limited evidence of wildfire smoke health effects in pediatric populations""]","Lilac Fire caused 16 excess daily respiratory visits at pediatric emergency department, with younger children most affected.",high,success
W4382501359,True,"[""fire_weather"", ""heat_stress"", ""other""]","[""mortality"", ""other""]","[""elderly""]",qualitative,"[""United States""]",national,explicit,[],"[""forced relocation"", ""limited emergency services access"", ""poor housing quality"", ""transportation barriers""]","[{""subject"": ""wildfire event"", ""relation"": ""increases_risk_of"", ""object"": ""mortality in older adults""}, {""subject"": ""wildfire event"", ""relation"": ""is_associated_with"", ""object"": ""forced relocation""}]","[""Regional collaboration mechanisms for climate adaptation"", ""Private sector engagement in older adult resilience""]","Only 19 U.S. states have climate adaptation plans; 18 address older adult health risks through communications, transportation, housing, and emergency services strategies.",high,success
W3017174959,False,[],[],[],other,[],not_specified,none,[],[],[],"[""Study fire across temporal scales"", ""Assess mechanisms underlying ecological feedbacks"", ""Improve fire representation in modelling""]","Fire is a fundamental ecological and evolutionary force regulating organisms, populations, communities, and ecosystem function across multiple scales.",medium,success
W4283641177,False,"[""fire_weather"", ""heat_stress"", ""direct_fire"", ""other""]",[],[],systematic_review,"[""United States"", ""North Atlantic""]",global,none,[],[],"[{""subject"": ""climate change"", ""relation"": ""increases_risk_of"", ""object"": ""heat extremes""}, {""subject"": ""climate change"", ""relation"": ""increases_risk_of"", ""object"": ""tropical cyclone rainfall""}, {""subject"": ""heat extremes"", ""relation"": ""causes"", ""object"": ""mortality""}]","[""Limited impact data availability in lower-income countries"", ""Incomplete coverage of attribution studies across event types"", ""Need to separate climate and non-climate impact drivers""]","Climate change increases heat extremes and tropical cyclone rainfall, causing tens of thousands of deaths; gaps remain in global impact attribution.",medium,success
W1952843992,True,"[""wildfire_smoke"", ""PM2.5"", ""fire_weather"", ""heat_stress"", ""other""]","[""respiratory"", ""cardiovascular"", ""mortality"", ""other""]","[""general"", ""children"", ""elderly"", ""other""]",systematic_review,[],global,implicit,"[""airway inflammation"", ""allergen sensitization"", ""oxidative stress"", ""pollen season extension""]","[""economic growth and industrialization"", ""developing country vulnerability"", ""air quality disparities"", ""limited climate adaptation capacity""]","[{""subject"": ""wildfire smoke"", ""relation"": ""causes"", ""object"": ""PM2.5""}, {""subject"": ""PM2.5"", ""relation"": ""increases_risk_of"", ""object"": ""respiratory disease exacerbation""}, {""subject"": ""wildfire event"", ""relation"": ""is_associated_with"", ""object"": ""acute respiratory morbidity""}, {""subject"": ""wildfire event"", ""relation"": ""is_associated_with"", ""object"": ""asthma exacerbations""}, {""subject"": ""fire_weather"", ""relation"": ""causes"", ""object"": ""heat waves""}, {""subject"": ""fire_weather"", ""relation"": ""increases_risk_of"", ""object"": ""respiratory infection""}]","[""Effects of climate change on respiratory allergy not well defined"", ""More studies on climate-temperature-allergen relationships needed""]","Climate change and wildfires increase asthma morbidity and mortality through multiple mechanisms including air pollution, heat exposure, and allergen distribution shifts.",high,success
W3120122943,False,"[""fire_weather""]",[],[],modelling,"[""Australia""]",regional,none,[],[],"[{""subject"": ""wildfire event"", ""relation"": ""is_associated_with"", ""object"": ""climate change""}, {""subject"": ""wildfire event"", ""relation"": ""is_associated_with"", ""object"": ""climate variability""}, {""subject"": ""climate extremes"", ""relation"": ""causes"", ""object"": ""extreme pyroconvective events""}, {""subject"": ""dry fuel loads"", ""relation"": ""increases_risk_of"", ""object"": ""large forest fires""}]","[""Long-term projections of fire risk under future climate scenarios""]","Climate change and variability interactions created unprecedented 2019/20 Black Summer bushfires in southeast Australia, with fire danger indicators now exceeding historical ranges.",high,success
W3000989483,False,"[""wildfire_smoke"", ""fire_weather""]",[],[],modelling,"[""United States""]",regional,none,[],[],"[{""subject"": ""wildfire event"", ""relation"": ""is_associated_with"", ""object"": ""warm and dry conditions""}, {""subject"": ""wildfire event"", ""relation"": ""causes"", ""object"": ""forest composition changes""}, {""subject"": ""wildfire event"", ""relation"": ""exacerbates"", ""object"": ""drought and insect outbreak interactions""}, {""subject"": ""climate change"", ""relation"": ""causes"", ""object"": ""lower fuel moisture""}, {""subject"": ""climate change"", ""relation"": ""causes"", ""object"": ""longer fire seasons""}, {""subject"": ""climate change"", ""relation"": ""increases_risk_of"", ""object"": ""fire frequency and extent""}]","[""Future research needs in post-fire ecological processes"", ""Long-term effects of reburns on species composition""]",Warming climate will increase wildfire frequency and extent in Pacific Northwest forests through lower fuel moisture and longer fire seasons.,high,success
W4200016354,True,"[""wildfire_smoke"", ""heat_stress"", ""fire_weather"", ""displacement""]","[""respiratory"", ""cardiovascular"", ""mental_health"", ""mortality"", ""other""]","[""elderly"", ""indigenous"", ""low_income"", ""children"", ""racial_minorities"", ""other""]",qualitative,[],global,explicit,"[""thermoregulation impairment"", ""oxidative stress from air pollutants"", ""heat-related mortality""]","[""lack of healthcare access"", ""poverty"", ""inadequate housing"", ""limited early warning systems"", ""discriminatory attitudes"", ""lack of accessible transportation"", ""poor education access"", ""employment barriers""]","[{""subject"": ""wildfire event"", ""relation"": ""causes"", ""object"": ""wildfire smoke exposure""}, {""subject"": ""wildfire smoke"", ""relation"": ""causes"", ""object"": ""PM2.5""}, {""subject"": ""PM2.5"", ""relation"": ""increases_risk_of"", ""object"": ""respiratory disease""}, {""subject"": ""wildfire event"", ""relation"": ""causes"", ""object"": ""heat stress""}, {""subject"": ""heat stress"", ""relation"": ""increases_risk_of"", ""object"": ""mortality in people with disabilities""}, {""subject"": ""wildfire event"", ""relation"": ""causes"", ""object"": ""displacement""}, {""subject"": ""displacement"", ""relation"": ""is_associated_with"", ""object"": ""healthcare access""}, {""subject"": ""wildfire event"", ""relation"": ""increases_risk_of"", ""object"": ""mental health disorders""}]","[""Effect of climate mitigation on disability health outcomes"", ""Medication effects on thermoregulation at high temperatures"", ""Targeted disability-inclusive climate adaptation approaches"", ""Health disparities in low-income and middle-income countries""]","Climate change disproportionately threatens the right to health of people with disabilities through elevated temperatures, air pollutants, and extreme weather, with mortality rates four times higher in disasters.",medium,success
W2950627632,False,[],[],[],other,[],not_specified,none,[],[],[],[],"Power laws and Pareto distributions describe phenomena with no typical scale, unlike normal distributions.",low,success
W4362641151,True,"[""wildfire_smoke"", ""PM2.5""]","[""respiratory"", ""mental_health"", ""other""]","[""low_income"", ""general""]",qualitative,"[""United States""]",local,explicit,[],"[""low socioeconomic status"", ""limited healthcare resources"", ""air pollution burden"", ""residential location vulnerability""]","[{""subject"": ""wildfire smoke"", ""relation"": ""causes"", ""object"": ""physical health problems""}, {""subject"": ""wildfire smoke"", ""relation"": ""causes"", ""object"": ""mental health problems""}, {""subject"": ""wildfire smoke"", ""relation"": ""increases_risk_of"", ""object"": ""respiratory symptoms""}, {""subject"": ""adaptive behaviors"", ""relation"": ""protects_against"", ""object"": ""health symptom severity""}]","[""Limited knowledge of low-income adaptation resources to air pollution""]",Low-income urban residents in Los Angeles adapt to wildfire smoke exposure with limited resources; 82.5% report health impacts but adaptive behaviors mitigate symptom severity.,high,success
W2820771618,True,"[""wildfire_smoke"", ""PM2.5""]","[""respiratory""]","[""children"", ""low_income""]",case_crossover,"[""United States""]",local,explicit,"[""airway inflammation""]","[""low socioeconomic status"", ""limited healthcare access""]","[{""subject"": ""wildfire smoke"", ""relation"": ""causes"", ""object"": ""PM2.5""}, {""subject"": ""PM2.5"", ""relation"": ""increases_risk_of"", ""object"": ""respiratory diagnoses""}, {""subject"": ""PM2.5"", ""relation"": ""increases_risk_of"", ""object"": ""asthma exacerbations""}, {""subject"": ""wildfire smoke"", ""relation"": ""increases_risk_of"", ""object"": ""emergency department presentations""}, {""subject"": ""wildfire smoke"", ""relation"": ""increases_risk_of"", ""object"": ""inpatient hospitalizations""}]","[""mechanisms of prolonged health impacts beyond exposure period""]","Respiratory diagnoses, especially asthma, were elevated during wildfires in Medi-Cal beneficiaries with persistent healthcare utilization.",high,success
W2792010672,False,"[""wildfire_smoke"", ""direct_fire""]",[],[],systematic_review,[],global,none,[],[],[],"[""No agreed terminology for extreme wildfires"", ""Lack of consistent gravity scale for wildfires""]","Proposes definition and seven-category classification system for extreme wildfire events based on fire spread, behavior, and suppression difficulty.",high,success
W4396946025,False,[],[],[],systematic_review,[],global,none,[],[],[],[],Systematic analysis of 88 risk factors across 204 countries and 811 subnational locations from 1990–2021.,low,success
W2947150510,False,"[""wildfire_smoke"", ""direct_fire"", ""fire_weather""]",[],[],other,"[""Canada""]",global,none,[],[],"[{""subject"": ""wildfire event"", ""relation"": ""is_associated_with"", ""object"": ""climate change""}, {""subject"": ""wildfire event"", ""relation"": ""is_associated_with"", ""object"": ""biodiversity loss""}, {""subject"": ""wildfire event"", ""relation"": ""is_associated_with"", ""object"": ""freshwater availability impacts""}]","[""Future health impacts of wildfires poorly characterized"", ""Wildfire suppression and management challenges in warming climate""]","Anthropogenic activities will increase wildfire severity and frequency in Canada and globally, requiring societal adaptation strategies.",medium,success
W2104834906,False,"[""fire_weather""]",[],[],systematic_review,[],not_specified,none,[],[],[],[],"Panel methods reveal diverse economic impacts of temperature, precipitation, and windstorms across multiple sectors and regions.",low,success
W2560541141,True,"[""wildfire_smoke""]","[""respiratory"", ""cardiovascular"", ""other""]","[""general""]",systematic_review,[],not_specified,none,"[""airway inflammation"", ""oxidative stress"", ""systemic inflammation""]","[""environmental regulation"", ""public health policy"", ""fire management practice""]","[{""subject"": ""wildfire smoke"", ""relation"": ""causes"", ""object"": ""PM2.5 emissions""}, {""subject"": ""wildfire smoke"", ""relation"": ""causes"", ""object"": ""respiratory health effects""}, {""subject"": ""wildfire smoke"", ""relation"": ""causes"", ""object"": ""cardiovascular health effects""}, {""subject"": ""prescribed fire smoke"", ""relation"": ""is_associated_with"", ""object"": ""different health impacts than wildfire smoke""}]","[""comparative health effects of wild versus prescribed fire smoke"", ""longer term smoke regime exposure pathways"", ""health trade-offs of prescribed versus wildfire smoke regimes"", ""dispersion patterns to large populations"", ""interactions between combustion conditions and health outcomes""]",Knowledge gaps exist regarding comparative health effects of wildfire versus prescribed fire smoke and long-term population exposure regimes.,medium,success
W3210469621,False,"[""fire_weather""]",[],[],modelling,"[""United States""]",regional,none,[],[],"[{""subject"": ""climate change"", ""relation"": ""increases_risk_of"", ""object"": ""forest fire area""}, {""subject"": ""forest fire"", ""relation"": ""causes"", ""object"": ""fuel reduction""}, {""subject"": ""fuel reduction"", ""relation"": ""is_associated_with"", ""object"": ""fire-fuel feedbacks""}]",[],Climate-driven forest fire area doubling by 2050 in western US despite fuel constraints from fire-fuel feedbacks.,high,success
W2416278194,True,"[""wildfire_smoke"", ""PM2.5""]","[""respiratory"", ""cardiovascular""]","[""general""]",case_crossover,"[""United States""]",local,none,"[""airway inflammation""]",[],"[{""subject"": ""wildfire smoke"", ""relation"": ""causes"", ""object"": ""PM2.5""}, {""subject"": ""PM2.5"", ""relation"": ""increases_risk_of"", ""object"": ""respiratory disease""}, {""subject"": ""PM2.5"", ""relation"": ""increases_risk_of"", ""object"": ""emergency department visits""}]",[],Wildfire PM2.5 is significantly associated with respiratory and cardiovascular emergency department visits in Colorado.,medium,success
W3012174158,False,"[""fire_weather""]",[],[],modelling,"[""Australia""]",regional,none,[],[],"[{""subject"": ""anthropogenic climate change"", ""relation"": ""increases_risk_of"", ""object"": ""extreme temperature""}, {""subject"": ""extreme temperature"", ""relation"": ""causes"", ""object"": ""high Fire Weather Index""}, {""subject"": ""high Fire Weather Index"", ""relation"": ""increases_risk_of"", ""object"": ""bushfire risk""}]","[""Current climate models overestimate variability in heat extremes"", ""Models underestimate long-term trend in extreme heat"", ""Limited attribution to extreme drought trends""]","Anthropogenic climate change increased Australian bushfire weather risk by at least 30%, driven mainly by temperature extremes.",high,success
W2969561863,True,"[""wildfire_smoke"", ""fire_weather"", ""other""]","[""respiratory"", ""other""]","[""children""]",qualitative,[],not_specified,explicit,[],"[""school environment safety"", ""climate change adaptation"", ""health system resilience"", ""social justice""]","[{""subject"": ""wildfire event"", ""relation"": ""increases_risk_of"", ""object"": ""unsafe school environments""}]",[],Climate change including wildfires threatens children's health and safety in schools; nurses support resilient adaptation.,low,success
W3137409146,True,"[""wildfire_smoke"", ""heat_stress"", ""fire_weather"", ""other""]","[""respiratory"", ""cardiovascular"", ""mortality"", ""other""]","[""outdoor_workers""]",systematic_review,[],global,explicit,"[""dehydration"", ""increased respiration rate"", ""kidney disease""]","[""high physical demand work"", ""personal protective clothing burden"", ""occupational exposure""]","[{""subject"": ""wildfire_smoke"", ""relation"": ""causes"", ""object"": ""occupational exposure to air pollutants""}, {""subject"": ""wildfire_smoke"", ""relation"": ""increases_risk_of"", ""object"": ""respiratory outcomes in firefighters""}, {""subject"": ""wildfire_event"", ""relation"": ""causes"", ""object"": ""heat_stress""}, {""subject"": ""wildfire_event"", ""relation"": ""increases_risk_of"", ""object"": ""mortality in outdoor workers""}, {""subject"": ""heat_stress"", ""relation"": ""causes"", ""object"": ""dehydration""}, {""subject"": ""heat_stress"", ""relation"": ""increases_risk_of"", ""object"": ""kidney disease""}]","[""Workplace adaptations for wildfire smoke exposure unclear""]","Climate change increases occupational health risks for outdoor workers through wildfires, extreme heat, and air pollutants.",medium,success
W2998885371,True,"[""wildfire_smoke""]","[""mortality""]","[""general""]",case_crossover,"[""United States""]",regional,none,[],[],"[{""subject"": ""wildfire smoke"", ""relation"": ""increases_risk_of"", ""object"": ""mortality""}]",[],Wildfire smoke exposure is associated with increased odds of mortality in the first few days following exposure.,medium,success
W4385123314,False,[],[],[],other,[],global,none,[],[],[],[],IPCC AR6 Synthesis Report provides policy-relevant summary of climate change findings approved by governments.,low,success
W2789564049,True,"[""wildfire_smoke"", ""PM2.5""]","[""respiratory"", ""cardiovascular"", ""mental_health""]","[""general"", ""indigenous""]",other,"[""Canada""]",regional,explicit,"[""airway inflammation"", ""bronchial responsiveness""]","[""evacuation stress"", ""isolation"", ""limited risk communication"", ""livelihood disruption"", ""land-based activity disruption""]","[{""subject"": ""wildfire smoke"", ""relation"": ""causes"", ""object"": ""PM2.5 elevation""}, {""subject"": ""PM2.5"", ""relation"": ""increases_risk_of"", ""object"": ""asthma exacerbation""}, {""subject"": ""PM2.5"", ""relation"": ""increases_risk_of"", ""object"": ""pneumonia""}, {""subject"": ""wildfire smoke"", ""relation"": ""causes"", ""object"": ""prolonged indoor confinement""}, {""subject"": ""wildfire event"", ""relation"": ""causes"", ""object"": ""evacuation and isolation""}, {""subject"": ""evacuation and isolation"", ""relation"": ""increases_risk_of"", ""object"": ""mental health distress""}, {""subject"": ""wildfire event"", ""relation"": ""causes"", ""object"": ""livelihood disruption""}, {""subject"": ""livelihood disruption"", ""relation"": ""increases_risk_of"", ""object"": ""mental health distress""}]","[""improved risk communication and coordination strategies"", ""community-based adaptation initiatives""]","Prolonged wildfire smoke elevated PM2.5 and emergency respiratory visits; evacuation, isolation, and livelihood disruption negatively affected mental wellbeing.",high,success
W2117456634,False,"[""fire_weather""]",[],[],modelling,[],not_specified,none,[],[],"[{""subject"": ""invasive alien plants"", ""relation"": ""causes"", ""object"": ""altered fuel properties""}, {""subject"": ""altered fuel properties"", ""relation"": ""causes"", ""object"": ""changed fire behavior""}, {""subject"": ""changed fire behavior"", ""relation"": ""causes"", ""object"": ""altered fire regime characteristics""}]","[""interactions between plant invaders and fire regimes"", ""restoration strategies for altered fire regimes""]","Plant invasions alter fuel properties, changing fire regimes and potentially establishing invasive-fire cycles that complicate ecosystem restoration.",medium,success
W4401728510,False,"[""wildfire_smoke""]",[],[],other,"[""Canada""]",national,none,[],[],"[{""subject"": ""wildfire event"", ""relation"": ""causes"", ""object"": ""wildfire smoke""}, {""subject"": ""wildfire event"", ""relation"": ""causes"", ""object"": ""community evacuation""}, {""subject"": ""wildfire smoke"", ""relation"": ""causes"", ""object"": ""hazardous air quality""}, {""subject"": ""anthropogenic climate change"", ""relation"": ""increases_risk_of"", ""object"": ""extreme fire weather""}]",[],"Record 2023 Canadian wildfire season burned 15 Mha due to drought, early snowmelt, and anthropogenic climate change.",medium,success
W2094843946,True,"[""other""]","[""respiratory"", ""other""]","[""children"", ""pregnant"", ""other""]",systematic_review,[],global,explicit,"[""airway inflammation"", ""particulate deposition""]","[""solid fuel use"", ""traditional cooking stoves"", ""low socioeconomic status"", ""limited healthcare access""]","[{""subject"": ""indoor air pollution"", ""relation"": ""causes"", ""object"": ""respiratory health impairment""}, {""subject"": ""indoor air pollution"", ""relation"": ""is_associated_with"", ""object"": ""reduced economic well-being""}, {""subject"": ""solid fuel use"", ""relation"": ""causes"", ""object"": ""indoor air pollution""}, {""subject"": ""traditional cooking stoves"", ""relation"": ""causes"", ""object"": ""indoor air pollution""}]","[""Social science attention to indoor air pollution reduction strategies"", ""Testing effectiveness of policy interventions to reduce household IAP""]","Indoor air pollution from solid fuel and traditional cooking stoves causes 2.7% of global DALYs, disproportionately affecting women and children.",medium,success
W2142398490,False,[],[],[],other,[],not_specified,none,[],[],[],[],Framework for assessing genetic benefits and risks of species translocations in conservation and ecological restoration.,medium,success
W2105414963,False,[],[],[],other,[],global,none,[],[],[],[],Framework identifies nine planetary boundaries defining safe operating space for human civilization.,low,success
W3157248347,False,[],[],[],other,[],global,none,[],[],[],"[""Holistic framework for assessing complex climate change risks not yet achieved"", ""Clarity needed on interactions generating risk""]",A framework for assessing complex climate change risks recognizing interactions among multiple drivers and cascading impacts.,low,success
W4388850659,True,"[""wildfire_smoke"", ""PM2.5""]","[""respiratory"", ""cardiovascular"", ""mortality"", ""other""]","[""general"", ""children"", ""elderly"", ""pregnant"", ""outdoor_workers"", ""rural"", ""low_income"", ""other""]",systematic_review,"[""United States"", ""Canada""]",global,explicit,"[""inflammation activation"", ""oxidative stress pathways"", ""alveolar-capillary translocation"", ""deep lung penetration"", ""systemic inflammation""]","[""occupational exposure"", ""housing quality constraints"", ""low educational attainment"", ""lack of resources"", ""limited healthcare access"", ""rural location"", ""lack of air quality monitoring"", ""inability to relocate""]","[{""subject"": ""wildfire smoke"", ""relation"": ""causes"", ""object"": ""PM2.5 exposure""}, {""subject"": ""PM2.5"", ""relation"": ""causes"", ""object"": ""inflammation activation""}, {""subject"": ""PM2.5"", ""relation"": ""causes"", ""object"": ""oxidative stress""}, {""subject"": ""PM2.5"", ""relation"": ""increases_risk_of"", ""object"": ""respiratory infections""}, {""subject"": ""PM2.5"", ""relation"": ""increases_risk_of"", ""object"": ""asthma exacerbation""}, {""subject"": ""PM2.5"", ""relation"": ""increases_risk_of"", ""object"": ""COPD exacerbation""}, {""subject"": ""PM2.5"", ""relation"": ""increases_risk_of"", ""object"": ""cardiovascular disease""}, {""subject"": ""PM2.5"", ""relation"": ""increases_risk_of"", ""object"": ""all-cause mortality""}, {""subject"": ""wildfire smoke"", ""relation"": ""increases_risk_of"", ""object"": ""healthcare utilization""}]","[""Impact of long-term or repeated WFS exposure unclear"", ""Delayed health effects from WFS not well characterized"", ""Role of WFS in asthma and COPD pathogenesis unknown"", ""Mechanistic differences by pollutant source composition"", ""No interventions prevent or alleviate biologic impacts""]","Wildfire smoke exposure causes PM2.5-mediated respiratory and cardiovascular health impacts, with amplified effects in vulnerable populations requiring targeted communication and resource allocation.",high,success
W2112162648,True,"[""PM2.5"", ""other""]","[""cardiovascular"", ""other""]",[],systematic_review,[],not_specified,none,"[""oxidative stress"", ""systemic prooxidant effects"", ""proinflammatory effects"", ""redox cycling"", ""HDL dysfunction"", ""Nrf2 pathway activation""]",[],"[{""subject"": ""PM2.5"", ""relation"": ""causes"", ""object"": ""oxidative stress""}, {""subject"": ""PM2.5"", ""relation"": ""increases_risk_of"", ""object"": ""atherosclerosis""}, {""subject"": ""PM2.5"", ""relation"": ""increases_risk_of"", ""object"": ""cardiovascular ischemic events""}, {""subject"": ""ultrafine particles"", ""relation"": ""causes"", ""object"": ""tissue oxidative stress""}, {""subject"": ""ultrafine particles"", ""relation"": ""increases_risk_of"", ""object"": ""early atherosclerosis""}, {""subject"": ""ultrafine particles"", ""relation"": ""causes"", ""object"": ""HDL anti-inflammatory dysfunction""}, {""subject"": ""oxidative stress"", ""relation"": ""mediates"", ""object"": ""atherosclerosis""}]","[""toxicology of ambient particulates unclear"", ""pathogenic mechanisms of cardiovascular effects incompletely understood""]",Ultrafine particles enhance atherosclerosis through oxidative stress and altered HDL function via redox cycling and inflammatory pathways.,high,success
W1981036768,False,[],[],[],other,[],not_specified,none,[],[],[],"[""Limited understanding of fire regimes across temporal scales"", ""Need for multi-scale fire-regime analysis frameworks""]",Paleoecological records reveal fire regimes vary across multiple temporal and spatial scales with climate and vegetation controls.,medium,success
W2805155961,True,"[""fire_weather"", ""other""]","[""mental_health""]","[""general"", ""low_income"", ""racial_minorities"", ""other""]",qualitative,[],global,explicit,[],"[""marginalization"", ""low socioeconomic status"", ""limited healthcare access""]","[{""subject"": ""wildfire event"", ""relation"": ""increases_risk_of"", ""object"": ""mental_health outcomes""}, {""subject"": ""climate change"", ""relation"": ""increases_risk_of"", ""object"": ""mental_health outcomes""}]","[""Attribution of mental health outcomes to specific climate risks"", ""Empirical research on mental health and climate change""]","Climate change accelerates mental health risks, disproportionately affecting marginalized populations; coordinated interventions rooted in hope are needed.",medium,success
W4319733471,True,"[""heat_stress"", ""wildfire_smoke""]","[""mortality"", ""other""]","[""general""]",case_control,"[""United States"", ""Canada""]",regional,implicit,"[""heat-related physiological stress""]",[],"[{""subject"": ""heatwave event"", ""relation"": ""causes"", ""object"": ""mortality""}, {""subject"": ""heatwave event"", ""relation"": ""increases_risk_of"", ""object"": ""wildfires""}, {""subject"": ""wildfire event"", ""relation"": ""causes"", ""object"": ""landslides""}]",[],"June 2021 Pacific Northwest heatwave broke temperature records by 4.6-5°C, causing hundreds of deaths and widespread environmental impacts.",high,success
W2958489179,False,"[""wildfire_smoke"", ""direct_fire"", ""fire_weather""]",[],[],systematic_review,"[""Canada"", ""Mexico"", ""United States""]",regional,none,[],"[""human community adaptations"", ""social values"", ""forest management practices"", ""climate change adaptation""]","[{""subject"": ""wildfire event"", ""relation"": ""causes"", ""object"": ""landscape disruption""}, {""subject"": ""climate change"", ""relation"": ""exacerbates"", ""object"": ""forest vulnerability to wildfires""}, {""subject"": ""fire suppression"", ""relation"": ""is_associated_with"", ""object"": ""forest resilience""}]","[""How to scale resilience management across diverse ecoregions"", ""Integration of social and ecological resilience frameworks""]","Western North American forest resilience to wildfires depends on climate, management history, and landscape structure across multiple scales.",medium,success
W3123355927,False,"[""PM2.5""]",[],"[""outdoor_workers""]",time_series,"[""China""]",local,none,[],[],[],[],Higher air pollution levels decrease worker productivity in call center workers in China.,medium,success
W2114324571,True,"[""wildfire_smoke"", ""PM2.5"", ""other""]","[""respiratory"", ""cardiovascular"", ""mortality"", ""other""]","[""general""]",systematic_review,[],global,none,"[""oxidative stress"", ""airway inflammation"", ""systemic inflammation""]",[],"[{""subject"": ""wildfire event"", ""relation"": ""causes"", ""object"": ""nitrogen oxide emissions""}, {""subject"": ""wildfire event"", ""relation"": ""causes"", ""object"": ""PM2.5""}, {""subject"": ""PM2.5"", ""relation"": ""causes"", ""object"": ""premature death""}, {""subject"": ""PM2.5"", ""relation"": ""causes"", ""object"": ""respiratory health effects""}, {""subject"": ""climate change"", ""relation"": ""exacerbates"", ""object"": ""wildfire regimes""}, {""subject"": ""climate change"", ""relation"": ""exacerbates"", ""object"": ""nitrogen-related air pollution""}]","[""Quantify health impacts of climate-wildfire-nitrogen interactions"", ""Understand regional variation in N-pollutant health effects""]","Climate change is expected to intensify nitrogen-related air pollution through wildfire impacts, with significant human health implications.",medium,success
W2895033904,False,[],[],[],other,[],global,none,[],[],[],"[""Fire refugia not systematically characterized over space and time"", ""Uncertainties regarding fire refugia persistence under global change""]","Fire refugia are unburned landscape elements crucial for postfire ecosystem resilience, but systematic characterization and persistence predictions remain uncertain.",medium,success
W3005860529,True,"[""fire_weather"", ""heat_stress"", ""displacement"", ""other""]","[""other""]","[""general"", ""other""]",qualitative,"[""Tonga""]",local,implicit,[],"[""drinking water security"", ""food security"", ""healthcare worker training"", ""evacuation center resilience"", ""building code enforcement""]","[{""subject"": ""wildfire event"", ""relation"": ""increases_risk_of"", ""object"": ""health system impacts""}, {""subject"": ""wildfire event"", ""relation"": ""is_associated_with"", ""object"": ""displacement""}]","[""Lack of climate and health attributable information"", ""Limited research on management responses""]",Multi-sectoral adaptation planning in Tonga identified wildfire and climate-related health risks requiring cross-sector strategies including water security and healthcare resilience.,medium,success
W3014479337,True,"[""PM2.5"", ""other""]","[""respiratory""]","[""general"", ""other""]",systematic_review,[],global,none,"[""airway inflammation""]","[""limited healthcare access"", ""public policy environment""]","[{""subject"": ""air pollution"", ""relation"": ""increases_risk_of"", ""object"": ""respiratory disease""}, {""subject"": ""physical exertion on high pollution days"", ""relation"": ""exacerbates"", ""object"": ""respiratory health impacts""}, {""subject"": ""near-roadway exposure"", ""relation"": ""increases_risk_of"", ""object"": ""respiratory disease""}, {""subject"": ""cooking with solid fuels"", ""relation"": ""increases_risk_of"", ""object"": ""respiratory disease""}, {""subject"": ""facemask wearing"", ""relation"": ""protects_against"", ""object"": ""air pollution respiratory effects""}, {""subject"": ""portable air cleaners with HEPA filters"", ""relation"": ""protects_against"", ""object"": ""air pollution respiratory effects""}]","[""prospective studies validating personal-level interventions needed"", ""evidence establishing respiratory health benefits lacking""]","Personal strategies including activity limitation, facemasks, air cleaners, and avoiding solid fuel cooking can reduce air pollution respiratory health impacts.",medium,success
W2969580363,True,"[""wildfire_smoke"", ""heat_stress"", ""fire_weather"", ""displacement"", ""other""]","[""respiratory"", ""cardiovascular"", ""mental_health"", ""mortality"", ""reproductive"", ""neurological"", ""other""]","[""general"", ""children"", ""elderly"", ""indigenous"", ""low_income"", ""rural"", ""pregnant"", ""outdoor_workers"", ""racial_minorities"", ""homeless""]",systematic_review,"[""European Union"", ""Europe"", ""United States"", ""South Africa"", ""Brazil""]",global,explicit,"[""airway inflammation"", ""oxidative stress"", ""endothelial dysfunction"", ""heat-related illness""]","[""forced migration"", ""infrastructure damage"", ""limited healthcare access"", ""low socioeconomic status"", ""marginalisation"", ""declining labour productivity"", ""conflict and civil unrest""]","[{""subject"": ""wildfire event"", ""relation"": ""causes"", ""object"": ""wildfire smoke""}, {""subject"": ""wildfire smoke"", ""relation"": ""causes"", ""object"": ""air pollution""}, {""subject"": ""wildfire event"", ""relation"": ""causes"", ""object"": ""respiratory illness""}, {""subject"": ""wildfire event"", ""relation"": ""increases_risk_of"", ""object"": ""heat-related illness""}, {""subject"": ""wildfire event"", ""relation"": ""causes"", ""object"": ""forced migration""}, {""subject"": ""wildfire event"", ""relation"": ""exacerbates"", ""object"": ""mental health consequences""}, {""subject"": ""wildfire event"", ""relation"": ""causes"", ""object"": ""infrastructure damage""}, {""subject"": ""wildfire event"", ""relation"": ""is_associated_with"", ""object"": ""mortality""}]","[""Effectiveness of urban climate adaptation strategies unclear"", ""Efficacy of early warning systems in adaptation unknown"", ""Limited evidence on tipping points and scenarios"", ""Improved surveillance and data linkage needed"", ""Health impact assessment integration incomplete""]","Climate change poses severe direct and indirect health risks including respiratory, cardiovascular, and mental health effects; urgent mitigation and adaptation with health integration required.",medium,success
W4393159767,False,[],[],[],modelling,[],global,none,[],[],[],[],Fire suppression increases wildfire severity and burned area more than fuel accumulation or climate change alone.,medium,success
W2807476580,True,"[""PM2.5"", ""other""]","[""respiratory"", ""reproductive"", ""other""]","[""children"", ""pregnant"", ""general""]",systematic_review,[],global,explicit,"[""airway inflammation"", ""immune response dysregulation"", ""altered lung development"", ""oxidative stress"", ""cellular damage""]",[],"[{""subject"": ""air pollution exposure"", ""relation"": ""causes"", ""object"": ""preterm birth""}, {""subject"": ""air pollution exposure"", ""relation"": ""causes"", ""object"": ""lower birth weight""}, {""subject"": ""air pollution exposure"", ""relation"": ""causes"", ""object"": ""lung developmental defects""}, {""subject"": ""prenatal air pollutant exposure"", ""relation"": ""increases_risk_of"", ""object"": ""respiratory diseases in later life""}, {""subject"": ""perinatal air pollutant exposure"", ""relation"": ""increases_risk_of"", ""object"": ""reduced lung function in childhood""}, {""subject"": ""air pollution exposure"", ""relation"": ""causes"", ""object"": ""altered immune responses""}]","[""Long-term impacts of early exposure unclear"", ""Mechanistic pathways need further research"", ""Indoor air pollution effects understudied""]",Prenatal and perinatal air pollutant exposure causes adverse birth outcomes and increases respiratory disease risk in later life through altered immune and lung development.,medium,success
W2971398159,False,[],[],[],other,[],global,none,[],[],[],[],SER establishes international principles and standards for ecological restoration to sustain biodiversity and ecosystem resilience.,low,success
W2183339174,False,"[""wildfire_smoke""]",[],[],qualitative,[],global,none,[],"[""social inequalities"", ""regional differences""]",[],[],Contextualizing Anthropocene through local governance of social-ecological systems including wildfires enables sustainable transitions.,low,success
W3106852317,False,[],[],[],other,[],not_specified,none,[],[],[],[],Organisations can support recovery and thriving resilience trajectories by providing psychosocial support and developing personal and organisational resources.,low,success
W2899158916,False,"[""wildfire_smoke"", ""direct_fire""]",[],"[""racial_minorities"", ""low_income"", ""indigenous"", ""general""]",cross_sectional,"[""United States""]",national,explicit,[],"[""low socioeconomic status"", ""racial minority status"", ""limited disaster response capacity"", ""geographic distribution of vulnerable communities"", ""poor community preparedness""]","[{""subject"": ""wildfire event"", ""relation"": ""exacerbates"", ""object"": ""disparities for socially vulnerable communities""}, {""subject"": ""wildfire event"", ""relation"": ""increases_risk_of"", ""object"": ""devastating impacts on minority communities""}]","[""Limited understanding of fire vulnerability in minority communities"", ""Need for better identification of underequipped disaster response areas""]","Wildfire vulnerability is unequally distributed across U.S. communities, with majority-minority census tracts experiencing 50% greater vulnerability than other areas.",high,success
W4383823379,True,"[""heat_stress""]","[""mortality""]","[""general"", ""elderly"", ""other""]",time_series,"[""Italy"", ""Spain"", ""Germany"", ""Greece"", ""Portugal"", ""Austria"", ""Belgium"", ""Bulgaria"", ""Croatia"", ""Cyprus"", ""Czech Republic"", ""Denmark"", ""Estonia"", ""Finland"", ""France"", ""Hungary"", ""Ireland"", ""Latvia"", ""Lithuania"", ""Luxembourg"", ""Malta"", ""Netherlands"", ""Poland"", ""Romania"", ""Slovakia"", ""Slovenia"", ""Sweden"", ""United Kingdom""]",regional,implicit,[],"[""age-related vulnerability"", ""sex-based health disparities""]","[{""subject"": ""wildfire event"", ""relation"": ""is_associated_with"", ""object"": ""heat stress""}, {""subject"": ""heat stress"", ""relation"": ""increases_risk_of"", ""object"": ""mortality""}]","[""Need to reevaluate and strengthen heat surveillance platforms"", ""Need to improve prevention plans and adaptation strategies""]","61,672 heat-related deaths occurred in Europe summer 2022, with higher rates in elderly women and young-to-middle-aged men.",high,success
W2579586614,False,[],[],[],systematic_review,"[""Southeast Asia"", ""Philippines"", ""Indonesia""]",regional,none,[],[],[],[],"Southeast Asia faces multiple biodiversity threats including deforestation, mining, hunting, and climate change, with projections of 98% forest loss in some regions.",medium,success
W4391994727,False,[],[],[],systematic_review,[],global,none,[],[],[],"[""Identifying suitable high-throughput screening bioassays"", ""Scaling up bioactive molecule supply"", ""Acquiring adequate plant materials""]","Natural products from plants remain vital sources for drug discovery despite challenges in screening, scaling, and material acquisition.",medium,success
W3015919399,True,"[""wildfire_smoke""]","[""cardiovascular"", ""mortality""]","[""general"", ""elderly"", ""low_income""]",case_crossover,"[""United States""]",regional,explicit,"[""acute cardiac stress"", ""autonomic imbalance""]","[""low socioeconomic status"", ""limited healthcare access""]","[{""subject"": ""wildfire smoke"", ""relation"": ""causes"", ""object"": ""out-of-hospital cardiac arrest""}, {""subject"": ""heavy wildfire smoke"", ""relation"": ""increases_risk_of"", ""object"": ""cardiac arrest in elderly""}, {""subject"": ""low socioeconomic status"", ""relation"": ""exacerbates"", ""object"": ""wildfire smoke cardiac effects""}]","[""cardiovascular effects from wildfire smoke less understood than respiratory"", ""sex and age differences in cardiac risk response unclear""]","Heavy wildfire smoke exposure significantly increases out-of-hospital cardiac arrest risk, particularly in lower socioeconomic status populations.",high,success
W4391787275,False,"[""wildfire_smoke"", ""PM2.5""]",[],"[""indigenous"", ""racial_minorities"", ""general""]",cross_sectional,"[""United States""]",regional,explicit,[],"[""racial/ethnic composition"", ""environmental vulnerability"", ""socioeconomic status""]",[],[],Non-Hispanic American Indian and Alaska Native populations experienced disproportionate long-term wildfire PM2.5 exposure in California 2006-2020.,high,success
W2240610192,True,"[""other""]","[""other""]","[""children""]",systematic_review,"[""developing countries""]",global,explicit,[],"[""limited healthcare access"", ""poverty"", ""malnutrition"", ""disease burden"", ""war exposure""]","[{""subject"": ""early-life health insults"", ""relation"": ""is_associated_with"", ""object"": ""adult health outcomes""}, {""subject"": ""fetal period health"", ""relation"": ""is_associated_with"", ""object"": ""long-term adult outcomes""}, {""subject"": ""childhood disease"", ""relation"": ""is_associated_with"", ""object"": ""adult health status""}, {""subject"": ""malnutrition"", ""relation"": ""is_associated_with"", ""object"": ""adult outcomes""}, {""subject"": ""pollution exposure"", ""relation"": ""is_associated_with"", ""object"": ""adult health""}]","[""measurement challenges due to mortality selection"", ""comparison of mechanisms between rich and developing countries""]","Early-life health significantly determines adult outcomes, with effects amplified in developing countries due to frequent shocks and limited remediation capacity.",medium,success
W1820857587,False,[],[],[],other,"[""Brazil""]",regional,none,[],[],[],[],"Cerrado ecosystems require fire-dependent management policies; fire suppression transforms savanna into forest, causing biodiversity loss.",low,success
W2042226252,False,[],[],[],other,"[""Africa""]",regional,none,[],"[""poverty"", ""debt burden"", ""lack of public health systems"", ""economic stagnation""]",[],[],Africa experienced negative income growth and persistent poverty despite structural adjustment lending over 1980-2000.,low,success
W3158589092,True,"[""fire_weather"", ""other""]","[""other""]","[""general""]",cross_sectional,"[""Ghana"", ""Nigeria"", ""South Africa"", ""Namibia"", ""Ethiopia"", ""Kenya""]",regional,implicit,[],"[""fragile socioeconomic conditions"", ""inadequate health system resources"", ""limited medical equipment access"", ""weak emergency response capacity"", ""insufficient technical support""]","[{""subject"": ""climate change"", ""relation"": ""causes"", ""object"": ""health system burden in Africa""}, {""subject"": ""climate change"", ""relation"": ""is_associated_with"", ""object"": ""health problems in vulnerable populations""}]","[""specific health outcomes not detailed"", ""mechanisms linking climate change to health outcomes unclear"", ""quantitative health impact data limited""]","African health professionals perceive extensive climate change impacts, but systems lack resources and preparedness for health-related climate hazards.",medium,success
W2155331441,True,"[""wildfire_smoke""]","[""respiratory"", ""cardiovascular""]","[""general"", ""low_income""]",other,[],not_specified,explicit,[],"[""socioeconomic factors"", ""community health measures""]","[{""subject"": ""wildfire smoke"", ""relation"": ""increases_risk_of"", ""object"": ""cardio-respiratory outcomes""}, {""subject"": ""socioeconomic factors"", ""relation"": ""exacerbates"", ""object"": ""cardio-respiratory outcomes""}]",[],Socioeconomic factors modify the cardio-respiratory health impacts of wildfire smoke exposure.,low,success
W1976622661,False,[],[],[],other,"[""United States""]",regional,none,[],[],[],[],Fire-prone forest landscapes require integrated analysis of coupled human and natural systems.,low,success
W4388082114,True,"[""wildfire_smoke"", ""other""]","[""respiratory"", ""cardiovascular"", ""mental_health"", ""mortality"", ""neurological"", ""other""]","[""general"", ""children"", ""elderly"", ""indigenous"", ""low_income"", ""rural"", ""other""]",qualitative,[],global,explicit,"[""airway inflammation"", ""oxidative stress"", ""autoimmune activation"", ""metabolic dysfunction"", ""stress response dysregulation""]","[""low socioeconomic status"", ""limited healthcare access"", ""food insecurity"", ""water contamination"", ""displacement and migration"", ""social inequality"", ""poor housing quality"", ""limited access to green space"", ""loss of traditional lands""]","[{""subject"": ""wildfire event"", ""relation"": ""causes"", ""object"": ""air pollution""}, {""subject"": ""air pollution"", ""relation"": ""causes"", ""object"": ""respiratory disease""}, {""subject"": ""wildfire event"", ""relation"": ""causes"", ""object"": ""displacement""}, {""subject"": ""displacement"", ""relation"": ""increases_risk_of"", ""object"": ""mental health disorder""}, {""subject"": ""wildfire event"", ""relation"": ""causes"", ""object"": ""habitat destruction""}, {""subject"": ""habitat destruction"", ""relation"": ""causes"", ""object"": ""biodiversity loss""}, {""subject"": ""biodiversity loss"", ""relation"": ""increases_risk_of"", ""object"": ""infectious disease emergence""}, {""subject"": ""wildfire event"", ""relation"": ""causes"", ""object"": ""food system disruption""}, {""subject"": ""food system disruption"", ""relation"": ""increases_risk_of"", ""object"": ""malnutrition""}]","[""Research communities for climate and biodiversity remain largely separate"", ""Many COP commitments remain unmet in implementation"", ""Unknown tipping points in ecosystem functioning""]",Climate change and biodiversity loss constitute one indivisible global health emergency requiring integrated policy and urgent WHO declaration.,medium,success
W2319323659,True,"[""wildfire_smoke"", ""PM2.5""]","[""respiratory"", ""cardiovascular"", ""mortality""]","[""general"", ""elderly""]",modelling,"[""United States""]",local,explicit,[],"[""low socioeconomic status"", ""limited healthcare access""]","[{""subject"": ""wildfire smoke"", ""relation"": ""causes"", ""object"": ""PM2.5""}, {""subject"": ""PM2.5"", ""relation"": ""increases_risk_of"", ""object"": ""hospital admissions""}, {""subject"": ""PM2.5"", ""relation"": ""increases_risk_of"", ""object"": ""mortality""}, {""subject"": ""indoor filtration interventions"", ""relation"": ""protects_against"", ""object"": ""PM2.5 exposure""}]","[""Cost-effectiveness thresholds for intervention targeting""]",Indoor filtration interventions prevent 7-63% of wildfire smoke-related hospital admissions and deaths; cost-effectiveness improves when targeting elderly populations.,high,success
W2913170491,False,"[""other""]",[],"[""racial_minorities"", ""low_income""]",systematic_review,"[""United States""]",national,explicit,[],"[""racial discrimination"", ""low socioeconomic status"", ""discriminatory siting practices"", ""unequal political power"", ""poor enforcement""]",[],"[""mechanisms underlying disproportionate exposure patterns"", ""relative importance of siting versus coming-to-nuisance"", ""role of market coordination versus discrimination""]","Environmental pollution exposure is inequitably distributed by race and poverty, but causal mechanisms require further research.",medium,success
W4386444574,False,"[""fire_weather""]",[],[],time_series,"[""Canada""]",regional,none,[],[],"[{""subject"": ""rapid warming"", ""relation"": ""increases_risk_of"", ""object"": ""moisture deficits""}, {""subject"": ""moisture deficits"", ""relation"": ""increases_risk_of"", ""object"": ""wildfire activity""}, {""subject"": ""increased evaporative demand"", ""relation"": ""increases_risk_of"", ""object"": ""wildfire activity""}, {""subject"": ""legacy of past wildfires"", ""relation"": ""exacerbates"", ""object"": ""fire regimes""}, {""subject"": ""insect outbreaks"", ""relation"": ""exacerbates"", ""object"": ""fire regimes""}, {""subject"": ""altered fuels"", ""relation"": ""increases_risk_of"", ""object"": ""wildfire activity""}]",[],"After a century-long decline, wildfire activity in British Columbia increased abruptly from 2005 onwards due to climate-induced moisture deficits.",high,success
W2910477679,True,"[""wildfire_smoke"", ""PM2.5""]","[""respiratory""]","[""elderly""]",modelling,"[""United States""]",regional,explicit,"[""airway inflammation""]","[""population aging"", ""population growth""]","[{""subject"": ""wildfire smoke"", ""relation"": ""causes"", ""object"": ""PM2.5""}, {""subject"": ""PM2.5"", ""relation"": ""increases_risk_of"", ""object"": ""respiratory hospital admissions""}, {""subject"": ""wildfire event"", ""relation"": ""exacerbates"", ""object"": ""health burden in elderly populations""}]","[""No previous quantification of hospital admissions from wildfire smoke by mid-century""]",Climate change is projected to increase wildfire smoke-related respiratory hospital admissions by 178 cases in Western US elderly by 2050.,high,success
W4298004560,False,[],[],[],systematic_review,[],not_specified,none,[],[],[],[],"Early wildfire detection technologies across sensor nodes, UAVs, camera networks and satellites can minimize fire devastation through rapid detection and geolocation.",medium,success
W3033781545,True,"[""other""]","[""respiratory"", ""mortality"", ""other""]","[""general""]",time_series,"[""Italy""]",local,none,"[""airway inflammation"", ""viral attachment to aerosols"", ""spike protein interaction""]","[""urban industrialization"", ""agglomerated living conditions"", ""nosocomial transmission risk""]","[{""subject"": ""ozone"", ""relation"": ""is_associated_with"", ""object"": ""COVID-19 infection rates""}, {""subject"": ""ozone"", ""relation"": ""is_associated_with"", ""object"": ""COVID-19 mortality""}, {""subject"": ""nitrogen dioxide"", ""relation"": ""is_associated_with"", ""object"": ""COVID-19 infection rates""}, {""subject"": ""air temperature"", ""relation"": ""is_associated_with"", ""object"": ""ozone levels""}, {""subject"": ""relative humidity"", ""relation"": ""is_associated_with"", ""object"": ""ozone levels""}]","[""unclear if spike protein involved in airborne transmission"", ""mechanism of ozone-COVID-19 association not established"", ""summer transmission patterns require investigation""]",High ambient ozone and low nitrogen dioxide correlated with increased COVID-19 infections and deaths in Milan during January-April 2020.,medium,success
W2014671803,True,"[""PM2.5"", ""other""]","[""other""]","[""general""]",other,[],not_specified,none,[],[],"[{""subject"": ""traffic pollution"", ""relation"": ""increases_risk_of"", ""object"": ""rheumatoid arthritis""}]",[],Traffic pollution exposure in adulthood is associated with increased rheumatoid arthritis risk.,low,success
W1996505403,True,"[""wildfire_smoke""]","[""cardiovascular"", ""mortality""]","[""general""]",case_crossover,"[""Australia""]",local,none,[],[],"[{""subject"": ""wildfire smoke"", ""relation"": ""increases_risk_of"", ""object"": ""out-of-hospital cardiac arrests""}]",[],Forest fire smoke exposure is associated with increased out-of-hospital cardiac arrest rates in Melbourne.,medium,success
W4225320264,False,[],[],[],systematic_review,[],global,none,[],[],[],"[""Ambiguity in defining megafire term across literature""]","Megafire definitions vary globally; authors propose standardized definition as fires >10,000 ha with new terminology for larger fires.",high,success
W4283696483,False,"[""fire_weather"", ""heat_stress"", ""other""]",[],[],systematic_review,"[""Eastern Mediterranean"", ""Middle East""]",regional,none,[],[],"[{""subject"": ""wildfire event"", ""relation"": ""is_associated_with"", ""object"": ""atmospheric pollution""}]","[""Adaptation and resilience strategies for EMME region"", ""Sectoral impacts of climate change in EMME""]","Eastern Mediterranean and Middle East region warming at 0.45°C per decade with increasing heatwaves, droughts, dust storms, and forest fires.",medium,success
W2409668806,False,[],[],[],other,[],global,none,[],[],[],[],"Human niche construction has reshaped global species distributions across multiple evolutionary phases, creating novel ecosystems.",medium,success
W4391229864,True,"[""wildfire_smoke"", ""PM2.5""]","[""respiratory"", ""mortality""]","[""general"", ""children"", ""elderly"", ""outdoor_workers""]",systematic_review,"[""United States"", ""Canada""]",regional,explicit,"[""oxidative stress"", ""local and systemic inflammation"", ""airway epithelium compromise"", ""increased infection vulnerability""]","[""occupational exposure""]","[{""subject"": ""wildfire smoke"", ""relation"": ""causes"", ""object"": ""PM2.5""}, {""subject"": ""PM2.5"", ""relation"": ""causes"", ""object"": ""oxidative stress""}, {""subject"": ""PM2.5"", ""relation"": ""causes"", ""object"": ""local and systemic inflammation""}, {""subject"": ""PM2.5"", ""relation"": ""causes"", ""object"": ""airway epithelium compromise""}, {""subject"": ""PM2.5"", ""relation"": ""increases_risk_of"", ""object"": ""infection""}, {""subject"": ""wildfire smoke"", ""relation"": ""exacerbates"", ""object"": ""asthma""}, {""subject"": ""wildfire smoke"", ""relation"": ""exacerbates"", ""object"": ""chronic obstructive pulmonary disease""}, {""subject"": ""wildfire smoke"", ""relation"": ""increases_risk_of"", ""object"": ""asthma onset""}, {""subject"": ""wildfire smoke"", ""relation"": ""is_associated_with"", ""object"": ""long-term lung function impairment""}, {""subject"": ""wildfire smoke"", ""relation"": ""is_associated_with"", ""object"": ""all-cause mortality""}]","[""Best practices for risk mitigation clarification needed"", ""Wildfire management strategies require further research""]","Wildfire PM2.5 exposure causes respiratory injury and exacerbates asthma and COPD, with children, elderly, and outdoor workers at highest risk.",high,success
W2512173100,False,[],[],[],other,[],not_specified,none,[],[],[],[],"Geographic information systems integrate remote sensing, epidemiology, health geography, and big data applications.",low,success
W4290999328,True,[],"[""respiratory""]","[""children"", ""elderly"", ""general""]",systematic_review,"[""global""]",global,implicit,[],[],[],[],Global Burden of Disease Study 2019 quantifies age–sex differences in lower respiratory infection burden and risk factors worldwide.,low,success
W2066673338,False,[],[],[],other,[],not_specified,none,[],[],[],[],NEJM Image Challenge app provides diagnostic training tool on smartphones.,low,success
W4391809192,False,[],[],[],modelling,"[""Brazil""]",regional,none,[],[],"[{""subject"": ""wildfire event"", ""relation"": ""exacerbates"", ""object"": ""water stress on Amazonian forests""}, {""subject"": ""wildfire event"", ""relation"": ""increases_risk_of"", ""object"": ""ecosystem transitions""}, {""subject"": ""wildfire event"", ""relation"": ""is_associated_with"", ""object"": ""loss of forest resilience""}]","[""Uncertainty about future ecosystem dynamics in Amazon""]","By 2050, 10-47% of Amazonian forests face compounding disturbances including fire, potentially triggering biome-wide collapse.",medium,success
W4403510769,False,"[""fire_weather""]",[],[],modelling,[],global,none,[],[],"[{""subject"": ""climate change"", ""relation"": ""increases_risk_of"", ""object"": ""fire-favorable weather""}, {""subject"": ""fire-favorable weather"", ""relation"": ""causes"", ""object"": ""forest fire emissions""}, {""subject"": ""increased forest cover and productivity"", ""relation"": ""exacerbates"", ""object"": ""forest fire emissions""}]",[],"Climate change drives 60% increase in global forest fire carbon emissions, with rapid growth in extratropical pyromes.",high,success
W1997004877,False,[],[],[],other,"[""Canada""]",regional,none,[],[],[],[],"Canada's boreal zone ecosystems are shaped by climate, fire, insects, and diseases, with increasing human impacts requiring adaptive management.",low,success
W4206362199,True,"[""wildfire_smoke""]","[""mental_health""]","[""rural""]",qualitative,[],not_specified,explicit,[],"[""community cohesion"", ""stress response"", ""physical protection access""]","[{""subject"": ""wildfire smoke"", ""relation"": ""causes"", ""object"": ""mental health impacts""}, {""subject"": ""wildfire smoke"", ""relation"": ""causes"", ""object"": ""wellbeing impacts""}]",[],Wildfire smoke causes significant mental health impacts in rural communities; community-led adaptation strategies can enhance resilience.,medium,success
W3084298360,False,[],[],[],systematic_review,[],global,implicit,[],[],[],"[""Few studies of cost-effectiveness compared to alternatives"", ""Few integrated assessments of social and ecological outcomes"", ""Bias toward Global North despite Global South vulnerability""]","Nature-based interventions generally ameliorated climate impacts with more synergies than trade-offs, but evidence gaps limit policy translation.",high,success
W3185089024,False,[],[],[],qualitative,"[""Austria"", ""Belgium"", ""Bulgaria"", ""Croatia"", ""Cyprus"", ""Czech Republic"", ""Denmark"", ""Estonia"", ""Finland"", ""France"", ""Germany"", ""Greece"", ""Hungary"", ""Iceland"", ""Ireland"", ""Italy"", ""Latvia"", ""Lithuania"", ""Luxembourg"", ""Malta"", ""Netherlands"", ""Norway"", ""Poland"", ""Portugal"", ""Romania"", ""Slovakia"", ""Slovenia"", ""Spain"", ""Sweden"", ""Switzerland"", ""Turkey""]",regional,none,[],"[""high population densities"", ""urban sprawl into forests""]","[{""subject"": ""wildfire event"", ""relation"": ""is_associated_with"", ""object"": ""climate change""}, {""subject"": ""wildfire event"", ""relation"": ""is_associated_with"", ""object"": ""land use changes""}, {""subject"": ""wildfire event"", ""relation"": ""is_associated_with"", ""object"": ""land management practices""}]","[""Lack of consistent detailed wildfire event records within countries"", ""Lack of consistent detailed wildfire records across countries"", ""Need to evaluate climate change impact perceptions quantitatively""]",European wildland fires are increasing due to climate change and land use changes; key challenges include inconsistent fire data and population sprawl into forests.,high,success
W4403660239,True,"[""wildfire_smoke"", ""heat_stress"", ""other""]","[""respiratory"", ""cardiovascular"", ""other""]","[""general"", ""low_income"", ""indigenous""]",systematic_review,[],global,explicit,"[""airway inflammation"", ""cardiovascular stress from heat""]","[""low socioeconomic status"", ""limited healthcare access"", ""reliance on vulnerable ecosystems""]","[{""subject"": ""wildfire smoke"", ""relation"": ""causes"", ""object"": ""respiratory conditions""}, {""subject"": ""wildfire smoke"", ""relation"": ""causes"", ""object"": ""cardiovascular conditions""}, {""subject"": ""heat stress"", ""relation"": ""causes"", ""object"": ""heat-related illnesses""}, {""subject"": ""climate change"", ""relation"": ""increases_risk_of"", ""object"": ""infectious diseases""}]",[],"Climate change disproportionately affects vulnerable populations through wildfire smoke, heat stress, and disease expansion.",medium,success
W1969121134,False,[],[],[],systematic_review,"[""Europe""]",regional,none,[],[],[],"[""Uncertainty about full extent of climate change impacts"", ""Suitability of adaptation measures needs further research"", ""Better understanding of adaptive capacity needed"", ""Regional vulnerability assessments needed""]",European forestry requires multi-level adaptation measures addressing drought and fire risk through species selection and knowledge dissemination.,high,success
W4289890963,False,[],[],[],other,[],global,none,[],[],[],"[""Integration of human and natural systems into models"", ""Coordinated transdisciplinary research efforts needed"", ""Knowledge gaps across climate, vegetation, fire interactions"", ""Limited predictive approaches for fire impacts"", ""Underutilization of diverse knowledge systems in fire science""]",Fire science requires transdisciplinary integration of human and natural systems to address increasing fire danger and health impacts in the Anthropocene.,medium,success
W2122060678,True,[],"[""respiratory""]","[""children"", ""elderly""]",cohort,[],not_specified,none,"[""bacterial community diversification"", ""pathogen colonization"", ""airway dysbiosis"", ""CFTR mutation effects""]",[],"[{""subject"": ""CFTR mutation"", ""relation"": ""increases_risk_of"", ""object"": ""pathogenic bacterial colonization""}, {""subject"": ""loss of airway microbial diversity"", ""relation"": ""is_associated_with"", ""object"": ""poorer pulmonary function""}, {""subject"": ""age"", ""relation"": ""is_associated_with"", ""object"": ""airway microbiota composition change""}]","[""understanding of microbial colonization in younger versus older CF airways is rudimentary"", ""association between airway microbiota and pulmonary function incompletely understood""]","Older CF patients show decreased airway microbial diversity and poorer pulmonary function compared to younger patients, with distinct age-associated bacterial community profiles.",high,success
W2902378522,False,[],[],[],systematic_review,[],not_specified,none,[],[],[],"[""Integrated model relating resilience across cooccurring systems needed"", ""Commonalities insufficient to account for single resilience model""]","Seven common principles of resilience identified across biological, psychological, social, cultural, economic, legal, communication, and ecological systems.",medium,success
W4200561549,False,"[""direct_fire""]",[],[],cross_sectional,"[""Brazil""]",local,none,[],[],"[{""subject"": ""wildfire event"", ""relation"": ""causes"", ""object"": ""vertebrate mortality""}, {""subject"": ""fire recurrence"", ""relation"": ""exacerbates"", ""object"": ""ecosystem impoverishment""}]","[""Long-term effects of fire recurrence on ecosystem functioning""]",Approximately 16.95 million vertebrates were directly killed by 2020 wildfires in the Pantanal wetland.,high,success
W1488077254,False,[],[],[],other,"[""Africa"", ""Asia"", ""Americas"", ""Europe""]",global,implicit,[],[],[],[],Societies lack adequate vulnerability measurement frameworks and preparedness for natural hazard threats.,low,success
W4402760953,True,"[""wildfire_smoke"", ""PM2.5""]","[""mortality"", ""cardiovascular"", ""other""]","[""general"", ""elderly""]",time_series,"[""United States""]",national,implicit,"[""oxidative stress"", ""systemic inflammation"", ""endothelial dysfunction""]",[],"[{""subject"": ""wildfire smoke"", ""relation"": ""causes"", ""object"": ""PM2.5""}, {""subject"": ""PM2.5"", ""relation"": ""increases_risk_of"", ""object"": ""nonaccidental mortality""}, {""subject"": ""PM2.5"", ""relation"": ""increases_risk_of"", ""object"": ""cardiovascular mortality""}, {""subject"": ""PM2.5"", ""relation"": ""increases_risk_of"", ""object"": ""ischemic heart disease mortality""}, {""subject"": ""PM2.5"", ""relation"": ""increases_risk_of"", ""object"": ""diabetes mortality""}, {""subject"": ""PM2.5"", ""relation"": ""increases_risk_of"", ""object"": ""chronic kidney disease mortality""}, {""subject"": ""wildfire smoke"", ""relation"": ""exacerbates"", ""object"": ""extreme heat health effects""}]","[""impacts of long-term wildland fire smoke PM2.5 exposure remain unclear""]","Long-term wildfire smoke PM2.5 exposure associated with increased nonaccidental mortality, particularly among elderly; contributed ~11,415 deaths annually in contiguous US.",high,success
W2097227695,True,"[""direct_fire"", ""displacement""]","[""respiratory"", ""mental_health""]","[""general"", ""children"", ""outdoor_workers"", ""racial_minorities"", ""low_income""]",cross_sectional,"[""United States""]",local,explicit,"[""airway inflammation""]","[""low socioeconomic status"", ""Hispanic ethnicity"", ""trauma exposure"", ""injury experience""]","[{""subject"": ""wildfire event"", ""relation"": ""causes"", ""object"": ""dust cloud exposure""}, {""subject"": ""wildfire event"", ""relation"": ""causes"", ""object"": ""traumatic event witnessing""}, {""subject"": ""dust cloud exposure"", ""relation"": ""causes"", ""object"": ""respiratory symptoms""}, {""subject"": ""dust cloud exposure"", ""relation"": ""causes"", ""object"": ""newly diagnosed asthma""}, {""subject"": ""traumatic event witnessing"", ""relation"": ""causes"", ""object"": ""posttraumatic stress disorder""}, {""subject"": ""wildfire event"", ""relation"": ""causes"", ""object"": ""injury""}, {""subject"": ""injury"", ""relation"": ""increases_risk_of"", ""object"": ""posttraumatic stress disorder""}]",[],67% of WTC-exposed adults reported new respiratory symptoms; 16% screened positive for PTSD; vulnerability differed by ethnicity and income.,high,success
W4389744302,True,"[""wildfire_smoke"", ""fire_weather"", ""heat_stress"", ""displacement"", ""other""]","[""respiratory"", ""cardiovascular"", ""mental_health"", ""mortality"", ""reproductive"", ""neurological"", ""other""]","[""children"", ""elderly"", ""low_income"", ""rural"", ""indigenous"", ""racial_minorities"", ""other""]",systematic_review,"[""Global"", ""India"", ""Sub-Saharan Africa"", ""South Asia"", ""United States"", ""Malawi""]",global,explicit,"[""airway inflammation"", ""oxidative stress"", ""endothelial dysfunction"", ""immature lung epithelium"", ""increased minute ventilation"", ""pathogen proliferation"", ""vector survival and expansion""]","[""low socioeconomic status"", ""health infrastructure inequities"", ""limited healthcare access"", ""poor sanitation practices"", ""food insecurity"", ""housing instability"", ""displacement from natural habitats"", ""low-middle-income country status""]","[{""subject"": ""wildfire event"", ""relation"": ""causes"", ""object"": ""wildfire smoke""}, {""subject"": ""wildfire smoke"", ""relation"": ""causes"", ""object"": ""PM2.5""}, {""subject"": ""PM2.5"", ""relation"": ""causes"", ""object"": ""respiratory tract infections""}, {""subject"": ""PM2.5"", ""relation"": ""causes"", ""object"": ""asthma""}, {""subject"": ""PM2.5"", ""relation"": ""increases_risk_of"", ""object"": ""all-cause mortality""}, {""subject"": ""wildfire event"", ""relation"": ""causes"", ""object"": ""displacement""}, {""subject"": ""wildfire event"", ""relation"": ""causes"", ""object"": ""heat stress""}, {""subject"": ""heat stress"", ""relation"": ""increases_risk_of"", ""object"": ""mortality""}, {""subject"": ""wildfire event"", ""relation"": ""causes"", ""object"": ""food insecurity""}, {""subject"": ""wildfire event"", ""relation"": ""causes"", ""object"": ""mental health issues""}]","[""Implementation research for climate action effectiveness"", ""Equitable resource distribution mechanisms"", ""Technology transfer to low-income regions""]","Climate change drives wildfires, heat waves, and air pollution, causing 250,000 annual deaths from heat stress, malnutrition, and respiratory disease, disproportionately affecting vulnerable populations.",medium,success
W2134844911,False,"[""wildfire_smoke"", ""PM2.5""]",[],[],experimental,"[""Brazil""]",regional,none,[],[],[],[],"Tropical forest fire emission factors for PM2.5 are 84% larger than previous estimates, with important implications for regional air quality budgets.",high,success
W2886281704,False,[],[],[],modelling,[],global,none,[],[],[],[],Self-reinforcing climate feedbacks could push Earth toward a threshold causing irreversible warming and ecosystem disruptions.,medium,success
W4366758827,False,"[""wildfire_smoke""]",[],"[""indigenous"", ""rural"", ""low_income""]",qualitative,"[""United States""]",regional,explicit,[],"[""low socioeconomic status"", ""limited procedural participation"", ""rural complexity"", ""indigenous knowledge exclusion"", ""limited local capacity""]",[],"[""EJ processes not meeting forested community needs"", ""metrics inadequate for rural complexity"", ""procedural and Indigenous EJ integration lacking""]",California's Forest Health Grants program inadequately serves disadvantaged communities due to flawed EJ metrics and insufficient procedural and Indigenous participation.,medium,success
W3197387768,False,"[""direct_fire"", ""fire_weather""]",[],"[""indigenous""]",qualitative,"[""Australia""]",regional,explicit,[],"[""colonisation impacts"", ""suppression of indigenous practices"", ""limited indigenous autonomy"", ""historical dispossession""]","[{""subject"": ""wildfire event"", ""relation"": ""is_associated_with"", ""object"": ""suppression of Indigenous fire management""}, {""subject"": ""suppression of Indigenous fire management"", ""relation"": ""causes"", ""object"": ""altered fire regimes""}, {""subject"": ""Indigenous fire management"", ""relation"": ""protects_against"", ""object"": ""catastrophic bushfires""}]","[""barriers to implementing Indigenous fire management"", ""mechanisms for decolonizing scientific approaches"", ""integration of Indigenous and Western knowledge systems""]",Indigenous fire management practices produced different fire regimes and could mitigate catastrophic bushfires if scientific approaches are decolonized.,medium,success
W2514038039,False,[],[],[],other,"[""Indonesia"", ""Malaysia""]",regional,none,[],[],[],[],"Industrial plantations drove 24-26% of Borneo's deforestation 1973-2015, with rapid conversion from old-growth forest particularly pronounced in Malaysia.",high,success
W2034707849,True,"[""PM2.5"", ""other""]","[""cardiovascular"", ""other""]","[""general""]",other,[],not_specified,none,"[""oxidative stress"", ""airway inflammation"", ""endothelial dysfunction"", ""antioxidant enzyme expression"", ""systemic inflammatory response""]",[],"[{""subject"": ""wildfire smoke"", ""relation"": ""causes"", ""object"": ""PM2.5""}, {""subject"": ""PM2.5"", ""relation"": ""causes"", ""object"": ""oxidative stress""}, {""subject"": ""oxidative stress"", ""relation"": ""causes"", ""object"": ""inflammation""}, {""subject"": ""inflammation"", ""relation"": ""increases_risk_of"", ""object"": ""cardiovascular morbidity and mortality""}]","[""Limited epidemiologic evidence on oxidative stress mechanisms"", ""No universal biomarker of oxidative stress established"", ""Reliability and validity of oxidative stress biomarkers unclear"", ""Effects of antioxidant responses on pollutant relations unknown""]","Oxidative stress and inflammation from air pollutants may mediate cardiovascular effects, but standardized biomarkers and mechanistic pathways need further investigation.",medium,success
W2890377989,True,"[""wildfire_smoke"", ""PM2.5""]","[""mortality"", ""reproductive""]","[""general"", ""children"", ""low_income"", ""pregnant""]",time_series,"[""Indonesia""]",national,explicit,"[""prenatal developmental disruption"", ""placental insufficiency""]","[""low socioeconomic status"", ""poverty"", ""limited healthcare access""]","[{""subject"": ""wildfire smoke"", ""relation"": ""causes"", ""object"": ""PM2.5 exposure""}, {""subject"": ""PM2.5"", ""relation"": ""increases_risk_of"", ""object"": ""fetal mortality""}, {""subject"": ""PM2.5"", ""relation"": ""increases_risk_of"", ""object"": ""infant mortality""}, {""subject"": ""PM2.5"", ""relation"": ""increases_risk_of"", ""object"": ""child mortality""}, {""subject"": ""prenatal PM2.5 exposure"", ""relation"": ""is_associated_with"", ""object"": ""missing children in census""}]",[],"Wildfire smoke exposure caused 15,600 missing children in Indonesia, with prenatal exposure and poverty amplifying mortality risk.",high,success
W2163598765,True,"[""fire_weather"", ""other""]","[""respiratory""]","[""general""]",qualitative,"[""Belgium"", ""European Union""]",regional,implicit,[],"[""healthcare access"", ""policy awareness""]","[{""subject"": ""climate change"", ""relation"": ""exacerbates"", ""object"": ""pre-existing respiratory disease""}]","[""extent of climate change effects on respiratory disease unclear"", ""need for accurate predictive models of climate impact""]",Climate change affects individuals with pre-existing respiratory disease; predictive models and policy action are needed.,low,success
W3198540468,False,[],[],[],systematic_review,[],global,none,[],[],[],"[""Impact of climate change on biodiversity and food security little explored relative to problem magnitude""]",Climate change drives species distribution shifts and extinction; threatens food security particularly in rain-fed agricultural regions.,medium,success
W2963099860,False,"[""wildfire_smoke""]",[],[],modelling,[],not_specified,none,[],[],[],"[""Understanding landscape fire dynamics across scales"", ""Aggregating fine-scale data without statistical bias"", ""Modeling systems with non-stationary parameters"", ""Predicting ecosystem responses to future climate""]","Landscape ecology requires quantitative scaling relationships to overcome coarse-graining, middle-number, and non-stationarity problems in wildfire modelling.",medium,success
W2916551293,True,"[""PM2.5"", ""wildfire_smoke"", ""other""]","[""mortality""]","[""general""]",modelling,"[""Africa"", ""Nigeria"", ""South Africa""]",regional,none,[],"[""agricultural practices"", ""industrialization"", ""land management practices""]","[{""subject"": ""wildfire smoke"", ""relation"": ""causes"", ""object"": ""PM2.5""}, {""subject"": ""PM2.5"", ""relation"": ""causes"", ""object"": ""premature mortality""}, {""subject"": ""wildfire event"", ""relation"": ""is_associated_with"", ""object"": ""43000 premature deaths annually in Africa""}]",[],"Biomass burning from agricultural practices causes approximately 43,000 premature deaths annually in Central and West Africa.",high,success
W2739979865,True,"[""wildfire_smoke"", ""PM2.5""]","[""respiratory"", ""cardiovascular"", ""mortality"", ""other""]","[""general""]",modelling,"[""global""]",global,implicit,"[""airway inflammation"", ""particulate matter deposition""]","[""population density"", ""socioeconomic development"", ""air pollution legislation""]","[{""subject"": ""wildfire smoke"", ""relation"": ""causes"", ""object"": ""PM2.5""}, {""subject"": ""PM2.5"", ""relation"": ""increases_risk_of"", ""object"": ""respiratory disease""}, {""subject"": ""PM2.5"", ""relation"": ""increases_risk_of"", ""object"": ""cardiovascular disease""}, {""subject"": ""wildfire event"", ""relation"": ""is_associated_with"", ""object"": ""health hazard""}]","[""regional variation in future wildfire PM2.5 health impacts"", ""seasonal variation in wildfire emissions and population exposure""]","Ambitious anthropogenic emission reductions can limit annual PM2.5 compliance with WHO guidelines, but seasonal wildfire peaks pose dangerous pollution levels.",high,success
W2743263962,True,"[""fire_weather"", ""heat_stress""]","[""mortality"", ""other""]","[""general"", ""elderly""]",modelling,"[""Europe"", ""United States"", ""China""]",global,implicit,[],"[""urbanisation"", ""coastal population growth"", ""demographic ageing"", ""limited adaptation capacity""]","[{""subject"": ""wildfire event"", ""relation"": ""increases_risk_of"", ""object"": ""mortality""}, {""subject"": ""wildfire event"", ""relation"": ""is_associated_with"", ""object"": ""weather-related hazards""}]","[""Heterogeneity in previous studies limits synthesis"", ""Integrated effects of multiple climate hazards understudied"", ""Combined multihazard event effects not modelled""]","Climate change increases weather-related mortality 50-fold by 2100 in Europe, with heatwaves accounting for 99% of deaths and wildfire mortality rising 138%.",medium,success
W3119209496,False,[],[],[],other,[],global,none,[],[],[],"[""Lack of appreciation of challenges to sustainable future"", ""Weak awareness of environmental threats scale""]","Future environmental conditions pose far greater dangers than currently recognized, requiring urgent action and candid scientific communication.",low,success
W3037105506,False,[],[],[],systematic_review,"[""Australia"", ""New Zealand""]",global,none,[],[],[],"[""Policy strategies insufficiently implemented globally"", ""Limited attention to invasions in many countries""]",Invasive alien species impacts on biodiversity and ecosystem services are accelerating; improved biosecurity and international cooperation are needed.,medium,success
W4391646605,False,"[""fire_weather""]",[],[],other,[],global,none,[],[],"[{""subject"": ""wildfire event"", ""relation"": ""is_associated_with"", ""object"": ""land use change""}, {""subject"": ""wildfire event"", ""relation"": ""is_associated_with"", ""object"": ""climate change""}, {""subject"": ""wildfire event"", ""relation"": ""causes"", ""object"": ""biodiversity loss""}, {""subject"": ""wildfire event"", ""relation"": ""causes"", ""object"": ""carbon storage reduction""}, {""subject"": ""wildfire event"", ""relation"": ""causes"", ""object"": ""ecosystem service degradation""}]","[""Long-term interactions among land use, management, and climate effects on fire behavior remain uncertain"", ""Novel fire behavior prediction under unprecedented human plant community disruption needed""]","Global fire regimes have intensified over two centuries; future frequency, severity, and size projected to increase in most biomes under warming scenarios.",medium,success
W4221060673,False,"[""wildfire_smoke"", ""direct_fire""]",[],[],other,"[""United States"", ""Canada""]",regional,explicit,[],"[""social vulnerabilities"", ""development expansion"", ""community resilience""]",[],"[""social vulnerabilities less well studied"", ""need for proactive measures beyond emergency response""]","Fire risk framework integrating hazard, exposure, and vulnerability identifies fires with devastating community impacts.",low,success
W4379467641,False,[],[],[],other,"[""United States"", ""India""]",global,none,[],[],[],"[""Few health professionals know how to engage patients on climate-related health issues"", ""Clinicians typically receive insufficient training on challenging conversations about climate change""]",Virtual learning communities like Climate ECHO can rapidly equip clinicians with knowledge and communication skills to address climate-related health effects.,medium,success
W4308325267,False,"[""fire_weather""]",[],[],systematic_review,[],global,none,[],[],"[{""subject"": ""fire_weather"", ""relation"": ""exacerbates"", ""object"": ""insect population decline""}, {""subject"": ""wildfire_event"", ""relation"": ""is_associated_with"", ""object"": ""ecosystem disruption""}]","[""better understanding of climate change effects on insects needed""]",Climate change and extreme events including wildfires severely threaten insect populations and ecosystem services globally.,medium,success
W3205769755,True,"[""wildfire_smoke""]","[""respiratory"", ""cardiovascular"", ""mental_health"", ""other""]","[""general"", ""children"", ""elderly"", ""low_income"", ""pregnant"", ""other""]",cross_sectional,"[""Australia""]",local,explicit,"[""airway irritation"", ""cardiac function effects"", ""oxidative stress""]","[""existing medical conditions"", ""self-rated health status"", ""direct fire exposure"", ""parental responsibilities"", ""healthcare access for advice-seeking""]","[{""subject"": ""wildfire smoke"", ""relation"": ""causes"", ""object"": ""eye irritation""}, {""subject"": ""wildfire smoke"", ""relation"": ""causes"", ""object"": ""throat irritation""}, {""subject"": ""wildfire smoke"", ""relation"": ""causes"", ""object"": ""cough""}, {""subject"": ""wildfire smoke"", ""relation"": ""causes"", ""object"": ""anxiety symptoms""}, {""subject"": ""wildfire smoke"", ""relation"": ""causes"", ""object"": ""depressive symptoms""}, {""subject"": ""wildfire smoke"", ""relation"": ""causes"", ""object"": ""sleep disturbance""}, {""subject"": ""wildfire smoke"", ""relation"": ""exacerbates"", ""object"": ""existing medical conditions""}]","[""Few studies examine bushfire smoke health effects separate from direct fire"", ""Limited research on mental health effects in Australian communities"", ""Need for improved public health messaging on smoke protection"", ""Subgroup vulnerability identification needed for future events""]","Prolonged bushfire smoke exposure caused respiratory, cardiovascular, and mental health symptoms in 97% of participants, with greater impact on vulnerable subgroups.",high,success
W3029794676,True,"[""PM2.5"", ""other""]","[""other""]","[""general""]",time_series,[],not_specified,none,[],[],"[{""subject"": ""PM2.5"", ""relation"": ""is_associated_with"", ""object"": ""COVID-19 incidence""}, {""subject"": ""air pollution"", ""relation"": ""is_associated_with"", ""object"": ""COVID-19 incidence""}]",[],"Air pollution (PM2.5, NO2, AQI) and temperature are associated with increased COVID-19 incidence.",low,success
W3125425522,False,[],[],[],qualitative,"[""United States""]",national,none,[],[],[],[],"Incident Command Systems coordinate crisis response through hierarchical structures but network properties affect coordination, authority sharing, and trust dynamics.",medium,success
W2053795071,True,"[""PM2.5"", ""other""]","[""respiratory"", ""cardiovascular"", ""other""]","[""general""]",other,[],not_specified,none,[],[],"[{""subject"": ""climate change"", ""relation"": ""increases_risk_of"", ""object"": ""tropospheric ozone concentrations""}, {""subject"": ""tropospheric ozone"", ""relation"": ""causes"", ""object"": ""health impacts""}, {""subject"": ""PM2.5"", ""relation"": ""causes"", ""object"": ""health impacts""}]","[""Better understanding of climate change impacts on air pollution health"", ""Model projections of ozone concentrations with climate change""]",Climate change may increase ozone and particulate matter concentrations with adverse health impacts; greenhouse gas reduction could improve public health.,low,success
W3190323476,True,"[""heat_stress"", ""other""]","[""cardiovascular"", ""respiratory"", ""other""]","[""racial_minorities"", ""low_income"", ""general""]",qualitative,"[""United States""]",national,explicit,[],"[""structural racism"", ""historical redlining and segregation"", ""limited healthcare access"", ""poor housing quality"", ""economic disinvestment"", ""inadequate greenspace access"", ""air pollution exposure"", ""urban heat island effects""]","[{""subject"": ""structural racism"", ""relation"": ""causes"", ""object"": ""residential segregation and disinvestment""}, {""subject"": ""residential disinvestment"", ""relation"": ""causes"", ""object"": ""limited greenspace access""}, {""subject"": ""limited greenspace access"", ""relation"": ""increases_risk_of"", ""object"": ""air pollution exposure""}, {""subject"": ""air pollution exposure"", ""relation"": ""increases_risk_of"", ""object"": ""cardiovascular disease""}, {""subject"": ""limited greenspace access"", ""relation"": ""increases_risk_of"", ""object"": ""heat stress""}, {""subject"": ""heat stress"", ""relation"": ""increases_risk_of"", ""object"": ""chronic disease""}, {""subject"": ""greenspace investment"", ""relation"": ""protects_against"", ""object"": ""health inequity""}]","[""Implementation barriers to equitable greenspace investment"", ""Long-term health outcome measurement in greenspace interventions""]",Strategic public greenspace investments in disinvested urban communities of color can mitigate climate and health crises while advancing health equity.,medium,success
W2981648895,False,[],[],[],systematic_review,[],global,none,[],[],[],"[""Need for context-specific safeguards for large-scale mitigation expansion"", ""Limited global adaptation benefit estimates for two options""]","Nine practices deliver medium to large benefits for climate mitigation, adaptation, food security, and land degradation simultaneously.",high,success
W3095921345,False,"[""fire_weather""]",[],[],systematic_review,"[""Canada""]",national,none,[],[],[],"[""Further evaluation of fire severity measurement effects"", ""Efficacy of fuel management treatments unclear"", ""Climate change effects on fire require refinement"", ""Fire risk analysis models need improvement"", ""Fire behaviour models require further development"", ""Fire weather model refinement needed""]","Canadian wildland fire science has advanced significantly in fire danger rating, fire-weather relationships, ecology, and management over 50 years.",medium,success
W2170452676,False,"[""fire_weather""]",[],[],other,"[""Canada""]",national,none,[],[],[],"[""Application of CFFDRS principles to other forest environments"", ""Integration of human factors in fire danger systems"", ""Evolution of systems with changing fire management objectives""]","Successful fire danger rating systems require integrated scientific, technological, and human elements with strong cooperation between fire scientists and managers.",medium,success
W2121677268,False,"[""wildfire_smoke"", ""direct_fire""]",[],"[""rural"", ""general""]",qualitative,"[""United States""]",regional,explicit,[],"[""reliance on wild foods"", ""delayed suppression response"", ""financial resources"", ""institutional connections"", ""social factors"", ""economic factors"", ""institutional factors""]","[{""subject"": ""wildfire event"", ""relation"": ""increases_risk_of"", ""object"": ""community exposure to fire""}, {""subject"": ""climate change"", ""relation"": ""causes"", ""object"": ""intensified fire regime""}, {""subject"": ""wildfire event"", ""relation"": ""exacerbates"", ""object"": ""vulnerability in rural communities""}]","[""Whether deliberate strategic responses sufficiently reduce vulnerability"", ""Optimal adaptation mechanisms for intensifying fire regimes""]","Urban and rural Alaskan communities face similar wildfire exposure but differ in vulnerability due to social, economic, and institutional factors rather than biophysical differences.",high,success
W4386882990,False,"[""wildfire_smoke"", ""direct_fire""]",[],"[""low_income"", ""other""]",cross_sectional,"[""United States""]",regional,explicit,[],"[""low socioeconomic status"", ""social vulnerability index""]",[],"[""Understanding of vulnerability of exposed populations is limited""]","Exposure of socially vulnerable populations to wildfires increased 250% from 2000-2021, with regional variation in vulnerability patterns.",high,success
W4393940919,True,"[""wildfire_smoke"", ""PM2.5"", ""fire_weather"", ""heat_stress"", ""other""]","[""respiratory"", ""neurological"", ""other""]","[""general"", ""other""]",systematic_review,[],global,explicit,"[""immune dysregulation"", ""airway inflammation"", ""skin barrier disruption"", ""microbial dysbiosis"", ""oxidative stress"", ""impaired tolerogenic immunity""]","[""housing quality"", ""air quality access"", ""dietary diversity"", ""environmental biodiversity access"", ""healthcare disparities"", ""socioeconomic inequity""]","[{""subject"": ""wildfire event"", ""relation"": ""causes"", ""object"": ""PM2.5""}, {""subject"": ""PM2.5"", ""relation"": ""causes"", ""object"": ""immune dysregulation""}, {""subject"": ""wildfire smoke"", ""relation"": ""causes"", ""object"": ""airway inflammation""}, {""subject"": ""wildfire event"", ""relation"": ""causes"", ""object"": ""heat stress""}, {""subject"": ""heat stress"", ""relation"": ""exacerbates"", ""object"": ""immune dysregulation""}, {""subject"": ""wildfire smoke"", ""relation"": ""increases_risk_of"", ""object"": ""asthma""}, {""subject"": ""wildfire event"", ""relation"": ""increases_risk_of"", ""object"": ""allergic diseases""}]","[""better understanding pathophysiology immune diseases climate change"", ""need collaborative multidisciplinary research climate change immune health"", ""measuring impact climate change immune health disease"", ""evaluating effectiveness mitigation adaptation efforts""]","Climate change-associated environmental hazards including wildfires trigger immune dysregulation increasing asthma, allergic diseases, autoimmune diseases, and cancer; mitigation requires multisectoral planetary health approaches.",medium,success
W2993533030,True,"[""PM2.5"", ""other""]","[""respiratory""]","[""general""]",cross_sectional,"[""Zambia""]",local,implicit,"[""airway obstruction"", ""lung function impairment""]","[""biomass fuel use"", ""household cooking practices"", ""limited fuel alternatives""]","[{""subject"": ""biomass use"", ""relation"": ""causes"", ""object"": ""PM2.5""}, {""subject"": ""PM2.5"", ""relation"": ""causes"", ""object"": ""respiratory symptoms""}, {""subject"": ""PM2.5"", ""relation"": ""causes"", ""object"": ""impaired lung function""}, {""subject"": ""biomass use"", ""relation"": ""causes"", ""object"": ""volatile organic compounds""}, {""subject"": ""volatile organic compounds"", ""relation"": ""is_associated_with"", ""object"": ""reduced forced vital capacity""}]",[],"Biomass cooking fuel use increases indoor PM2.5 and VOC levels, associated with higher respiratory symptoms and impaired lung function in women.",high,success
W2765828702,False,[],[],[],experimental,"[""New Zealand""]",regional,none,[],[],[],[],"Flammability of species mixtures is nonadditive and driven by the most flammable species, with implications for invasive species enhancing ecosystem fire regimes.",high,success
W3155248034,True,"[""wildfire_smoke"", ""PM2.5""]","[""other""]","[""general""]",cross_sectional,[],not_specified,none,"[""skin barrier dysfunction"", ""allergic sensitization""]","[""healthcare access""]","[{""subject"": ""wildfire smoke"", ""relation"": ""causes"", ""object"": ""PM2.5""}, {""subject"": ""PM2.5"", ""relation"": ""is_associated_with"", ""object"": ""increased health care use for atopic dermatitis""}, {""subject"": ""PM2.5"", ""relation"": ""is_associated_with"", ""object"": ""increased itch symptoms""}]",[],Short-term wildfire air pollution exposure associated with increased health care use for atopic dermatitis and itch.,medium,success
W182043463,False,"[""fire_weather""]",[],[],systematic_review,[],not_specified,none,[],[],[],[],"Integrated forest management framework combining ecological, regulatory, and technical aspects prevents wildfires in Mediterranean environments.",medium,success
W2837938763,False,[],[],[],other,[],not_specified,none,[],[],[],[],Policy forum discussing climate change implications for women's health.,low,success
W4378084739,False,[],[],[],other,[],global,none,[],[],[],"[""How to integrate danger, exposure, vulnerability into unified frameworks"", ""How to optimize mitigation strategies for future fire regimes"", ""Understanding wildfire activity in previously low-fire areas""]","Integrated wildfire risk assessment combining danger, exposure, and vulnerability enables targeted mitigation and adaptation strategies.",medium,success
W2752680352,True,"[""wildfire_smoke"", ""PM2.5""]","[""respiratory"", ""other""]","[""general"", ""indigenous"", ""rural""]",experimental,"[""Brazil""]",regional,implicit,"[""reactive oxygen species production"", ""inflammatory cytokine release"", ""autophagy activation"", ""DNA damage"", ""apoptosis"", ""necrosis""]","[""deforestation exposure"", ""agricultural fire proximity"", ""limited regulatory guidelines""]","[{""subject"": ""wildfire smoke"", ""relation"": ""causes"", ""object"": ""PM10 exposure""}, {""subject"": ""PM10"", ""relation"": ""causes"", ""object"": ""reactive oxygen species production""}, {""subject"": ""PM10"", ""relation"": ""causes"", ""object"": ""inflammatory cytokine release""}, {""subject"": ""PM10"", ""relation"": ""causes"", ""object"": ""DNA damage""}, {""subject"": ""PM10"", ""relation"": ""causes"", ""object"": ""apoptosis""}, {""subject"": ""PM10"", ""relation"": ""causes"", ""object"": ""necrosis""}, {""subject"": ""retene"", ""relation"": ""mediates"", ""object"": ""DNA damage""}]","[""Limited previous study of biomass burning health effects"", ""Mechanism of PM-mediated lung cancer development""]","PM10 from Amazon biomass burning induces oxidative stress, inflammation, DNA damage, and cell death in human lung cells.",high,success
W2145303294,False,[],[],[],other,[],global,none,[],[],[],[],Sociocultural niche construction is the primary driver of long-term anthropogenic ecological transformation across the biosphere.,low,success
W4389088330,False,[],[],[],modelling,"[""global""]",global,none,[],[],[],[],"Global burned area declined 24.2% over 2001–2020, primarily in savannas and grasslands, with GFED5 estimates 93% higher than MCD64A1.",high,success
W2318568688,False,[],[],[],other,[],global,none,[],[],[],[],Soil scientists can contribute to UN Sustainable Development Goals through ecosystem services linked to soil functions and interdisciplinary collaboration.,low,success
W2582112541,True,[],"[""mental_health""]","[""general""]",systematic_review,"[""Australia"", ""Canada"", ""England"", ""United States""]",regional,none,[],"[""treatment quality standards"", ""healthcare access equity"", ""public awareness and stigma"", ""prevention programme availability""]",[],"[""Impact of increased awareness on symptom reporting"", ""Prevention programme effectiveness"", ""Optimal targeting of treatment to high-need populations"", ""Long-term population prevalence trends""]","Prevalence of mood and anxiety disorders has not decreased despite increased treatment provision, suggesting quality and prevention gaps.",high,success
W4283027359,True,"[""fire_weather""]","[""mental_health""]","[""general""]",systematic_review,"[""Kenya"", ""Africa""]",regional,explicit,[],"[""disruption of social structures"", ""disruption of economic structures"", ""low socioeconomic status""]","[{""subject"": ""wildfire event"", ""relation"": ""causes"", ""object"": ""disruption of social structures""}, {""subject"": ""wildfire event"", ""relation"": ""causes"", ""object"": ""disruption of economic structures""}, {""subject"": ""disruption of social structures"", ""relation"": ""increases_risk_of"", ""object"": ""mental health disorders""}, {""subject"": ""disruption of economic structures"", ""relation"": ""increases_risk_of"", ""object"": ""mental health disorders""}]","[""Need for more contextual awareness and research in Africa"", ""Limited research on climate change mental health nexus in Africa""]","Climate change disrupts social and economic structures in Africa, increasing mental health vulnerability in low- and middle-income populations.",medium,success
W4311673720,True,"[""wildfire_smoke"", ""PM2.5""]","[""mortality"", ""respiratory"", ""cardiovascular""]","[""general"", ""elderly""]",time_series,"[""Brazil""]",national,explicit,"[""oxidative stress"", ""airway inflammation"", ""systemic inflammation"", ""endothelial dysfunction""]","[""geographic location"", ""age-related vulnerability"", ""sex-based differences""]","[{""subject"": ""wildfire smoke"", ""relation"": ""causes"", ""object"": ""PM2.5""}, {""subject"": ""PM2.5"", ""relation"": ""increases_risk_of"", ""object"": ""all-cause mortality""}, {""subject"": ""PM2.5"", ""relation"": ""increases_risk_of"", ""object"": ""respiratory mortality""}, {""subject"": ""PM2.5"", ""relation"": ""increases_risk_of"", ""object"": ""cardiovascular mortality""}]",[],"Short-term wildfire-related PM2.5 exposure increases all-cause, cardiovascular, and respiratory mortality, with stronger effects in females and elderly populations in Brazil.",high,success
W2944682344,False,[],[],[],other,[],not_specified,none,[],[],[],[],Disturbance ecology provides a valuable framework for interpreting climate-related disturbance events and managing ecosystems in changing conditions.,low,success
W2208007485,False,[],[],[],modelling,"[""United States""]",national,none,[],[],[],[],Agricultural adaptation to climate change has mitigated less than half of extreme heat impacts on productivity.,low,success
W3193177704,False,[],[],[],other,[],not_specified,none,[],[],[],[],"Terpenoids are diverse plant metabolites with ecological functions and applications as pharmaceuticals, flavours, fragrances, pesticides and biofuels.",low,success
W1999387010,False,[],[],[],modelling,[],not_specified,none,[],[],[],[],Trait-based models can translate functional restoration targets into manipulable species assemblages using ecological theory.,medium,success
W4367173835,True,"[""fire_weather"", ""heat_stress"", ""other""]","[""respiratory"", ""cardiovascular"", ""mental_health"", ""mortality"", ""other""]","[""outdoor_workers"", ""general""]",systematic_review,[],global,explicit,[],"[""occupational exposure"", ""low socioeconomic status"", ""limited healthcare access"", ""health equity disparities""]","[{""subject"": ""climate change"", ""relation"": ""increases_risk_of"", ""object"": ""worker heat stress""}, {""subject"": ""climate change"", ""relation"": ""increases_risk_of"", ""object"": ""occupational biological hazards""}, {""subject"": ""climate change"", ""relation"": ""increases_risk_of"", ""object"": ""worker mental health disorders""}, {""subject"": ""climate change"", ""relation"": ""increases_risk_of"", ""object"": ""worker morbidity and mortality""}]","[""Limited research on air pollution occupational exposure"", ""Insufficient ultraviolet radiation hazard studies"", ""Lack of industrial transition research"", ""Gap in built environment hazard knowledge"", ""Need for health equity research"", ""Causality and prevalence data lacking"", ""Surveillance systems absent"", ""Intervention effectiveness poorly studied"", ""Socioeconomic impact research needed"", ""Geoengineering worker hazard research absent""]","Outdoor workers face increasing climate-related health hazards; substantial research gaps exist across air pollution, mental health, and health equity.",high,success
W4399425561,True,"[""wildfire_smoke"", ""PM2.5""]","[""mortality""]","[""general""]",modelling,"[""United States""]",regional,none,[],[],"[{""subject"": ""wildfire smoke"", ""relation"": ""causes"", ""object"": ""PM2.5""}, {""subject"": ""PM2.5"", ""relation"": ""increases_risk_of"", ""object"": ""premature mortality""}]","[""Few studies quantified long-term outcomes"", ""No prior wildfire-specific chronic dose-response mortality coefficient""]","Wildfire PM2.5 in California caused 52,480–55,710 premature deaths from 2008–2018, representing $432–456 billion in economic impact.",high,success
W2784243064,False,"[""direct_fire""]",[],"[""low_income"", ""indigenous"", ""racial_minorities""]",qualitative,"[""United States""]",local,explicit,[],"[""marginalization"", ""institutional inequality"", ""unequal resource access"", ""differential political power"", ""structural facilitation of privilege""]","[{""subject"": ""wildfire event"", ""relation"": ""is_associated_with"", ""object"": ""differential risk distribution""}, {""subject"": ""wildfire event"", ""relation"": ""is_associated_with"", ""object"": ""marginalization of low-income communities""}, {""subject"": ""facilitation of privileged groups"", ""relation"": ""increases_risk_of"", ""object"": ""vulnerability among marginalized populations""}]",[],Marginalization and facilitation jointly structure differential wildfire vulnerability in urban Arizona.,medium,success
W3177272898,False,"[""fire_weather""]",[],[],modelling,"[""Australia""]",local,none,[],[],[],[],Deep neural network framework achieves 95.1% ROC accuracy for forest fire risk prediction in Sydney's Northern Beaches.,medium,success
W1978107590,False,"[""wildfire_smoke"", ""fire_weather""]",[],[],other,"[""Australia""]",national,none,[],[],"[{""subject"": ""wildfire event"", ""relation"": ""causes"", ""object"": ""smoke exposure""}, {""subject"": ""wildfire smoke"", ""relation"": ""is_associated_with"", ""object"": ""human health impacts""}, {""subject"": ""climate change"", ""relation"": ""increases_risk_of"", ""object"": ""fire weather severity""}]","[""Uncertainty in ecosystem responses to climate change and fire"", ""Lack of explanation for invasive grass competitiveness"", ""Need for targeted ecosystem monitoring and experiments"", ""Unknown long-term effects of prescribed burning treatments"", ""Limited understanding of X-factor interactions with fire regimes""]","Climate change will alter fire regimes across Australia's megadiverse continent, requiring regionally tailored adaptive management strategies combining fire suppression, fuel management, and biodiversity conservation.",medium,success
W2343787371,False,[],[],[],other,"[""Australia"", ""New Zealand""]",regional,none,[],[],[],"[""ecosystem response to fire disturbances"", ""spatial and ecological management challenges"", ""ecosystem response to drought and climate change""]",OzFlux network demonstrates Australian ecosystems have lower water-use efficiency but similar radiation-use efficiency compared to global systems.,high,success
W4389613245,True,"[""wildfire_smoke"", ""PM2.5""]","[""respiratory"", ""other""]","[""general""]",experimental,"[""United States""]",regional,implicit,"[""carcinogenic hexavalent chromium exposure"", ""oxidative stress from metals""]","[""proximity to metal-rich geologies"", ""geographic distribution of wildfire risk""]","[{""subject"": ""wildfire event"", ""relation"": ""causes"", ""object"": ""hexavalent chromium transformation in soil""}, {""subject"": ""wildfire smoke"", ""relation"": ""causes"", ""object"": ""PM2.5 with reactive hexavalent chromium""}, {""subject"": ""PM2.5"", ""relation"": ""increases_risk_of"", ""object"": ""cancer from metal toxin inhalation""}, {""subject"": ""fire severity"", ""relation"": ""increases_risk_of"", ""object"": ""hexavalent chromium formation""}, {""subject"": ""metal-rich geologies"", ""relation"": ""exacerbates"", ""object"": ""wildfire smoke toxicity""}]","[""Health impacts of fire-altered toxic metals underrecognized"", ""Geographic distribution of metal-bearing soils and fire overlap unclear""]","Wildfire temperatures convert soil chromium to carcinogenic hexavalent form, persisting in wind-dispersible ash particularly in metal-rich geologies.",high,success
W2726805399,False,[],[],[],systematic_review,"[""Arctic"", ""Canada"", ""Alaska"", ""Scandinavia"", ""Russia""]",global,none,[],[],[],"[""Regional variation in climate impacts on Rangifer populations"", ""Long-term population resilience under rapid climate change""]","Climate change threatens Arctic caribou and reindeer populations through varied environmental impacts, requiring region-specific management strategies.",high,success
W4387573088,True,"[""wildfire_smoke"", ""fire_weather""]","[""respiratory"", ""other""]","[""indigenous"", ""other""]",qualitative,"[""Cambodia"", ""Indonesia"", ""Laos"", ""Malaysia"", ""Myanmar"", ""Philippines"", ""Singapore"", ""Thailand"", ""Vietnam""]",regional,explicit,"[""respiratory irritation"", ""airway inflammation""]","[""indigenous knowledge systems"", ""limited policy representation"", ""health system preparedness gaps"", ""socioeconomic vulnerability""]","[{""subject"": ""wildfire_smoke"", ""relation"": ""causes"", ""object"": ""respiratory conditions""}, {""subject"": ""wildfire_smoke"", ""relation"": ""causes"", ""object"": ""skin irritations""}, {""subject"": ""wildfire_event"", ""relation"": ""increases_risk_of"", ""object"": ""health impacts in indigenous populations""}]","[""Indigenous community strategies in climate adaptation underutilized"", ""Limited representation of indigenous voices in ASEAN policy"", ""Need for translation of scientific knowledge to practice"", ""Health system preparedness gaps in Southeast Asia""]",Indigenous populations in Southeast Asia face disproportionate climate and health risks; their knowledge and leadership are essential for sustainable adaptation.,medium,success
W2950875018,False,[],[],[],other,[],not_specified,none,[],[],[],[],Fossil fuel industry sponsorship of scientific conferences and research should be banned analogously to tobacco industry restrictions.,low,success
W2105365764,False,[],[],[],systematic_review,[],global,none,[],[],[],[],Invasive species drive biodiversity loss and ecosystem degradation; management strategies including risk assessment and early detection show promise.,low,success
W2069361111,False,"[""fire_weather""]",[],[],other,"[""Greece""]",local,none,[],[],[],"[""Long-term studies needed for precise fire danger class ranges"", ""Optimal duff moisture content thresholds for Mediterranean environments unknown""]",Canadian Fire Weather Index system requires Mediterranean-specific recalibration for fire danger classification in dry eastern Mediterranean climates.,high,success
W2742999402,False,"[""fire_weather""]",[],[],modelling,"[""Europe""]",regional,none,[],[],[],[],European population faces increasing risk from weather-related hazards over time.,low,success
W4379768925,True,"[""wildfire_smoke""]","[""other""]","[""general"", ""racial_minorities"", ""low_income"", ""other""]",cross_sectional,"[""United States""]",national,explicit,[],"[""racial or ethnic minority status"", ""limited English proficiency"", ""lower educational attainment"", ""crowded housing conditions"", ""social disadvantage""]","[{""subject"": ""wildfire smoke"", ""relation"": ""is_associated_with"", ""object"": ""exposure in socially disadvantaged communities""}, {""subject"": ""wildfire event"", ""relation"": ""is_associated_with"", ""object"": ""increased disparities in smoke exposure""}]",[],"Wildfire smoke exposure increased 2011-2021, disproportionately affecting racial minorities and socially disadvantaged communities.",high,success
W3126898285,True,"[""wildfire_smoke"", ""PM2.5""]","[""respiratory"", ""cardiovascular"", ""mental_health""]","[""general"", ""children"", ""indigenous""]",cohort,"[""Canada""]",regional,explicit,"[""airway inflammation"", ""oxidative stress"", ""systemic inflammation""]","[""low socioeconomic status"", ""limited healthcare access"", ""housing quality"", ""cultural factors"", ""public health messaging effectiveness""]","[{""subject"": ""wildfire smoke"", ""relation"": ""causes"", ""object"": ""PM2.5""}, {""subject"": ""PM2.5"", ""relation"": ""increases_risk_of"", ""object"": ""respiratory illness""}, {""subject"": ""PM2.5"", ""relation"": ""increases_risk_of"", ""object"": ""cardiovascular illness""}, {""subject"": ""wildfire smoke"", ""relation"": ""increases_risk_of"", ""object"": ""health resource utilization""}, {""subject"": ""prolonged wildfire smoke exposure"", ""relation"": ""exacerbates"", ""object"": ""mental health impacts""}]","[""effectiveness of at-home air filtration systems"", ""clean-air shelter implementation and impact"", ""public health messaging addressing mental health"", ""physical activity support during smoke events""]","Severe 2014 wildfire season increased health resource utilization, with disproportionate impacts on children and Indigenous populations.",medium,success
W2029496791,False,[],[],"[""indigenous""]",systematic_review,"[""Australia"", ""Canada"", ""United States""]",regional,none,[],[],[],"[""Limited social science research on contemporary Indigenous wildfire management"", ""Obstacles to research with Indigenous communities"", ""Knowledge about Indigenous culture influence on fire management""]","Social science research on Indigenous wildfire management is limited in Australia, Canada, and the United States despite research interest.",high,success
W4387303135,False,[],[],[],modelling,"[""United States""]",regional,none,[],[],[],[],"Climate warming reduces prescribed fire windows by 17% overall, with significant spring and summer declines but winter increases.",high,success
W2157336321,True,"[""other""]","[""other""]","[""general""]",other,[],global,implicit,"[""increased vulnerability to chemical exposures""]","[""psychosocial stress"", ""dietary changes"", ""coexposure to high temperatures""]","[{""subject"": ""global climate change"", ""relation"": ""increases_risk_of"", ""object"": ""exposure to environmental pollutants""}, {""subject"": ""global climate change"", ""relation"": ""increases_risk_of"", ""object"": ""psychosocial stress""}, {""subject"": ""global climate change"", ""relation"": ""increases_risk_of"", ""object"": ""high temperature coexposure""}, {""subject"": ""high temperature coexposure"", ""relation"": ""increases_risk_of"", ""object"": ""human vulnerability to chemicals""}]","[""How exposure patterns will change under different climate scenarios"", ""Adequacy of current monitoring methods for episodic exposure changes"", ""Cumulative effects of multiple chemical and climate stressors""]","Global climate change will alter chemical exposure pathways and human vulnerability, requiring revision of current risk assessment practices.",medium,success
W3210679953,True,"[""wildfire_smoke"", ""heat_stress"", ""displacement"", ""other""]","[""reproductive"", ""other""]","[""pregnant"", ""children"", ""elderly"", ""low_income"", ""racial_minorities"", ""other""]",qualitative,"[""global""]",global,explicit,[],"[""low socioeconomic status"", ""limited healthcare access"", ""inequitable resource distribution"", ""gender inequality"", ""displacement and family disruption""]","[{""subject"": ""wildfire event"", ""relation"": ""causes"", ""object"": ""air pollution""}, {""subject"": ""wildfire event"", ""relation"": ""causes"", ""object"": ""displacement of populations""}, {""subject"": ""wildfire event"", ""relation"": ""increases_risk_of"", ""object"": ""adverse reproductive health outcomes""}, {""subject"": ""air pollution"", ""relation"": ""increases_risk_of"", ""object"": ""adverse maternal health outcomes""}]","[""Need for society-wide climate solutions"", ""Need for government policies on fossil fuels""]","Climate change, including wildfires and air pollution, disproportionately threatens pregnant women and reproductive health, requiring advocacy and mitigation strategies.",medium,success
W2102274120,False,[],[],[],other,[],not_specified,none,[],[],[],[],"Natural history knowledge is vital to multiple disciplines including human health and conservation, but support has declined in developed economies.",low,success
W2131275242,False,[],[],[],other,[],not_specified,none,[],[],[],[],Mismeasured variables in regression analysis produce downward biased estimates toward zero.,low,success
W3125398380,True,"[""PM2.5""]","[""other""]","[""general""]",experimental,"[""South Korea"", ""United States""]",local,none,"[""filaggrin degradation inhibition"", ""TNF-α induction"", ""aryl hydrocarbon receptor activation"", ""transepidermal water loss increase"", ""skin barrier dysfunction""]",[],"[{""subject"": ""PM2.5"", ""relation"": ""causes"", ""object"": ""TNF-α induction""}, {""subject"": ""TNF-α"", ""relation"": ""causes"", ""object"": ""filaggrin deficiency""}, {""subject"": ""filaggrin deficiency"", ""relation"": ""causes"", ""object"": ""skin barrier dysfunction""}, {""subject"": ""PM2.5"", ""relation"": ""causes"", ""object"": ""increased transepidermal water loss""}, {""subject"": ""skin barrier dysfunction"", ""relation"": ""increases_risk_of"", ""object"": ""atopic dermatitis exacerbation""}]",[],"PM2.5 inhibits filaggrin via TNF-α signalling, compromising skin barrier function and potentially exacerbating atopic dermatitis.",high,success
W2145139936,False,[],[],[],modelling,[],not_specified,none,[],[],[],[],Pattern-oriented modelling enables multi-scale ecological system calibration for predictive accuracy across complexity levels.,medium,success
W2330520741,False,[],[],[],other,[],not_specified,none,[],[],[],[],Education may reduce vulnerability to natural disasters and climate change impacts.,low,success
W1994139622,False,[],[],[],cross_sectional,"[""United States""]",regional,none,[],[],[],[],"Fire suppression in interior Alaska reduced area burned by 50% in designated zones, with human-caused fires remaining smaller than lightning-caused fires.",high,success
W2517342784,False,[],[],[],modelling,[],global,none,[],[],[],[],"Global human footprint increased 9% from 1993-2009, with pressures concentrated in high-biodiversity regions despite overall economic growth.",medium,success
W2007117895,True,"[""PM2.5""]","[""respiratory""]",[],experimental,"[""United States""]",local,none,"[""oxidative stress"", ""airway inflammation"", ""cytokine release"", ""epithelial cell damage""]",[],"[{""subject"": ""PM2.5"", ""relation"": ""causes"", ""object"": ""oxidative stress""}, {""subject"": ""PM2.5"", ""relation"": ""causes"", ""object"": ""interleukin-6 release""}, {""subject"": ""PM2.5"", ""relation"": ""causes"", ""object"": ""interleukin-8 release""}, {""subject"": ""iron"", ""relation"": ""mediates"", ""object"": ""interleukin-6 release""}, {""subject"": ""chromium"", ""relation"": ""mediates"", ""object"": ""interleukin-8 release""}]","[""elemental constituents role in seasonal variations""]","Seasonal PM composition variations and elemental constituents (iron, chromium, silicon) drive different inflammatory and oxidative responses in lung cells.",high,success
W3214589077,False,"[""fire_weather""]",[],[],modelling,"[""United States""]",regional,none,[],[],"[{""subject"": ""daily temperature extremes"", ""relation"": ""increases_risk_of"", ""object"": ""wildfire occurrence""}, {""subject"": ""daily temperature extremes"", ""relation"": ""increases_risk_of"", ""object"": ""burned area""}]",[],Daily temperature increases nonlinearly increase fire occurrence and burned area risk in Sierra Nevada; projections suggest 51% increase in fire number by 2040s.,high,success
W2096579424,False,[],[],[],systematic_review,"[""United States""]",regional,none,[],[],"[{""subject"": ""wildfire smoke"", ""relation"": ""causes"", ""object"": ""lichen decline""}, {""subject"": ""wildfire smoke"", ""relation"": ""is_associated_with"", ""object"": ""Arctic tundra ecosystem change""}]","[""Magnitude and extent of lichen decline across Arctic"", ""Integrated research programme for quantifying ecosystem changes""]","Wildfire, caribou disturbance, plant competition, and climate warming collectively reduce lichen ground cover in Arctic tundra.",medium,success
W1994414501,False,[],[],[],other,[],not_specified,none,[],[],[],[],"Geographic information systems encompass morphology, remote sensing, epidemiology, health geography, smart cities, and big data applications.",low,success
W2176633491,False,[],[],"[""general""]",cross_sectional,"[""United States""]",national,none,[],[],[],"[""Understanding of specific health harms from climate change"", ""Identification of affected populations""]",Most Americans recognise climate warming harms health but lack understanding of specific harms or vulnerable populations.,medium,success
W4391467515,True,"[""wildfire_smoke"", ""heat_stress""]","[""respiratory"", ""cardiovascular""]","[""general"", ""racial_minorities"", ""low_income""]",time_series,"[""United States""]",regional,explicit,"[""airway inflammation"", ""cardiovascular stress response""]","[""low socioeconomic status"", ""limited health insurance coverage"", ""lower education attainment"", ""higher population density"", ""lower tree canopy coverage"", ""racial/ethnic minorities""]","[{""subject"": ""wildfire smoke"", ""relation"": ""causes"", ""object"": ""PM2.5""}, {""subject"": ""PM2.5"", ""relation"": ""increases_risk_of"", ""object"": ""cardiorespiratory hospitalizations""}, {""subject"": ""wildfire event"", ""relation"": ""causes"", ""object"": ""extreme heat""}, {""subject"": ""extreme heat"", ""relation"": ""increases_risk_of"", ""object"": ""cardiorespiratory hospitalizations""}, {""subject"": ""wildfire smoke"", ""relation"": ""exacerbates"", ""object"": ""heat-related cardiorespiratory hospitalizations""}]",[],"Synergistic effects of extreme heat and wildfire smoke on cardiorespiratory hospitalizations vary spatially, with vulnerable communities experiencing disproportionate impacts.",high,success
W2903128119,True,"[""wildfire_smoke"", ""PM2.5"", ""other""]","[""respiratory"", ""cardiovascular"", ""mortality"", ""other""]","[""general"", ""low_income""]",systematic_review,[],global,explicit,[],"[""low socioeconomic status"", ""limited healthcare access"", ""resource scarcity""]","[{""subject"": ""wildfire event"", ""relation"": ""causes"", ""object"": ""PM2.5""}, {""subject"": ""PM2.5"", ""relation"": ""causes"", ""object"": ""respiratory disease""}, {""subject"": ""PM2.5"", ""relation"": ""causes"", ""object"": ""cardiovascular disease""}, {""subject"": ""wildfire event"", ""relation"": ""increases_risk_of"", ""object"": ""mortality""}]","[""Climate change health effects poorly captured in GBD metrics"", ""Artificial separation ignores common origins of pollution and climate toxins"", ""Health impacts of climate change not yet well quantified""]","Comprehensive interventions addressing pollution and climate change simultaneously can reduce disease burden and premature death, particularly in low-income countries.",medium,success
W2963505278,False,[],[],[],other,[],not_specified,none,[],[],[],"[""Translating species or gene composition into microbiome functionality""]",Soil microbiome biodiversity enhances plant growth resilience and beneficial functions through community ecology mechanisms.,medium,success
W2969304921,False,"[""wildfire_smoke"", ""direct_fire""]",[],[],other,[],global,none,[],[],[],[],"Fire management must integrate resilience theory, historical data, and multiscale perspectives to balance ecosystem services with human protection.",low,success
W1996692504,False,[],[],"[""general"", ""children"", ""elderly""]",cross_sectional,"[""United States"", ""Canada"", ""Malta""]",global,implicit,[],[],[],"[""Health risk salience of climate change among public"", ""Top-of-mind health associations with climate change""]","Majorities in US, Canada, Malta believe climate change poses health risks, but lacks salience as health issue.",high,success
W3083548889,False,"[""direct_fire""]",[],[],cross_sectional,"[""United States""]",national,implicit,[],"[""wildland-urban interface development"", ""residential expansion in flammable areas"", ""climate-driven wildfire increases""]","[{""subject"": ""wildfire event"", ""relation"": ""is_associated_with"", ""object"": ""homes threatened in wildland-urban interface""}, {""subject"": ""human-ignited wildfire"", ""relation"": ""causes"", ""object"": ""residential home destruction""}, {""subject"": ""warmer drier conditions"", ""relation"": ""exacerbates"", ""object"": ""human-caused wildfire risk""}]",[],"Human-caused wildfires threatened 97% of residential homes at risk, with 2.5 million homes annually threatened in the wildland-urban interface.",high,success
W3193954967,True,"[""PM2.5""]","[""respiratory"", ""cardiovascular"", ""other""]","[""general""]",systematic_review,[],not_specified,none,"[""oxidative stress"", ""redox reactions"", ""metal bioavailability"", ""systemic inflammation""]",[],"[{""subject"": ""PM2.5"", ""relation"": ""causes"", ""object"": ""oxidative stress""}, {""subject"": ""PM2.5"", ""relation"": ""causes"", ""object"": ""systemic health effects""}, {""subject"": ""transition metals in PM2.5"", ""relation"": ""increases_risk_of"", ""object"": ""oxidative stress""}, {""subject"": ""sulfur compounds in PM2.5"", ""relation"": ""exacerbates"", ""object"": ""metal bioavailability""}]","[""need to recognize PM2.5 as source-driven complex mixture"", ""further quantification of source-specific health risks needed""]","Fossil fuel combustion metals in PM2.5, especially transition metals, generate oxidative stress and systemic health effects through redox reactions and enhanced bioavailability.",high,success
W2322658902,False,[],[],[],systematic_review,"[""Europe""]",regional,none,[],[],[],[],"Close-to-nature silviculture enhances forest adaptive capacity to climate change through structural diversity and tree stress resistance, but requires additional regeneration methods for species richness.",medium,success
W2405947432,True,"[""PM2.5""]",[],"[""general""]",other,[],not_specified,implicit,"[""glucose dysregulation"", ""lipid metabolism alteration""]",[],"[{""subject"": ""PM2.5"", ""relation"": ""is_associated_with"", ""object"": ""alterations in glucose levels""}, {""subject"": ""PM2.5"", ""relation"": ""is_associated_with"", ""object"": ""HbA1c alterations""}, {""subject"": ""PM2.5"", ""relation"": ""is_associated_with"", ""object"": ""lipid level alterations""}]",[],"Intermediate-term PM exposure is associated with glucose, HbA1c, and lipid alterations, especially in people with diabetes.",low,success
W4379231027,False,[],[],[],systematic_review,"[""United States""]",global,none,[],[],[],"[""Integration of multiple spatial-temporal scales"", ""Coupling of aerospace and earth observations"", ""Discipline fusion in wildfire research""]","Forest wildfire research has grown 22.45% annually over 20 years, with focus on occurrence, severity, management, and climate interactions.",medium,success
W2902515631,False,[],[],[],other,[],not_specified,none,[],[],[],[],Framework using complex adaptive systems approach to build resilience in public health emergency preparedness.,low,success
W3195167447,True,"[""PM2.5"", ""other""]","[""respiratory"", ""cardiovascular"", ""mortality"", ""other""]","[""general""]",systematic_review,[],not_specified,none,[],[],"[{""subject"": ""wildfire event"", ""relation"": ""is_associated_with"", ""object"": ""air pollution""}, {""subject"": ""air pollution"", ""relation"": ""is_associated_with"", ""object"": ""human health impacts""}, {""subject"": ""climate change"", ""relation"": ""exacerbates"", ""object"": ""air pollution health risks""}]","[""Limited integration of climate and air pollution impact assessment"", ""Process-based models underdeveloped for health impacts"", ""Methodological differences between health and agricultural communities"", ""Few studies address combined climate and air pollution effects""]",Climate change and air pollution interact to amplify health and agricultural risks; integration of impact assessment and policy development is needed.,medium,success
W2161380895,False,[],[],[],systematic_review,[],global,none,[],[],[],[],"Tropical forests face multiple interconnected anthropogenic pressures including deforestation, fire, fragmentation, and climate change, with trajectories toward fundamental ecosystem alteration.",medium,success
W4365136130,True,"[""other""]","[""reproductive""]","[""pregnant""]",other,[],not_specified,explicit,[],"[""healthcare access"", ""policy environment"", ""clinical support""]",[],[],Physicians can protect pregnant persons and children by advocating climate policy and providing clinical recommendations.,low,success
W4387167601,False,"[""fire_weather""]",[],[],systematic_review,[],global,none,[],[],"[{""subject"": ""climate change"", ""relation"": ""increases_risk_of"", ""object"": ""extreme weather events""}, {""subject"": ""extreme weather events"", ""relation"": ""causes"", ""object"": ""mortality""}]",[],"Climate change caused USD 143 billion per year in extreme weather costs globally over 20 years, primarily through mortality.",medium,success
W1981691527,False,[],[],[],other,[],global,none,[],[],[],[],"Natural disasters between 1980–2004 killed two million and affected five billion people globally, with ~$1 trillion direct economic damage.",low,success
W2938515058,False,"[""wildfire_smoke"", ""direct_fire"", ""fire_weather""]",[],[],other,[],global,none,[],"[""climate change"", ""population growth"", ""unsustainable land-use practices"", ""limited fire management capacity"", ""socioeconomic inequality""]","[{""subject"": ""wildfire event"", ""relation"": ""exacerbates"", ""object"": ""biodiversity loss""}, {""subject"": ""wildfire event"", ""relation"": ""increases_risk_of"", ""object"": ""ecosystem service disruption""}, {""subject"": ""climate change"", ""relation"": ""causes"", ""object"": ""increased wildfire frequency""}, {""subject"": ""wildfire event"", ""relation"": ""is_associated_with"", ""object"": ""economic costs""}]","[""Limited statistics on wildfire cost trends"", ""Insufficient knowledge of future fire activity changes"", ""Gap between current fire management capacity and emerging needs""]","Global wildfires are increasing due to climate change and land-use practices, requiring adaptive governance integrating traditional fire knowledge and community engagement.",medium,success
W3203439288,True,"[""heat_stress"", ""fire_weather""]",[],"[""general"", ""low_income"", ""rural""]",modelling,"[""Brazil""]",regional,explicit,"[""heat stress"", ""wet-bulb globe temperature exceeding adaptation limit""]","[""social vulnerability"", ""low socioeconomic status""]","[{""subject"": ""wildfire event"", ""relation"": ""is_associated_with"", ""object"": ""deforestation and savannization""}, {""subject"": ""wildfire event"", ""relation"": ""increases_risk_of"", ""object"": ""heat stress exposure""}, {""subject"": ""deforestation"", ""relation"": ""increases_risk_of"", ""object"": ""heat stress exposure""}, {""subject"": ""heat_stress"", ""relation"": ""causes"", ""object"": ""extreme health risk""}]",[],Deforestation-induced heat stress comparable to RCP8.5 climate change; over 11 million exposed by 2100.,high,success
W2807011459,False,[],[],[],other,"[""Africa""]",regional,none,[],[],[],"[""interactions among threats poorly understood"", ""consequences for ecosystem health unknown"", ""mechanisms of functional trait vulnerability unclear""]",African savannas' plant functional traits differentially determine their susceptibility and resilience to anthropogenic drivers.,low,success
W4386316795,False,"[""wildfire_smoke"", ""direct_fire"", ""fire_weather""]",[],[],systematic_review,[],global,none,[],[],"[{""subject"": ""wildfire event"", ""relation"": ""is_associated_with"", ""object"": ""climate change""}, {""subject"": ""wildfire event"", ""relation"": ""is_associated_with"", ""object"": ""land use changes""}, {""subject"": ""wildfire event"", ""relation"": ""is_associated_with"", ""object"": ""invasive species""}]",[],"Fire regime changes driven by climate, land use, and invasive species reshape planetary processes and human exposure to wildfires.",medium,success
W4321169580,False,"[""wildfire_smoke"", ""heat_stress"", ""other""]",[],"[""general"", ""children"", ""elderly"", ""low_income"", ""racial_minorities"", ""other""]",other,"[""United States""]",global,explicit,[],"[""low socioeconomic status"", ""limited healthcare access"", ""health disparities"", ""social capital"", ""public health infrastructure""]","[{""subject"": ""wildfire event"", ""relation"": ""causes"", ""object"": ""injury and death""}, {""subject"": ""wildfire event"", ""relation"": ""causes"", ""object"": ""homelessness""}, {""subject"": ""wildfire event"", ""relation"": ""is_associated_with"", ""object"": ""respiratory and cardiovascular disease""}, {""subject"": ""wildfire event"", ""relation"": ""is_associated_with"", ""object"": ""mental health threats""}]","[""Integration of climate change content into nursing curricula"", ""Time constraints and content overload for educators"", ""Lack of training on education materials and policy""]",Nursing education must integrate climate change content to prepare workforce for emerging health threats including wildfires and heat stress.,low,success
W604249450,False,[],[],[],other,[],global,none,[],[],[],[],"The Sendai Framework elevates health, resilience, and well-being in global disaster risk reduction policy compared to previous frameworks.",low,success
W2062511876,False,[],[],[],systematic_review,"[""United States""]",global,none,[],[],[],[],"Proposes comprehensive research framework for sustainability science across multiple domains including climate, biodiversity, agriculture, and health.",low,success
W2152286467,False,[],[],[],experimental,"[""Mozambique"", ""Zimbabwe""]",regional,none,[],[],[],"[""Links between fire intensity and tree top-kill mechanisms"", ""Relationship between fire intensity and resprouting rates"", ""Protection thresholds for large stems under intense fires""]",Low-intensity fires are required to maintain miombo woodland biomass across all fire frequencies; tree populations are highly sensitive to fire intensity.,high,success
W4293125193,False,[],[],[],other,[],not_specified,none,[],[],[],[],The 3–30–300 rule provides evidence-based thresholds for equitable urban green space access to promote public health and climate resilience.,medium,success
W2902223523,False,[],[],[],cross_sectional,"[""Brazil""]",regional,none,[],[],"[{""subject"": ""wildfire event"", ""relation"": ""is_associated_with"", ""object"": ""fuel accumulation""}, {""subject"": ""wildfire event"", ""relation"": ""is_associated_with"", ""object"": ""fire exclusion policy""}]",[],"Integrated Fire Management prevented megafires in protected areas, while fire exclusion policies led to catastrophic megafire events in the Cerrado.",medium,success
W2141713151,False,[],[],[],other,"[""South Africa""]",regional,none,[],[],[],[],"Riparian ecosystem restoration requires frameworks integrating biogeography, invasive species dynamics, and resilience at multiple spatial scales.",medium,success
W1488939971,False,[],[],[],other,[],not_specified,none,[],[],[],[],Institutional arrangements must align with ecosystem structure and function for effective resource management.,low,success
W2996428800,False,[],[],[],systematic_review,[],global,none,[],[],[],"[""Fewer global risk studies for geological hazards"", ""Limited future projections in geological hazard modelling"", ""Knowledge gaps between hazard communities""]",Global natural hazard risk models vary in methodology; earthquake/tsunami use probabilistic approaches while flood models incorporate future projections and risk reduction.,medium,success
W2971320974,False,[],[],[],other,[],not_specified,none,[],[],[],[],Gut microorganisms provide essential ecological and developmental functions across diverse animal hosts.,low,success
W4280549054,False,"[""wildfire_smoke""]",[],[],qualitative,"[""United States""]",regional,none,[],[],"[{""subject"": ""wildfire event"", ""relation"": ""causes"", ""object"": ""vegetation type conversion""}, {""subject"": ""high-severity fire"", ""relation"": ""causes"", ""object"": ""forest to shrubland conversion""}, {""subject"": ""wildfire event"", ""relation"": ""is_associated_with"", ""object"": ""climate warming interactions""}]","[""How to develop effective intervention strategies for VTC"", ""Which management approaches best address persistent ecosystem changes"", ""Long-term effectiveness of VTC reversal efforts""]","High-severity wildfire drives vegetation type conversion in southwestern US forests, primarily converting coniferous forests to shrubland with limited management intervention.",medium,success
W1987955374,True,"[""other""]","[""other""]","[""general""]",cross_sectional,[],not_specified,none,[],[],"[{""subject"": ""criteria air pollutants"", ""relation"": ""is_associated_with"", ""object"": ""IBD hospitalizations""}]","[""firm conclusions about association or causality needed""]",Criteria air pollutant emissions are associated with hospitalizations for inflammatory bowel disease in adults.,low,success
W4376132600,True,"[""fire_weather"", ""displacement"", ""heat_stress"", ""other""]","[""respiratory"", ""cardiovascular"", ""mortality"", ""other""]","[""low_income"", ""homeless"", ""other""]",qualitative,"[""Africa"", ""Malawi"", ""Madagascar""]",regional,explicit,[],"[""low socioeconomic status"", ""limited healthcare access"", ""poor housing quality"", ""overcrowding"", ""social exclusion"", ""stigma"", ""lack of political power"", ""inadequate infrastructure"", ""food insecurity"", ""water insecurity""]","[{""subject"": ""wildfire event"", ""relation"": ""exacerbates"", ""object"": ""health vulnerabilities in prisons""}, {""subject"": ""wildfire event"", ""relation"": ""increases_risk_of"", ""object"": ""mortality""}, {""subject"": ""extreme weather events"", ""relation"": ""causes"", ""object"": ""infrastructural damage""}, {""subject"": ""extreme weather events"", ""relation"": ""increases_risk_of"", ""object"": ""disease outbreaks""}]","[""Intersection between climate change, conflict, disease, incarceration understudied"", ""Prison climate adaptation planning largely absent"", ""Limited evidence on incarcerated populations health impacts""]",African prison populations face severe climate and conflict-related health threats compounded by inadequate infrastructure and healthcare resources.,medium,success
W1998494818,False,[],[],[],other,[],not_specified,none,[],[],[],[],A standardised classification system for evaluating environmental impacts of invasive alien species based on IUCN mechanisms.,medium,success
W4390273968,True,"[""wildfire_smoke"", ""PM2.5""]","[""respiratory""]","[""general""]",modelling,"[""United States""]",local,none,"[""airway inflammation""]",[],"[{""subject"": ""wildfire event"", ""relation"": ""causes"", ""object"": ""PM2.5""}, {""subject"": ""PM2.5"", ""relation"": ""increases_risk_of"", ""object"": ""asthma exacerbation""}, {""subject"": ""wildfire smoke"", ""relation"": ""causes"", ""object"": ""PM2.5 exposure""}, {""subject"": ""prescribed burning"", ""relation"": ""causes"", ""object"": ""smoke emissions""}, {""subject"": ""prescribed burning"", ""relation"": ""increases_risk_of"", ""object"": ""community smoke exposure""}, {""subject"": ""prescribed burning"", ""relation"": ""protects_against"", ""object"": ""extreme wildfire risk""}]","[""application to other fire-prone landscapes""]","Moderate prescribed burning reduces wildfire PM2.5 exposures and asthma impacts, but benefits plateau with increased treatment due to prescribed burn smoke.",high,success
W2987584204,False,[],[],[],systematic_review,[],global,none,[],[],[],"[""Multi-scale research on disturbance processes needed"", ""Dynamic climate context for aspen sustainability unclear"", ""Regional research gaps not fully characterized""]",Aspen species serve as keystone ecosystems promoting biodiversity and ecosystem services across the northern hemisphere.,high,success
W3034522579,True,"[""wildfire_smoke"", ""displacement""]","[""mental_health"", ""other""]","[""indigenous"", ""general""]",qualitative,"[""Canada""]",local,explicit,[],"[""limited emergency management resources"", ""lack of information access"", ""remote location"", ""generic evacuation planning"", ""social support availability"", ""community leadership strength""]","[{""subject"": ""wildfire event"", ""relation"": ""causes"", ""object"": ""displacement""}, {""subject"": ""wildfire smoke"", ""relation"": ""causes"", ""object"": ""evacuation necessity""}, {""subject"": ""displacement"", ""relation"": ""is_associated_with"", ""object"": ""mental health impacts""}, {""subject"": ""lack of information about wildfire"", ""relation"": ""exacerbates"", ""object"": ""evacuation challenges""}, {""subject"": ""strong community leadership"", ""relation"": ""protects_against"", ""object"": ""evacuation-related harm""}]","[""Emergency management measures specific to First Nations"", ""Evacuation planning tailored to remote indigenous communities""]",Evacuation challenges in First Nations include information gaps and generic planning; strong leadership and social support enhanced community resilience.,high,success
W2098951325,False,"[""wildfire_smoke"", ""fire_weather""]",[],[],systematic_review,"[""United States""]",regional,none,[],[],"[{""subject"": ""wildfire event"", ""relation"": ""causes"", ""object"": ""shifts from conifer to deciduous forest composition""}, {""subject"": ""climate change"", ""relation"": ""increases_risk_of"", ""object"": ""wildfire frequency and severity""}]",[],"Climate change drives increased wildfire as dominant biophysical factor in Alaska's Interior-boreal forests, shifting species composition.",high,success
W3160960273,False,[],[],[],qualitative,"[""United States"", ""Canada"", ""Australia""]",global,none,[],[],[],[],Traditional Ecological Knowledge provides valuable insights for wildfire management and ecosystem restoration when integrated respectfully with Western science.,medium,success
W3201696117,False,[],[],[],modelling,[],global,none,[],[],[],"[""Human-fire interactions imperfectly understood"", ""Lacking integrative global framework"", ""Model insights often limited and contradictory"", ""Inconsistent policy and management guidance""]",Integrating diverse human-fire interaction models across scales could improve policy outcomes through explicit coupling and co-production.,medium,success
W2803190165,False,[],[],[],qualitative,"[""Brazil""]",regional,none,[],"[""swidden agricultural practices"", ""socioeconomic marginalization"", ""policy-driven disempowerment"", ""limited access to alternatives"", ""colonisation history""]","[{""subject"": ""restrictive fire management policies"", ""relation"": ""exacerbates"", ""object"": ""farmer vulnerability to escaped fire""}, {""subject"": ""anti-fire narrative"", ""relation"": ""is_associated_with"", ""object"": ""criminalisation of swidden agriculture""}, {""subject"": ""marginalisation of fire use"", ""relation"": ""is_associated_with"", ""object"": ""failed conservation interventions""}]","[""interplay between fire management and conservation on ground"", ""viability of fire-free alternatives in swidden contexts"", ""effective models for fire-based agriculture conservation""]","Restrictive fire policies fail to prevent escaped wildfires and disempower swidden farmers, jeopardising conservation partnerships and forest conservation goals.",high,success
W4383163295,False,[],[],[],systematic_review,[],global,none,[],[],[],"[""Security risks from climate change received little attention""]",Land use transformation in Global South towards conservation and agroforestry can increase resilience to climate and environmental security risks.,low,success
W3090214529,False,[],[],[],experimental,[],not_specified,none,[],[],[],[],Soil origin and host genetics structure distinct microbiome compartments in Medicago truncatula legumes.,low,success
W4360603582,True,"[""other""]","[""respiratory"", ""other""]","[""general"", ""other""]",systematic_review,"[""United States"", ""Mexico"", ""Peru"", ""Bolivia"", ""Chile"", ""Argentina"", ""Africa"", ""Asia""]",global,implicit,"[""inhalation of soil-dwelling fungi"", ""airway irritation from dust particles""]","[""limited disease surveillance"", ""underappreciation of dust hazards"", ""public awareness gaps""]","[{""subject"": ""wildfire event"", ""relation"": ""increases_risk_of"", ""object"": ""soil dust emission""}, {""subject"": ""soil dust"", ""relation"": ""causes"", ""object"": ""asthma""}, {""subject"": ""soil dust"", ""relation"": ""causes"", ""object"": ""allergies""}, {""subject"": ""soil dust"", ""relation"": ""causes"", ""object"": ""fungal infections""}, {""subject"": ""soil dust"", ""relation"": ""causes"", ""object"": ""Coccidioidomycosis""}, {""subject"": ""soil dust"", ""relation"": ""increases_risk_of"", ""object"": ""premature death""}]","[""Enhanced dust observations and prediction capabilities needed"", ""Improved soil conservation measures required"", ""Valley fever and disease surveillance gaps""]","Airborne soil dust in the Americas causes respiratory infections, fungal diseases, and premature mortality, requiring coordinated regional mitigation efforts.",high,success
W4393858498,False,[],[],[],other,[],global,explicit,[],"[""low socioeconomic status"", ""limited healthcare access"", ""climate vulnerability""]",[],[],COP28 landmark agreement calls for fossil fuel transition; health must drive climate action.,low,success
W2152821292,False,[],[],[],qualitative,[],global,none,[],[],[],[],"Global organ trade involves transnational networks of surgeons, brokers, and intermediaries operating within neoliberal capitalism.",low,success
W4383187456,True,"[""PM2.5"", ""other""]","[""mental_health""]",[],systematic_review,[],not_specified,none,[],"[""urban design""]","[{""subject"": ""air pollution"", ""relation"": ""is_associated_with"", ""object"": ""mental_health outcomes""}]","[""bioaerosols exposure impact on mental health"", ""indoor pollution effects on mental health"", ""outdoor pollution effects on mental health"", ""urban design impact on mental health"", ""life course mental health effects""]","Air quality impacts mental health; gaps exist in bioaerosol, indoor/outdoor pollution, and life course research.",low,success
W2145736592,False,[],[],[],modelling,[],not_specified,none,[],[],[],[],Agent-based and differential equation models produce different dynamics for disease diffusion metrics relevant to public health policy.,medium,success
W2807596255,False,[],[],[],modelling,"[""Australia"", ""Papua New Guinea"", ""Brazil"", ""Angola"", ""Botswana"", ""Burkina Faso"", ""Cameroon"", ""Central African Republic"", ""Chad"", ""Democratic Republic of the Congo"", ""Equatorial Guinea"", ""Gabon"", ""Ghana"", ""Guinea"", ""Guinea-Bissau"", ""Kenya"", ""Liberia"", ""Mali"", ""Mozambique"", ""Namibia"", ""Niger"", ""Nigeria"", ""Senegal"", ""South Africa"", ""Sudan"", ""Zambia"", ""Zimbabwe"", ""Tanzania"", ""Uganda""]",global,none,[],[],[],[],Early dry season burning in African savannas could reduce global emissions by 60.2 MtCO2-e annually in 20 least developed countries.,high,success
W2118053281,False,"[""direct_fire""]",[],[],qualitative,[],not_specified,none,[],[],[],[],Interdisciplinary research needed to understand human-fire interactions in tropical forests.,low,success
W4389611353,True,"[""wildfire_smoke"", ""PM2.5""]","[""respiratory""]","[""general""]",time_series,"[""United States""]",national,none,[],[],"[{""subject"": ""wildfire smoke"", ""relation"": ""causes"", ""object"": ""PM2.5""}, {""subject"": ""PM2.5"", ""relation"": ""increases_risk_of"", ""object"": ""asthma-related emergency department visits""}]","[""Whether fire characteristics affect smoke toxicity"", ""Impact of transboundary smoke on local air quality""]","Fire-specific smoke PM2.5 exposure drives excess asthma ED visits, but severity measures poorly predict population health impacts.",high,success
W4376107932,True,"[""wildfire_smoke"", ""PM2.5""]","[""respiratory"", ""cardiovascular""]","[""general"", ""children""]",case_crossover,"[""United States""]",regional,explicit,"[""airway inflammation"", ""asthma exacerbation""]",[],"[{""subject"": ""wildfire smoke"", ""relation"": ""causes"", ""object"": ""PM2.5""}, {""subject"": ""wildfire smoke"", ""relation"": ""increases_risk_of"", ""object"": ""asthma ED visits""}, {""subject"": ""wildfire smoke"", ""relation"": ""increases_risk_of"", ""object"": ""respiratory ED visits""}, {""subject"": ""wildfire smoke"", ""relation"": ""increases_risk_of"", ""object"": ""cardiovascular ED visits""}, {""subject"": ""PM2.5"", ""relation"": ""increases_risk_of"", ""object"": ""respiratory ED visits""}, {""subject"": ""PM2.5"", ""relation"": ""increases_risk_of"", ""object"": ""asthma ED visits""}, {""subject"": ""PM2.5"", ""relation"": ""increases_risk_of"", ""object"": ""cardiovascular ED visits""}]",[],Wildfire smoke exposure increased respiratory ED visits immediately after exposure and cardiovascular visits days later.,high,success
W2139700331,True,"[""other""]","[""respiratory"", ""mortality""]","[""general""]",modelling,"[""Belgium"", ""Ireland"", ""Netherlands"", ""United Kingdom"", ""France"", ""Spain"", ""Portugal"", ""Nordic countries"", ""Baltic countries""]",regional,none,"[""oxidative stress""]",[],"[{""subject"": ""climate change"", ""relation"": ""increases_risk_of"", ""object"": ""ground-level ozone concentrations""}, {""subject"": ""ground-level ozone"", ""relation"": ""causes"", ""object"": ""respiratory morbidity""}, {""subject"": ""ground-level ozone"", ""relation"": ""causes"", ""object"": ""mortality""}]",[],Climate change is projected to increase ozone-related mortality and morbidity in Western and Southern Europe but decrease in Nordic and Baltic countries by 2060.,high,success
W2083744989,True,"[""other""]","[""respiratory"", ""mental_health"", ""other""]","[""general"", ""low_income""]",systematic_review,[],global,explicit,"[""stress reduction"", ""infectious disease regulation""]","[""low socioeconomic status"", ""policy implementation gaps"", ""healthcare access limitations"", ""ecosystem degradation"", ""deforestation impacts""]","[{""subject"": ""forest visits"", ""relation"": ""increases_risk_of"", ""object"": ""mental health improvement""}, {""subject"": ""forest visits"", ""relation"": ""increases_risk_of"", ""object"": ""physical health improvement""}, {""subject"": ""forest ecosystems"", ""relation"": ""mediates"", ""object"": ""infectious disease regulation""}, {""subject"": ""climate change"", ""relation"": ""exacerbates"", ""object"": ""forest health benefits reduction""}, {""subject"": ""deforestation"", ""relation"": ""exacerbates"", ""object"": ""vulnerable population health risks""}]","[""Insufficient evidence base for forest health interventions"", ""Lack of policy-maker awareness of forest health benefits"", ""Poor implementation of research into practice"", ""Limited understanding of ecosystem-health linkages""]","Forests provide significant mental and physical health benefits, but implementation gaps and ecosystem degradation limit their potential as public health solutions.",medium,success
W2112979847,False,[],[],[],other,[],not_specified,none,[],[],[],"[""place-based understanding of climate change threats to riparian ecosystems needed""]",Riparian restoration can enhance ecosystem resilience to climate change through habitat connectivity and thermal refugia.,low,success
W2020487351,False,"[""PM2.5""]",[],[],modelling,[],global,none,[],[],[],[],Machine-learning algorithm successfully estimates global daily PM2.5 distributions using remote sensing and ground observations for epidemiological research.,high,success
W2100465786,False,[],[],"[""children""]",systematic_review,[],not_specified,none,[],"[""substance abuse"", ""mental illness"", ""domestic violence"", ""child conduct problems""]",[],"[""effectiveness of parenting programs on maltreatment risk factors uncertain"", ""many interventions lack careful evaluation"", ""need for effectiveness trials""]","Parent training shows promise for child maltreatment prevention, with Triple P offering a scalable multifaceted framework.",medium,success
W3012742975,False,[],[],[],modelling,"[""Australia""]",national,none,[],[],[],[],90% social distancing compliance with case isolation and travel restrictions controls COVID-19 within 13-14 weeks.,medium,success
W1972183204,False,[],[],[],systematic_review,"[""Africa"", ""Asia"", ""Central America"", ""South America"", ""Europe"", ""North America"", ""Oceania""]",global,none,[],[],[],"[""Low confidence in numerical projections of flood magnitude/frequency from climate change"", ""Attribution of peak streamflow trends to anthropogenic climate change unresolved""]","Climate change is projected to increase heavy rainfall frequency and intensity, contributing to increased precipitation-driven local flooding globally.",medium,success
W2144297484,False,[],[],[],other,[],not_specified,none,[],[],[],"[""How global change drivers interact synergistically"", ""Management of novel ecosystems without historic analogue""]",Restoration ecology provides frameworks for ecosystem repair under rapid environmental change through diverse intervention approaches.,low,success
W4223637318,True,"[""fire_weather"", ""other""]","[""other""]","[""general""]",other,[],global,none,[],[],[],"[""Improving comprehensiveness of climate-health linkage descriptions""]",Climate change health indicators effectively monitor climate-induced health impacts globally and support intervention strategies.,low,success
W3160709151,False,[],[],[],systematic_review,"[""Mediterranean Basin""]",regional,none,[],[],[],"[""Mechanisms of nutrient and carbon plant-soil status impacts"", ""Effects of aridity and leaching on forests"", ""Accurate quantification of increasing aridity impacts"", ""Tools to counteract climate change effects on forests""]","Drought, pests, fire, and anthropogenic activity synergistically drive forest regression and dieback across the Mediterranean Basin.",medium,success
W3021042548,False,[],[],[],systematic_review,"[""China""]",global,none,[],[],[],[],SARS-CoV-2 has high ACE2 receptor affinity enabling rapid human-to-human transmission; understanding viral mechanisms aids therapeutic development.,low,success
W4404306021,False,"[""direct_fire""]",[],[],other,"[""Australia""]",national,none,[],[],"[{""subject"": ""wildfire event"", ""relation"": ""causes"", ""object"": ""biodiversity decline""}, {""subject"": ""wildfire event"", ""relation"": ""causes"", ""object"": ""species population changes""}, {""subject"": ""high fire severity"", ""relation"": ""increases_risk_of"", ""object"": ""biodiversity loss""}, {""subject"": ""fire recurrence"", ""relation"": ""exacerbates"", ""object"": ""biodiversity impacts""}, {""subject"": ""drought"", ""relation"": ""exacerbates"", ""object"": ""fire impacts on biodiversity""}]","[""How interactions among fire-regime components shape wildfire impacts"", ""Role of land tenure in mediating wildfire impacts""]","2019–2020 Australian megafires caused largest biodiversity declines in frequently burnt areas, high-severity burn zones, and under extreme drought conditions.",high,success
W2955473854,True,"[""wildfire_smoke""]",[],"[""general""]",qualitative,"[""United States""]",regional,implicit,[],"[""risk communication gaps"", ""limited evidence for interventions"", ""policy implementation barriers""]","[{""subject"": ""wildfire smoke"", ""relation"": ""is_associated_with"", ""object"": ""public health impacts""}, {""subject"": ""wildfire event"", ""relation"": ""increases_risk_of"", ""object"": ""community health threats""}]","[""Evidence on wildfire smoke exposure assessment"", ""Health risk characterization in exposed populations"", ""Effective risk communication strategies"", ""Behavior change interventions and effectiveness"", ""Legal and policy research needs"", ""Research infrastructure for smoke-health science""]","Practitioners identified critical research gaps in exposure assessment, health risk, risk communication, and interventions for wildfire smoke.",medium,success
W4387101712,True,"[""wildfire_smoke"", ""other""]","[""respiratory"", ""other""]","[""low_income"", ""general""]",systematic_review,[],global,explicit,[],"[""low socioeconomic status"", ""unregulated waste disposal"", ""proximity to burning sites""]","[{""subject"": ""wildfire smoke"", ""relation"": ""causes"", ""object"": ""respiratory problems""}, {""subject"": ""wildfire smoke"", ""relation"": ""causes"", ""object"": ""skin conditions""}, {""subject"": ""wildfire smoke"", ""relation"": ""increases_risk_of"", ""object"": ""cancer""}]",[],"Waste fires disproportionately affect low-income nations, causing respiratory and skin health problems with potential long-term cancer risks.",medium,success
W4289521818,True,"[""wildfire_smoke"", ""PM2.5"", ""heat_stress""]","[""respiratory"", ""cardiovascular"", ""other""]","[""general"", ""low_income"", ""rural""]",cross_sectional,"[""United States""]",regional,implicit,"[""oxidative stress"", ""airway inflammation"", ""systemic inflammation""]","[""low population density areas"", ""limited healthcare access""]","[{""subject"": ""wildfire smoke"", ""relation"": ""causes"", ""object"": ""PM2.5""}, {""subject"": ""PM2.5"", ""relation"": ""increases_risk_of"", ""object"": ""respiratory health impacts""}, {""subject"": ""PM2.5"", ""relation"": ""increases_risk_of"", ""object"": ""cardiovascular health impacts""}, {""subject"": ""wildfire event"", ""relation"": ""causes"", ""object"": ""extreme heat exposure""}, {""subject"": ""extreme heat"", ""relation"": ""increases_risk_of"", ""object"": ""negative health impacts""}, {""subject"": ""wildfire smoke"", ""relation"": ""is_associated_with"", ""object"": ""synergistic health effects with heat""}]","[""Public health guidance needs updating for co-exposures"", ""Adaptation policies must account for synergistic effects""]","In California 2020, 16.5 million people experienced concurrent extreme heat and wildfire smoke, requiring integrated public health responses.",high,success
W4225680559,False,[],[],[],systematic_review,[],global,none,[],[],[],[],Fire regimes drive evolution and maintenance of diverse seed dormancy types across global ecosystems.,high,success
W4303627948,True,"[""wildfire_smoke"", ""PM2.5"", ""heat_stress""]","[""respiratory"", ""cardiovascular""]","[""general"", ""children"", ""low_income"", ""racial_minorities""]",cross_sectional,"[""United States"", ""California""]",regional,explicit,"[""airway inflammation"", ""oxidative stress"", ""systemic inflammation""]","[""low socioeconomic status"", ""poverty"", ""unemployment"", ""limited digital access"", ""racial/ethnic disparities"", ""low educational attainment""]","[{""subject"": ""wildfire event"", ""relation"": ""causes"", ""object"": ""PM2.5""}, {""subject"": ""PM2.5"", ""relation"": ""increases_risk_of"", ""object"": ""respiratory disease""}, {""subject"": ""PM2.5"", ""relation"": ""increases_risk_of"", ""object"": ""cardiovascular disease""}, {""subject"": ""wildfire event"", ""relation"": ""exacerbates"", ""object"": ""heat stress""}, {""subject"": ""wildfire smoke"", ""relation"": ""is_associated_with"", ""object"": ""compound risk days""}]","[""How compound risks vary by region"", ""Long-term health outcomes from chronic compound exposure""]","Wildfire-related PM2.5 and heat compound disproportionately affect low-income and minority communities in California, with over 66% of compound risk days coinciding with wildfires within 100 km.",high,success
W4281625505,False,"[""fire_weather""]",[],[],meta_analysis,[],global,none,[],[],[],[],Post-fire plant recovery varies by fire season timing; obligate seeders show reduced recruitment while resprouters show increased survival.,medium,success
W2113355006,False,[],[],[],other,[],global,none,[],[],[],"[""Models including adaptation and transformation at farm or landscape level"", ""Capacity approaches for multifunctional agronomic and ecological solutions"", ""Validated scenarios and metrics supporting resilience and natural capital"", ""Understanding climate effects on rural labour force and land tenure"", ""Integration of social benefits with technological change in CSA""]","Climate-smart agriculture requires interdisciplinary research bridging farm systems, landscape issues, and policy to achieve food security and resilience under climate change.",medium,success
W2604494705,False,[],[],"[""general""]",cross_sectional,"[""Thailand"", ""Philippines""]",regional,none,[],"[""education level"", ""social capital"", ""disaster risk perception"", ""prior disaster experience"", ""socioeconomic status""]","[{""subject"": ""formal education"", ""relation"": ""increases_risk_of"", ""object"": ""disaster preparedness actions""}, {""subject"": ""formal education"", ""relation"": ""mediates"", ""object"": ""social capital""}, {""subject"": ""formal education"", ""relation"": ""mediates"", ""object"": ""disaster risk perception""}, {""subject"": ""disaster risk perception"", ""relation"": ""increases_risk_of"", ""object"": ""disaster preparedness""}, {""subject"": ""prior disaster experience"", ""relation"": ""exacerbates"", ""object"": ""relationship between education and preparedness""}]","[""context-specific mechanisms of education effects unclear""]","Formal education increases disaster preparedness through social capital and risk perception, but only for those without prior disaster experience.",high,success
W2218850646,False,"[""wildfire_smoke""]",[],[],qualitative,"[""United States""]",regional,none,[],[],[],[],Adaptive governance framework can improve community-wildfire relations in the U.S. West.,low,success
W2809838337,True,"[""PM2.5""]","[""cardiovascular""]","[""children"", ""elderly""]",experimental,[],not_specified,explicit,"[""oxidative stress"", ""NADPH oxidase activation"", ""TGFβ1 signaling"", ""Smad-dependent pathways"", ""cardiac fibrosis"", ""systolic dysfunction""]",[],"[{""subject"": ""PM2.5"", ""relation"": ""causes"", ""object"": ""elevated heart rate""}, {""subject"": ""PM2.5"", ""relation"": ""causes"", ""object"": ""elevated blood pressure""}, {""subject"": ""PM2.5"", ""relation"": ""causes"", ""object"": ""cardiac systolic dysfunction""}, {""subject"": ""PM2.5"", ""relation"": ""causes"", ""object"": ""cardiac fibrosis""}, {""subject"": ""PM2.5"", ""relation"": ""increases_risk_of"", ""object"": ""oxidative stress""}, {""subject"": ""oxidative stress"", ""relation"": ""mediates"", ""object"": ""cardiac dysfunction""}]",[],PM2.5 exposure reversibly induces cardiac dysfunction and fibrosis in juvenile and older female mice via oxidative stress pathways.,high,success
W2262687864,False,"[""fire_weather""]",[],[],qualitative,[],not_specified,none,[],[],[],[],Traditional phenological knowledge can support adaptive management of social-ecological systems facing climate and fire regime changes.,low,success
W4394860150,True,"[""wildfire_smoke"", ""displacement"", ""other""]","[""respiratory"", ""cardiovascular"", ""mental_health"", ""reproductive"", ""neurological"", ""other""]","[""general"", ""indigenous"", ""rural"", ""outdoor_workers""]",qualitative,"[""Bolivia"", ""Brazil"", ""Colombia"", ""Ecuador"", ""French Guiana"", ""Guyana"", ""Peru"", ""Suriname"", ""Venezuela""]",regional,explicit,"[""airway inflammation"", ""oxidative stress"", ""vector-borne pathogen transmission"", ""altered microclimate vector survival"", ""antimicrobial resistance enrichment""]","[""indigenous land rights"", ""limited healthcare access"", ""food insecurity"", ""economic instability"", ""migration pressures"", ""limited access to clean water"", ""traditional medicine availability"", ""community insecurity from illegal activities""]","[{""subject"": ""wildfire event"", ""relation"": ""causes"", ""object"": ""particulate matter and greenhouse gas release""}, {""subject"": ""wildfire event"", ""relation"": ""causes"", ""object"": ""respiratory issues""}, {""subject"": ""wildfire smoke"", ""relation"": ""causes"", ""object"": ""asthma exacerbation""}, {""subject"": ""wildfire smoke"", ""relation"": ""causes"", ""object"": ""respiratory infections""}, {""subject"": ""wildfire smoke"", ""relation"": ""is_associated_with"", ""object"": ""vascular and neoplastic conditions""}, {""subject"": ""wildfire event"", ""relation"": ""causes"", ""object"": ""deforestation""}, {""subject"": ""deforestation"", ""relation"": ""causes"", ""object"": ""shift in vector spatial distribution""}, {""subject"": ""deforestation"", ""relation"": ""causes"", ""object"": ""altered microclimate""}, {""subject"": ""deforestation"", ""relation"": ""causes"", ""object"": ""chemical contamination""}, {""subject"": ""deforestation"", ""relation"": ""causes"", ""object"": ""waterborne disease spread""}, {""subject"": ""deforestation"", ""relation"": ""causes"", ""object"": ""food insecurity""}, {""subject"": ""deforestation"", ""relation"": ""causes"", ""object"": ""stress and anxiety disorders""}]","[""characterising links between deforestation, climate change, health"", ""context-specific and scalable health solutions needed""]","Amazon deforestation and wildfires pose interconnected health threats including respiratory disease, vector-borne illness, mental health impacts, and food insecurity requiring integrated regional solutions.",medium,success
W2273635638,True,"[""fire_weather"", ""displacement"", ""other""]","[""mental_health"", ""other""]","[""indigenous"", ""other""]",qualitative,"[""United States""]",local,explicit,[],"[""loss of cultural practices"", ""limited political sovereignty"", ""subsistence disruption"", ""restricted land management access"", ""fire exclusion policy""]","[{""subject"": ""wildfire event"", ""relation"": ""exacerbates"", ""object"": ""mental and physical health impacts""}, {""subject"": ""wildfire event"", ""relation"": ""causes"", ""object"": ""displacement from traditional lands""}, {""subject"": ""fire exclusion policy"", ""relation"": ""exacerbates"", ""object"": ""catastrophic wildfires""}, {""subject"": ""fire exclusion policy"", ""relation"": ""causes"", ""object"": ""loss of cultural practices""}, {""subject"": ""fire exclusion policy"", ""relation"": ""increases_risk_of"", ""object"": ""mental and physical health impacts""}]",[],Fire exclusion policies negatively impact Karuk tribal members' mental and physical health through disruption of cultural practices and subsistence activities.,medium,success
W3021933983,False,[],[],[],other,[],not_specified,none,[],[],[],[],COVID-19 overview of emerging coronavirus infection and recent developments.,low,success
W2994638935,False,[],[],[],other,[],global,none,[],[],[],[],"Outdoor recreation and nature-based tourism require sustainable approaches addressing equity, climate change adaptation, and inclusive governance.",low,success
W4385368360,True,"[""wildfire_smoke""]","[""respiratory"", ""other""]","[""indigenous"", ""general""]",other,"[""Canada""]",national,explicit,[],"[""limited healthcare access"", ""emergency management gaps"", ""cultural factors in protective behaviour""]","[{""subject"": ""wildfire smoke"", ""relation"": ""causes"", ""object"": ""adverse health impacts""}, {""subject"": ""wildfire smoke"", ""relation"": ""increases_risk_of"", ""object"": ""health threats in Indigenous communities""}]","[""Very little known about protective actions by Indigenous peoples"", ""Understanding of Indigenous protective decision-making during smoke events"", ""Emergency management capacity for Indigenous communities""]","Indigenous Canadians face disproportionate wildfire smoke health threats, but protective actions specific to these communities remain understudied.",medium,success
W3014141279,True,"[""wildfire_smoke"", ""PM2.5""]","[""mortality""]","[""general""]",modelling,"[""United Kingdom""]",regional,none,[],[],"[{""subject"": ""wildfire smoke"", ""relation"": ""causes"", ""object"": ""PM2.5""}, {""subject"": ""PM2.5"", ""relation"": ""increases_risk_of"", ""object"": ""mortality""}]","[""Little knowledge about impacts of wildfires close to large UK populations"", ""Lack of effective strategies to reduce wildfire health impacts""]",Saddleworth Moor fire caused 28 excess deaths over 7 days through PM2.5 exposure to 4.5 million people.,high,success
W4395447535,True,"[""heat_stress""]","[""cardiovascular"", ""mortality""]","[""general"", ""elderly"", ""low_income"", ""other""]",systematic_review,[],global,explicit,"[""thermal stress response"", ""cardiovascular strain"", ""autonomic dysregulation""]","[""low socioeconomic status"", ""preexisting health conditions"", ""age-related vulnerability""]","[{""subject"": ""heat_stress"", ""relation"": ""causes"", ""object"": ""cardiovascular mortality""}, {""subject"": ""heat_stress"", ""relation"": ""increases_risk_of"", ""object"": ""all-cause mortality""}, {""subject"": ""heat_stress"", ""relation"": ""exacerbates"", ""object"": ""preexisting cardiovascular conditions""}]","[""Limited evidence on heat and cause-specific CVD mortality"", ""Inconsistent findings across different regions"", ""Lack of evidence from low- and middle-income countries"", ""Temporal changes in heat-related CVD deaths unclear"", ""Interactive effects with other environmental factors underexplored"", ""True extent of heat impact on CVD deaths unknown"", ""Cause-specific CVD death mechanisms not fully investigated""]","Clear link exists between extreme heat and cardiovascular mortality, with higher risk in vulnerable subgroups including elderly and socioeconomically deprived populations.",medium,success
W1989005086,False,[],[],[],other,[],not_specified,none,[],[],[],[],Expected-utility framework inadequately explains risk aversion; loss aversion and mental accounting better account for observed behavior.,low,success
W2148269779,True,"[""PM2.5""]","[""other""]",[],experimental,[],not_specified,none,"[""oxidative stress"", ""mitochondrial dysfunction"", ""altered gene expression"", ""impaired adipose tissue function""]",[],"[{""subject"": ""PM2.5"", ""relation"": ""causes"", ""object"": ""oxidative stress""}, {""subject"": ""PM2.5"", ""relation"": ""causes"", ""object"": ""mitochondrial alterations""}, {""subject"": ""PM2.5"", ""relation"": ""causes"", ""object"": ""altered mitochondrial gene expression""}, {""subject"": ""oxidative stress"", ""relation"": ""increases_risk_of"", ""object"": ""metabolic dysfunction""}, {""subject"": ""mitochondrial dysfunction"", ""relation"": ""increases_risk_of"", ""object"": ""metabolic dysfunction""}]",[],"PM2.5 exposure triggers oxidative stress and mitochondrial dysfunction in adipose tissue, potentially predisposing to metabolic disease.",medium,success
W3126762737,True,"[""wildfire_smoke"", ""other""]","[""respiratory""]","[""general""]",time_series,"[""United States"", ""Canada"", ""Mexico""]",regional,none,"[""airway inflammation""]",[],"[{""subject"": ""anthropogenic climate change"", ""relation"": ""increases_risk_of"", ""object"": ""pollen concentrations""}, {""subject"": ""anthropogenic climate change"", ""relation"": ""increases_risk_of"", ""object"": ""pollen season lengthening""}, {""subject"": ""pollen"", ""relation"": ""causes"", ""object"": ""respiratory health impacts""}, {""subject"": ""warming"", ""relation"": ""is_associated_with"", ""object"": ""pollen concentrations""}]","[""formal detection and attribution of anthropogenic climate change role needed""]",Anthropogenic climate change contributed ~50% of pollen season trends and exacerbated respiratory health impacts across North America.,high,success
W2330296436,False,[],[],[],other,"[""Brazil"", ""Argentina"", ""Paraguay"", ""Bolivia""]",regional,none,[],[],[],[],Soy agribusiness expansion in South America involves complex political-economic and ecological trade-offs obscured by land-sparing narratives.,low,success
W2093673414,True,"[""other""]","[""respiratory"", ""cardiovascular"", ""other""]","[""general"", ""children"", ""outdoor_workers""]",other,"[""Thailand""]",local,implicit,"[""oxidative stress"", ""genetic damage"", ""carcinogenic compound exposure""]","[""industrial proximity"", ""occupational exposure"", ""limited pollution control infrastructure""]","[{""subject"": ""industrial emissions"", ""relation"": ""causes"", ""object"": ""air pollution""}, {""subject"": ""air pollution"", ""relation"": ""causes"", ""object"": ""respiratory disease""}, {""subject"": ""air pollution"", ""relation"": ""causes"", ""object"": ""cardiovascular disease""}, {""subject"": ""benzene exposure"", ""relation"": ""causes"", ""object"": ""genetic damage""}, {""subject"": ""toxic chemical exposure"", ""relation"": ""increases_risk_of"", ""object"": ""cancer""}, {""subject"": ""air pollution"", ""relation"": ""increases_risk_of"", ""object"": ""oxidative stress""}]",[],"Industrial emissions in Map Ta Phut caused unusually high cancer rates, genetic damage, and oxidative stress in nearby residents and workers.",medium,success
W4283393653,False,"[""fire_weather""]",[],[],systematic_review,"[""United States"", ""Canada""]",regional,none,[],[],"[{""subject"": ""wildfire event"", ""relation"": ""causes"", ""object"": ""conifer regeneration failure""}, {""subject"": ""wildfire event"", ""relation"": ""exacerbates"", ""object"": ""drought stress""}, {""subject"": ""drought"", ""relation"": ""exacerbates"", ""object"": ""conifer regeneration failure""}, {""subject"": ""climate change"", ""relation"": ""increases_risk_of"", ""object"": ""conifer regeneration failure""}]","[""Variable definitions of regeneration failure hinder comparisons"", ""Drought characterization lacks standardization across studies"", ""Long-term tree establishment timelines poorly understood"", ""Need spatial and temporal context for regeneration metrics""]","Conifer regeneration failure in western North American forests is driven by wildfire and drought interactions, requiring standardized metrics and regional context.",medium,success
W3093291030,False,[],[],[],qualitative,[],not_specified,none,[],[],[],"[""How cues are noticed during extreme unexpected events"", ""How people update understanding over long periods"", ""What determines attention depletion or restoration"", ""What makes something plausible in sensemaking"", ""How meaning-making is shaped by non-accuracy motivations"", ""How constraints on action impact cue generation"", ""How latencies impact sensemaking processes"", ""How virtual context changes sensemaking"", ""How multiple simultaneous crises impact sensemaking"", ""Where critical sensemaking occurs versus where studied""]","COVID-19 pandemic disrupts sensemaking through attentional fatigue, fragmented information, constrained action, and multiple concurrent crises.",medium,success
W2788629229,True,"[""fire_weather""]","[""mental_health"", ""neurological"", ""other""]","[""outdoor_workers""]",systematic_review,[],not_specified,explicit,"[""cognitive impairment"", ""fatigue accumulation"", ""sleep restriction effects""]","[""work shift structure"", ""temporary accommodation quality"", ""workplace safety protocols""]","[{""subject"": ""wildfire event"", ""relation"": ""causes"", ""object"": ""sleep restriction""}, {""subject"": ""sleep restriction"", ""relation"": ""is_associated_with"", ""object"": ""cognitive performance""}, {""subject"": ""sleep restriction"", ""relation"": ""increases_risk_of"", ""object"": ""fatigue-related errors""}, {""subject"": ""early shift start times"", ""relation"": ""exacerbates"", ""object"": ""sleep restriction""}, {""subject"": ""long duration shifts"", ""relation"": ""exacerbates"", ""object"": ""sleep restriction""}]","[""longer-term impacts of sleep restriction on physiological health"", ""longer-term impacts of sleep restriction on mental health""]","Wildland firefighters experience restricted sleep during deployments, impairing cognitive performance and increasing fatigue-related error risk.",high,success
W2892377758,False,"[""fire_weather""]",[],[],systematic_review,"[""Australia""]",national,none,[],[],"[{""subject"": ""wildfire event"", ""relation"": ""causes"", ""object"": ""ecosystem modifications""}, {""subject"": ""ecosystem modifications"", ""relation"": ""causes"", ""object"": ""species decline""}]","[""quantify net impact of habitat change types"", ""improved resources on threat management""]","Invasive species, ecosystem modifications including fire, and agriculture are major threats to 82%, 74%, and 57% of Australia's threatened species respectively.",high,success
W3214721879,False,[],[],[],other,"[""China""]",national,none,[],[],[],[],Climate change mitigation and adaptation can generate immediate health benefits while protecting future generations.,low,success
W2080587071,False,"[""fire_weather"", ""heat_stress""]",[],[],modelling,"[""Greece""]",national,none,[],[],"[{""subject"": ""wildfire event"", ""relation"": ""is_associated_with"", ""object"": ""increased minimum temperatures""}, {""subject"": ""wildfire event"", ""relation"": ""is_associated_with"", ""object"": ""decreased winter precipitation""}]",[],"Climate change in Greece will increase forest fire risk, heatwave episodes, and urban discomfort through rising temperatures and precipitation changes.",medium,success
W2160412403,True,"[""wildfire_smoke"", ""PM2.5"", ""fire_weather"", ""other""]","[""respiratory"", ""other""]","[""general"", ""children"", ""elderly"", ""other""]",systematic_review,[],global,implicit,"[""airway inflammation"", ""allergenic potential modification"", ""lung function decrease"", ""oxidative stress""]","[""urban air pollution exposure"", ""motor vehicle emissions"", ""atmospheric accumulation conditions"", ""climate change adaptation capacity""]","[{""subject"": ""wildfire smoke"", ""relation"": ""causes"", ""object"": ""PM2.5""}, {""subject"": ""PM2.5"", ""relation"": ""increases_risk_of"", ""object"": ""asthma morbidity""}, {""subject"": ""PM2.5"", ""relation"": ""increases_risk_of"", ""object"": ""allergic respiratory diseases""}, {""subject"": ""fire_weather"", ""relation"": ""is_associated_with"", ""object"": ""asthma morbidity""}, {""subject"": ""wildfire event"", ""relation"": ""exacerbates"", ""object"": ""chronic respiratory diseases""}, {""subject"": ""climate change"", ""relation"": ""increases_risk_of"", ""object"": ""allergen pattern shifts""}]","[""Underlying mechanisms of climate-pollution interactions not well known"", ""Laboratory evaluations do not reflect natural exposure conditions"", ""Limited understanding of atmospheric mixture effects on health""]",Climate change and air pollution interact to increase allergic respiratory disease prevalence through altered allergen patterns and atmospheric accumulation mechanisms.,medium,success
W2811503590,True,"[""PM2.5"", ""other""]","[""mortality"", ""respiratory"", ""cardiovascular""]","[""general""]",modelling,"[""United States""]",regional,none,[],"[""energy access"", ""building cooling infrastructure""]","[{""subject"": ""heat-driven building cooling demand"", ""relation"": ""causes"", ""object"": ""power sector emissions""}, {""subject"": ""power sector emissions"", ""relation"": ""causes"", ""object"": ""air pollution""}, {""subject"": ""air pollution"", ""relation"": ""increases_risk_of"", ""object"": ""mortality""}]","[""Need for cleaner energy sources"", ""Energy efficiency and conservation strategies""]","Heat-driven air conditioning increases power sector emissions, contributing 5%-9% of exacerbated air-pollution mortality in eastern US.",medium,success
W2524842203,True,"[""PM2.5"", ""other""]","[""respiratory"", ""cardiovascular"", ""mortality"", ""other""]","[""general""]",other,"[""Europe""]",regional,none,[],[],"[{""subject"": ""air pollution"", ""relation"": ""causes"", ""object"": ""health effects""}, {""subject"": ""air pollution"", ""relation"": ""is_associated_with"", ""object"": ""reduced survival""}]",[],"Air pollution from emissions, particularly road traffic in urban areas, causes health effects depending on pollutant type and individual susceptibility.",low,success
W1791351279,False,[],[],[],other,"[""Canada""]",national,none,[],[],[],"[""Questions remain about reasons for Migratory Tundra caribou decline""]","Most Canadian caribou populations are declining due to habitat loss from industrial development, predation, and climate change, with some facing extirpation.",high,success
W2550685921,False,[],[],[],other,[],not_specified,none,[],[],[],[],Scale mismatches in social-ecological systems create governance and management challenges requiring integrated solutions.,low,success
W3129277976,True,"[""PM2.5"", ""wildfire_smoke""]","[""mortality"", ""respiratory"", ""cardiovascular""]","[""general""]",time_series,"[""Portugal""]",national,none,[],[],"[{""subject"": ""wildfire event"", ""relation"": ""causes"", ""object"": ""PM10 concentration increase""}, {""subject"": ""PM2.5"", ""relation"": ""is_associated_with"", ""object"": ""all-cause mortality""}, {""subject"": ""PM2.5"", ""relation"": ""is_associated_with"", ""object"": ""respiratory mortality""}, {""subject"": ""PM2.5"", ""relation"": ""is_associated_with"", ""object"": ""circulatory mortality""}]","[""lack of knowledge regarding impacts of wildfire-related pollutants on mortality""]","Large wildfires in Portugal correlate with PM10 increases and significant associations with all-cause, respiratory, and circulatory mortality.",high,success
W2274990797,False,[],[],[],other,"[""United States""]",national,none,[],[],[],[],Invasive plants from horticulture are second only to habitat loss in threatening native plant species.,low,success
W4225747064,False,"[""wildfire_smoke"", ""direct_fire"", ""fire_weather""]",[],"[""indigenous""]",qualitative,"[""Canada""]",national,explicit,[],"[""lack of financial support"", ""remote location"", ""power imbalances"", ""limited agency partnership"", ""indigenous knowledge exclusion""]","[{""subject"": ""wildfire event"", ""relation"": ""increases_risk_of"", ""object"": ""vulnerability in remote indigenous communities""}, {""subject"": ""wildfire event"", ""relation"": ""is_associated_with"", ""object"": ""fuel load accumulation""}, {""subject"": ""indigenous cultural burning"", ""relation"": ""is_associated_with"", ""object"": ""wildfire risk""}]","[""barriers to re-engaging indigenous communities in cultural burning"", ""lack of federal and provincial financial support mechanisms"", ""power imbalances in wildfire management partnerships""]","Indigenous-led cultural burning reduces wildfire risk and ecosystem complexity, but significant barriers including funding gaps and power imbalances prevent implementation in Canada.",medium,success
W2903359691,False,"[""fire_weather""]",[],[],other,[],not_specified,none,[],[],[],"[""Little overlap between fire danger, behavior, and risk frameworks"", ""Validation uncommon in deterministic fire behavior models"", ""Certain key fire characteristics overlooked in risk modeling""]",Contemporary risk modeling systems provide integrative frameworks for understanding fire risk components to support management decisions.,medium,success
W4387827119,True,"[""wildfire_smoke"", ""PM2.5""]","[""respiratory"", ""cardiovascular""]","[""general"", ""elderly"", ""racial_minorities"", ""rural""]",case_crossover,"[""United States""]",local,explicit,[],"[""rural population""]","[{""subject"": ""wildfire smoke"", ""relation"": ""causes"", ""object"": ""PM2.5""}, {""subject"": ""PM2.5"", ""relation"": ""increases_risk_of"", ""object"": ""respiratory ED visits""}, {""subject"": ""PM2.5"", ""relation"": ""increases_risk_of"", ""object"": ""cardiovascular ED visits""}, {""subject"": ""PM2.5"", ""relation"": ""increases_risk_of"", ""object"": ""asthma in Black/African Americans""}, {""subject"": ""PM2.5"", ""relation"": ""increases_risk_of"", ""object"": ""heart disease in adults aged 55+""}]",[],"PM2.5 from wildfires significantly increased respiratory and cardiovascular ED visits in rural North Carolina, with higher risks in older adults and Black Americans.",high,success
W1987627127,True,"[""wildfire_smoke"", ""PM2.5""]","[""respiratory""]","[""children""]",time_series,"[""Brazil""]",regional,explicit,"[""aerosol-induced airway irritation""]","[""human development conditions"", ""low socioeconomic status"", ""limited public health provision""]","[{""subject"": ""wildfire event"", ""relation"": ""causes"", ""object"": ""increased aerosol emissions""}, {""subject"": ""wildfire smoke"", ""relation"": ""causes"", ""object"": ""PM2.5""}, {""subject"": ""PM2.5"", ""relation"": ""causes"", ""object"": ""respiratory hospitalisation in children""}, {""subject"": ""drought"", ""relation"": ""increases_risk_of"", ""object"": ""fire incidence""}]","[""Quantifying synergic influence of climate and human-driven environmental changes""]","Drought-driven aerosol emissions increased respiratory hospitalisations in children under-five by 1.2%-267%, mitigated by human development conditions.",high,success
W2800861573,True,"[""wildfire_smoke""]","[""other""]","[""children"", ""elderly"", ""general""]",modelling,"[""United States""]",national,explicit,[],[],"[{""subject"": ""wildfire smoke"", ""relation"": ""increases_risk_of"", ""object"": ""adverse health outcomes""}]",[],County-level exposure maps project future wildfire smoke exposure risk for vulnerable children and older adults under climate scenarios.,medium,success
W3185510098,False,[],[],"[""indigenous""]",other,"[""Australia""]",regional,implicit,[],"[""Indigenous land rights"", ""historical colonisation impact"", ""marginalisation and poverty"", ""limited market value recognition""]","[{""subject"": ""wildfire event"", ""relation"": ""causes"", ""object"": ""greenhouse gas emissions""}, {""subject"": ""prescribed burning"", ""relation"": ""is_associated_with"", ""object"": ""wildfire extent""}, {""subject"": ""prescribed burning"", ""relation"": ""increases_risk_of"", ""object"": ""ecosystem service provision""}]","[""Undervaluation of ecosystem services beyond carbon markets"", ""Challenges in valuing ecosystem services for regional stakeholders"", ""Need for better incentive mechanisms for land management""]","Prescribed burning in Australian savannas delivers ecosystem services worth $189 million/yr for Indigenous communities, but carbon market value represents <1% of total value.",high,success
W3027013275,True,"[""fire_weather""]","[""mortality""]","[""general"", ""racial_minorities"", ""elderly""]",time_series,"[""United States""]",national,explicit,[],"[""climate region"", ""race"", ""age""]","[{""subject"": ""drought severity"", ""relation"": ""is_associated_with"", ""object"": ""all-cause mortality""}]","[""unclear whether associations reflect same-year or delayed effects"", ""need investigation of specific causes of death"", ""sublethal health outcomes not examined"", ""lagged effects beyond same year unexplored"", ""local mechanisms underlying associations unclear""]","Drought severity associations with mortality vary significantly by climate region, race, and age.",medium,success
W2601455982,True,"[""heat_stress""]","[""mortality"", ""other""]","[""general"", ""low_income"", ""rural""]",cross_sectional,"[""India""]",national,explicit,[],"[""low urbanization"", ""low literacy rates"", ""limited water access"", ""poor sanitation access"", ""lack of household amenities""]","[{""subject"": ""wildfire event"", ""relation"": ""is_associated_with"", ""object"": ""heat stress vulnerability""}]","[""Lack of country-wide heat vulnerability assessment"", ""Need to incorporate heat exposure and health outcome data"", ""Sub-district level vulnerability not examined""]","Central India districts show high heat vulnerability due to low urbanization, literacy, water access, and household amenities.",high,success
W2895567201,False,[],[],"[""indigenous""]",systematic_review,[],global,explicit,[],[],[],"[""Factors leading to successful restoration not fully known"", ""Limited understanding of beneficial restoration initiatives""]","Indigenous Peoples and local communities' participation in ecosystem restoration, especially through codesign, strengthens project success and resilience.",medium,success
W2112316079,False,[],[],[],other,[],not_specified,none,[],[],[],[],Review of theoretical models applying statistical physics methods to biological evolution.,low,success
W1832501560,False,[],[],[],other,"[""Tanzania""]",local,none,[],[],[],[],"Fire sizes, seasons, and spatial patterns remain consistent in miombo woodlands; fire management integration needed.",low,success
W2181043048,True,"[""wildfire_smoke"", ""heat_stress"", ""fire_weather"", ""other""]","[""respiratory"", ""cardiovascular"", ""other""]","[""general""]",systematic_review,"[""Albania"", ""Andorra"", ""Armenia"", ""Austria"", ""Azerbaijan"", ""Belarus"", ""Belgium"", ""Bosnia and Herzegovina"", ""Bulgaria"", ""Croatia"", ""Cyprus"", ""Czech Republic"", ""Denmark"", ""Estonia"", ""Finland"", ""France"", ""Georgia"", ""Germany"", ""Greece"", ""Hungary"", ""Iceland"", ""Ireland"", ""Israel"", ""Italy"", ""Kazakhstan"", ""Kosovo"", ""Latvia"", ""Liechtenstein"", ""Lithuania"", ""Luxembourg"", ""Malta"", ""Monaco"", ""Montenegro"", ""Netherlands"", ""North Macedonia"", ""Norway"", ""Poland"", ""Portugal"", ""Republic of Moldova"", ""Romania"", ""Russian Federation"", ""San Marino"", ""Serbia"", ""Slovakia"", ""Slovenia"", ""Spain"", ""Sweden"", ""Switzerland"", ""Tajikistan"", ""Turkey"", ""Turkmenistan"", ""Ukraine"", ""United Kingdom"", ""Uzbekistan""]",regional,none,"[""cardiovascular effects"", ""respiratory effects""]",[],"[{""subject"": ""wildfire event"", ""relation"": ""causes"", ""object"": ""cardiovascular health effects""}, {""subject"": ""wildfire event"", ""relation"": ""causes"", ""object"": ""respiratory health effects""}]","[""long-term health projections from climate change""]","Wildfires alongside temperature extremes, floods, and storms cause cardiovascular and respiratory health effects in the WHO European Region.",medium,success
W2050256727,False,[],[],[],qualitative,"[""Tanzania""]",regional,none,[],[],[],[],"Tanzanian rangelands face multiple emerging challenges including wildfires, habitat degradation, and human-wildlife conflicts threatening biodiversity conservation.",low,success
W2924869501,False,"[""PM2.5"", ""other""]",[],[],cross_sectional,[],global,none,[],[],[],[],Economic complexity improves overall environmental performance but increases PM2.5 and greenhouse gas emissions.,medium,success
W2015637592,False,"[""direct_fire""]",[],[],cross_sectional,"[""Portugal"", ""Spain"", ""France""]",regional,none,[],[],[],[],Bark harvesting reduces cork oak fire resistance; trees with thin bark and recent debarking show increased vulnerability to fire.,high,success
W2969973500,False,"[""direct_fire""]",[],[],systematic_review,[],not_specified,none,[],[],[],[],"Fire alters soil mineralogical and chemical properties, affecting sorption capacity and remediation effectiveness.",medium,success
W2054203073,True,"[""PM2.5"", ""direct_fire""]","[""respiratory"", ""cardiovascular"", ""mortality"", ""other""]","[""general""]",other,[],not_specified,none,"[""oxidative stress"", ""kinase cascade activation"", ""transcription factor activation"", ""inflammatory mediator release"", ""apoptosis"", ""pulmonary function loss"", ""bronchial hyperresponsiveness"", ""emphysema pathology"", ""fibrosis pathology""]",[],"[{""subject"": ""cigarette smoking"", ""relation"": ""causes"", ""object"": ""PM2.5 exposure""}, {""subject"": ""PM2.5 exposure"", ""relation"": ""causes"", ""object"": ""oxidative stress""}, {""subject"": ""oxidative stress"", ""relation"": ""causes"", ""object"": ""kinase cascade activation""}, {""subject"": ""oxidative stress"", ""relation"": ""causes"", ""object"": ""inflammatory mediator release""}, {""subject"": ""oxidative stress"", ""relation"": ""causes"", ""object"": ""apoptosis""}, {""subject"": ""PM2.5 exposure"", ""relation"": ""causes"", ""object"": ""pulmonary function loss""}, {""subject"": ""PM2.5 exposure"", ""relation"": ""causes"", ""object"": ""emphysema""}, {""subject"": ""PM2.5 exposure"", ""relation"": ""causes"", ""object"": ""cardiovascular disease""}]","[""Specific component responsible for cigarette smoking morbidity"", ""Mechanistic pathway for increased human mortality after smoking""]",Lung injury from cigarette smoking is mediated by particulate matter exposure producing oxidative stress and inflammatory pathways.,medium,success
W4283258269,True,"[""PM2.5"", ""other""]","[""respiratory"", ""other""]","[""general""]",case_crossover,"[""Greece""]",local,implicit,"[""airway inflammation""]","[""limited early warning systems"", ""healthcare access capacity""]","[{""subject"": ""African dust event"", ""relation"": ""causes"", ""object"": ""PM2.5 increase""}, {""subject"": ""PM2.5 increase"", ""relation"": ""increases_risk_of"", ""object"": ""COPD exacerbations""}, {""subject"": ""PM2.5 increase"", ""relation"": ""increases_risk_of"", ""object"": ""dyspnoea""}, {""subject"": ""African dust event"", ""relation"": ""causes"", ""object"": ""hospital visits increase""}]","[""Multi-sectoral impacts of sand dust storms underexplored"", ""Socioeconomic implications of dust events not well quantified""]",African dust episode caused 3.5-fold increase in COPD hospital visits and €3.4–3.8M economic loss in Crete.,high,success
W2170267840,False,[],[],[],qualitative,[],global,none,[],[],[],[],"Alternative silvicultural practices face ecological, economic, logistical, informational, cultural, and historical constraints limiting global adoption.",medium,success
W3149392816,False,"[""PM2.5""]",[],[],systematic_review,[],global,none,[],[],[],"[""Sensor cross-sensitivities between pollutants"", ""Accuracy degradation over time"", ""Limited spatial resolution of monitoring""]",Low-cost air quality sensors with machine learning calibration can improve monitoring granularity despite challenges in accuracy and cross-sensitivity.,medium,success
W4382344004,True,"[""wildfire_smoke""]","[""respiratory""]","[""children""]",cohort,"[""United States""]",regional,implicit,"[""airway inflammation""]",[],"[{""subject"": ""wildfire smoke"", ""relation"": ""causes"", ""object"": ""earlier first use of upper respiratory medications""}, {""subject"": ""wildfire smoke"", ""relation"": ""is_associated_with"", ""object"": ""asthma exacerbation in children""}]","[""Investigations into developmental wildfire smoke exposure on children's longer-term respiratory health are sparse""]",Postnatal wildfire smoke exposure associated with earlier first use of upper respiratory medications in early childhood.,high,success
W2158194601,True,"[""PM2.5""]","[""other""]","[""outdoor_workers""]",cohort,[],not_specified,none,"[""DNA methylation"", ""iNOS gene regulation"", ""nitric oxide production""]",[],"[{""subject"": ""PM2.5"", ""relation"": ""is_associated_with"", ""object"": ""DNA methylation of iNOS gene""}, {""subject"": ""iNOS methylation"", ""relation"": ""is_associated_with"", ""object"": ""nitric oxide production""}]","[""Need to confirm iNOS methylation association"", ""Unclear if changes affect NO production"", ""Unknown if methylation causes adverse health effects""]",Acute and chronic welding PM2.5 exposure associated with modest iNOS gene DNA methylation changes in boilermakers.,medium,success
W3091555863,False,"[""wildfire_smoke""]",[],[],time_series,"[""India"", ""Indonesia"", ""Southeast Asia""]",regional,none,[],[],[],[],"Biomass burning trends differ across South and Southeast Asia, with crop residue burning increasing in South Asia while forest fires decline in mainland Southeast Asia.",high,success
W4291904039,False,[],[],[],modelling,"[""India"", ""Pakistan"", ""United States"", ""Russia""]",global,none,[],[],[],[],"Soot injections >5 Tg from nuclear war would cause global food shortages, potentially killing billions from starvation.",medium,success
W2120155707,False,[],[],[],systematic_review,[],global,none,[],[],[],[],"Human activities including altered fire regimes and climate change have fundamentally shaped pine forest distribution, composition, and structure across the Northern Hemisphere.",medium,success
W2064815954,False,[],[],[],other,[],not_specified,none,[],[],[],[],Cupriavidus metallidurans strain CH34 genome contains 25 heavy-metal resistance loci distributed across four replicons enabling survival in metal-rich environments.,high,success
W4297268512,False,[],[],[],systematic_review,[],global,none,[],[],[],[],Climate-smart sustainable agricultural practices can achieve food security and nutrition while reducing environmental impacts and GHG emissions.,medium,success
W3104558197,False,"[""wildfire_smoke"", ""direct_fire""]",[],"[""indigenous""]",qualitative,"[""Canada""]",regional,explicit,[],"[""indigenous sovereignty"", ""settler colonialism"", ""colonial forest management"", ""limited indigenous leadership"", ""erasure of indigenous rebuilding""]","[{""subject"": ""wildfire event"", ""relation"": ""exacerbates"", ""object"": ""ecological and social disruptions""}, {""subject"": ""wildfire event"", ""relation"": ""is_associated_with"", ""object"": ""uneven impacts to indigenous communities""}, {""subject"": ""settler colonialism"", ""relation"": ""exacerbates"", ""object"": ""wildfire impacts""}, {""subject"": ""colonial forest management practices"", ""relation"": ""exacerbates"", ""object"": ""wildfire severity""}, {""subject"": ""anthropogenic climate change"", ""relation"": ""exacerbates"", ""object"": ""wildfire severity""}]","[""effects of fire-reintegration policies on indigenous communities"", ""long-term outcomes of let-it-burn management strategies"", ""integration of indigenous knowledge in wildfire management""]",Fire-reintegration policies risk causing harm to Indigenous communities when they ignore settler colonialism effects and erase Indigenous leadership in fire management.,high,success
W2986220957,True,"[""wildfire_smoke"", ""heat_stress"", ""fire_weather""]","[""mental_health"", ""mortality"", ""other""]","[""general""]",systematic_review,"[""Australia""]",national,implicit,[],"[""policy inaction"", ""limited federal engagement"", ""coal economy dependence""]","[{""subject"": ""wildfire event"", ""relation"": ""causes"", ""object"": ""wildfire smoke exposure""}, {""subject"": ""heat stress"", ""relation"": ""increases_risk_of"", ""object"": ""suicide""}]","[""Insufficient data for meaningful updates on some indicators"", ""Limited tracking of health-specific climate adaptation outcomes""]",Australia shows mixed climate-health progress with increasing heatwave exposure and elevated temperature-related suicide rates despite renewable energy gains.,medium,success
W3004416375,False,[],[],"[""indigenous""]",qualitative,"[""Australia""]",local,none,[],[],[],"[""Increased education and awareness about Indigenous burning needed""]",Indigenous rangers use cross-cultural science and seasonal calendars to manage savanna fire for cultural and ecological benefits.,medium,success
W4312038287,False,"[""wildfire_smoke""]",[],"[""rural"", ""indigenous""]",qualitative,"[""United States""]",local,explicit,[],"[""trust in local partners"", ""community relationships"", ""tribal collaboration"", ""agency communication practices""]",[],[],Trusted sources for wildfire smoke risk communication require established relationships and collaboration with local and tribal partners.,medium,success
W4399284629,True,"[""fire_weather"", ""other""]","[""respiratory"", ""neurological"", ""other""]","[""general""]",systematic_review,[],global,none,"[""impaired innate immune responses"", ""impaired adaptive immune responses"", ""inflammation"", ""genomic instability"", ""gut microbiota dysbiosis""]",[],"[{""subject"": ""wildfire event"", ""relation"": ""causes"", ""object"": ""extreme heat and weather events""}, {""subject"": ""extreme heat and weather events"", ""relation"": ""causes"", ""object"": ""impaired innate and adaptive immune responses""}, {""subject"": ""extreme heat and weather events"", ""relation"": ""causes"", ""object"": ""inflammation""}, {""subject"": ""extreme heat and weather events"", ""relation"": ""causes"", ""object"": ""genomic instability""}, {""subject"": ""extreme heat and weather events"", ""relation"": ""increases_risk_of"", ""object"": ""autoimmune diseases""}, {""subject"": ""extreme heat and weather events"", ""relation"": ""increases_risk_of"", ""object"": ""chronic inflammatory diseases""}, {""subject"": ""extreme heat and weather events"", ""relation"": ""causes"", ""object"": ""gut microbiota dysbiosis""}]","[""How climate impacts immune-microbiota interactions"", ""Long-term health effects of climate-driven microbiota changes""]","Climate change impairs immune responses and alters gut microbiota, increasing risk of autoimmune and chronic inflammatory diseases.",medium,success
W2151579638,False,[],[],[],other,[],not_specified,none,[],[],[],[],Place-based fire management strategies informed by traditional ecological knowledge improve fire management outcomes.,low,success
W2252772284,False,"[""PM2.5"", ""other""]",[],[],systematic_review,"[""South America""]",regional,none,[],[],"[{""subject"": ""biomass burning"", ""relation"": ""causes"", ""object"": ""black carbon aerosol emissions""}, {""subject"": ""black carbon aerosol"", ""relation"": ""is_associated_with"", ""object"": ""glacier and snow cover retreat""}, {""subject"": ""black carbon aerosol"", ""relation"": ""is_associated_with"", ""object"": ""reduced water availability""}]","[""Limited systematic observations of black carbon along Andes"", ""Incomplete quantification of black carbon contribution to cryosphere retreat"", ""Need for expanded measurement infrastructure in region""]","Black carbon from biomass burning may contribute to Andean glacier and snow cover retreat, affecting water resources.",medium,success
W4308641495,False,"[""wildfire_smoke"", ""heat_stress"", ""fire_weather"", ""other""]",[],"[""children"", ""elderly"", ""indigenous"", ""low_income"", ""rural"", ""racial_minorities"", ""homeless"", ""other""]",other,"[""Europe"", ""Asia"", ""Americas"", ""Africa""]",global,explicit,[],"[""low socioeconomic status"", ""limited healthcare access"", ""climate injustice"", ""inequitable research distribution"", ""marginalization""]","[{""subject"": ""wildfire event"", ""relation"": ""increases_risk_of"", ""object"": ""health system burden""}, {""subject"": ""wildfire event"", ""relation"": ""increases_risk_of"", ""object"": ""displacement""}, {""subject"": ""wildfire event"", ""relation"": ""increases_risk_of"", ""object"": ""reduced labour productivity""}]","[""Which adverse health effects are attributable to climate change"", ""Location and population-specific disease effects"", ""Limits to adaptation being reached"", ""Health effects of mitigation and adaptation actions"", ""Research in low-income and middle-income countries""]",Health must become central to global climate policy negotiations; current science-policy disconnect hinders action on climate-health threats.,medium,success
W4388562445,False,"[""fire_weather""]",[],[],time_series,"[""United States""]",regional,none,[],[],"[{""subject"": ""low-intensity fires"", ""relation"": ""is_associated_with"", ""object"": ""risk of high-intensity wildfires""}, {""subject"": ""low-intensity fires"", ""relation"": ""causes"", ""object"": ""fuel treatment in fire-adapted ecosystems""}]",[],"Low-intensity fires reduce high-intensity fire risk by 64% in California conifer forests, with protective effects lasting at least 6 years.",high,success
W3102167126,False,"[""wildfire_smoke""]",[],[],qualitative,"[""United States""]",local,none,[],[],[],"[""Community-level impacts of CAMN unclear"", ""Effectiveness for other seasonal air quality issues unknown""]",Community air monitoring network motivates participation for personal exposure reduction and community air quality awareness in wildfire-prone rural areas.,medium,success
W4392762858,False,"[""heat_stress""]",[],[],modelling,"[""Global""]",global,implicit,[],"[""low_income_developing_countries"", ""manufacturing_dependent_economies"", ""regional_economic_disparities""]","[{""subject"": ""heat_stress"", ""relation"": ""causes"", ""object"": ""labour_productivity_loss""}, {""subject"": ""heat_stress"", ""relation"": ""causes"", ""object"": ""health_costs""}, {""subject"": ""heat_stress"", ""relation"": ""causes"", ""object"": ""economic_disruptions""}, {""subject"": ""economic_disruptions"", ""relation"": ""causes"", ""object"": ""supply_chain_cascading_losses""}]",[],"Global heat stress by 2060 causes 0.6-4.6% GDP loss, with developing countries and manufacturing economies disproportionately affected.",high,success
W2995809825,True,"[""other""]","[""respiratory"", ""cardiovascular"", ""mortality"", ""other""]","[""general"", ""children"", ""low_income"", ""indigenous"", ""pregnant"", ""other""]",other,[],global,explicit,[],"[""low socioeconomic status"", ""limited healthcare access"", ""Indigenous territory loss"", ""human displacement"", ""health system capacity""]","[{""subject"": ""wildfire event"", ""relation"": ""increases_risk_of"", ""object"": ""mortality""}, {""subject"": ""wildfire event"", ""relation"": ""increases_risk_of"", ""object"": ""heat-related illness""}]","[""Health integration in national climate commitments remains minimal"", ""Limited WHO funding mechanisms for climate health programs in LMICs""]",Climate change poses existential health threats to children; Paris Agreement ambition with equity focus essential for manageable health outcomes.,medium,success
W2752726467,False,"[""heat_stress""]",[],[],modelling,"[""Greece""]",local,none,[],"[""population_density"", ""urbanization""]","[{""subject"": ""heat_stress"", ""relation"": ""exacerbates"", ""object"": ""urban_heat_island_effect""}, {""subject"": ""urban_heat_island_effect"", ""relation"": ""increases_risk_of"", ""object"": ""thermal_risk_in_cities""}]","[""unclear consensus on synergies between UHI and heat waves""]","Urban heat island magnitude intensified by up to 3.5°C during heat waves in Athens summer 2012, creating positive feedback loop.",medium,success
W2461883632,True,"[""heat_stress""]","[""other""]","[""general""]",cross_sectional,"[""United States""]",regional,implicit,[],"[""limited access to cooling resources"", ""neighborhood-level heat exposure inequality"", ""building age disparities"", ""walkability barriers to public cooling""]","[{""subject"": ""wildfire event"", ""relation"": ""increases_risk_of"", ""object"": ""heat stress""}, {""subject"": ""limited access to cooled space"", ""relation"": ""increases_risk_of"", ""object"": ""heat-related health risks""}]","[""Limited knowledge of private and public cooled space penetration"", ""Cooling center deployment inadequately informed by existing resources"", ""Equitability of access to heat refuges unclear""]","Significant geographic disparities exist in household access to private and public cooling resources, with vulnerable neighbourhoods showing limited heat refuge availability.",medium,success
W2770196353,False,"[""fire_weather""]",[],[],systematic_review,[],global,none,[],[],[],[],Review synthesizes empirical evidence linking climate-related disasters to migration across disparate methodologies and datasets.,medium,success
W4391317110,False,[],[],[],other,"[""Africa""]",regional,explicit,[],"[""climate change impacts"", ""economic development barriers"", ""limited adaptive capacity""]",[],[],Climate action integrated with sustainable development is urgent for protecting Africa's vulnerable populations and economic health.,low,success
W3011112154,False,[],[],[],systematic_review,"[""Western Europe""]",regional,none,[],[],[],"[""Lack of information on birch wood uses"", ""Limited knowledge among forest managers"", ""Insufficient silvicultural guidelines for birch""]",Birch species show potential for Western European forestry under climate change but face adoption barriers due to lack of market information and silvicultural guidance.,medium,success
W4200038048,True,"[""wildfire_smoke"", ""PM2.5""]","[""respiratory"", ""cardiovascular"", ""mortality"", ""other""]","[""general""]",modelling,"[""United States""]",regional,none,[],[],"[{""subject"": ""wildfire smoke"", ""relation"": ""causes"", ""object"": ""PM2.5""}, {""subject"": ""PM2.5"", ""relation"": ""increases_risk_of"", ""object"": ""mortality""}, {""subject"": ""PM2.5"", ""relation"": ""increases_risk_of"", ""object"": ""respiratory outcomes""}, {""subject"": ""PM2.5"", ""relation"": ""increases_risk_of"", ""object"": ""cardiovascular outcomes""}]","[""Sources of uncertainty in health impact assessments"", ""Concentration-response parameter variability across studies"", ""Smoke pollution field representation methods""]",Wildfire PM2.5 health impacts show substantial uncertainty from both pollution fields and concentration-response parameters.,high,success
W4384664428,True,"[""wildfire_smoke"", ""PM2.5"", ""heat_stress""]","[""respiratory"", ""cardiovascular"", ""other""]","[""other""]",cohort,"[""United States""]",local,implicit,"[""immune response activation"", ""eosinophil elevation"", ""lymphocyte suppression"", ""acute phase protein changes"", ""metabolic dysregulation"", ""oxidative stress response""]",[],"[{""subject"": ""wildfire smoke"", ""relation"": ""causes"", ""object"": ""PM2.5 exposure""}, {""subject"": ""PM2.5"", ""relation"": ""increases_risk_of"", ""object"": ""respiratory rate elevation""}, {""subject"": ""PM2.5"", ""relation"": ""increases_risk_of"", ""object"": ""heart rate elevation""}, {""subject"": ""PM2.5"", ""relation"": ""increases_risk_of"", ""object"": ""rectal temperature increase""}, {""subject"": ""PM2.5"", ""relation"": ""exacerbates"", ""object"": ""cough and eye scores""}, {""subject"": ""PM2.5"", ""relation"": ""causes"", ""object"": ""immune cell dysregulation""}, {""subject"": ""PM2.5"", ""relation"": ""causes"", ""object"": ""metabolic disturbance""}, {""subject"": ""PM2.5"", ""relation"": ""exacerbates"", ""object"": ""heat stress effects""}]","[""knowledge of wildfire PM2.5 effects on dairy cattle is sparse""]","Wildfire PM2.5 combined with heat stress elevated respiratory/heart rates, altered immune cells, and disrupted metabolism in preweaned calves.",high,success
W4393403623,False,[],[],[],systematic_review,[],global,explicit,[],"[""imperialism"", ""extractive capitalism"", ""socioeconomic inequality"", ""global inequities"", ""limited healthcare access"", ""food insecurity"", ""water scarcity""]",[],[],Converging crises disproportionately harm vulnerable populations; urgent integrated action required for sustainability and justice.,low,success
W2518843873,False,"[""wildfire_smoke"", ""fire_weather""]",[],[],modelling,"[""Bolivia""]",regional,none,[],[],"[{""subject"": ""wildfire event"", ""relation"": ""is_associated_with"", ""object"": ""distance to roads""}, {""subject"": ""wildfire event"", ""relation"": ""is_associated_with"", ""object"": ""recent deforestation""}, {""subject"": ""wildfire event"", ""relation"": ""is_associated_with"", ""object"": ""human settlement density""}, {""subject"": ""wildfire event"", ""relation"": ""increases_risk_of"", ""object"": ""biomass loss""}, {""subject"": ""fire_weather"", ""relation"": ""increases_risk_of"", ""object"": ""wildfire event""}]","[""effectiveness of protected areas accounting for contextual factors""]","Climate and development interactions substantially increase wildfire risk in Bolivian Chiquitania, with severe drought raising high-risk areas by 69%.",high,success
W2157582501,False,[],[],[],systematic_review,[],global,none,[],[],[],"[""Limited baseline condition data in military areas"", ""Research conducted years after military activities cease"", ""Restricted access to military-affected environments"", ""Scarce information on environmental consequences""]","Modern military activities have overwhelmingly negative effects on ecosystem structure and function, though some recovery and benefits under specific conditions are possible.",medium,success
W4386960771,True,"[""fire_weather"", ""other""]","[""mortality""]","[""general""]",other,[],not_specified,none,[],"[""climate change adaptation"", ""environmental resilience"", ""sustainability practices""]","[{""subject"": ""climate change"", ""relation"": ""increases_risk_of"", ""object"": ""extreme weather conditions""}, {""subject"": ""extreme weather conditions"", ""relation"": ""is_associated_with"", ""object"": ""human mortality""}]","[""empirical event-based human mortality database needed""]","Climate change increases extreme weather frequency and intensity, affecting human mortality through short-term direct and long-term indirect pathways.",low,success
W2587526616,False,[],[],[],other,[],not_specified,none,[],[],[],[],Apis mellifera originated in Middle East or North Eastern Africa with A and Y lineages as earliest branches.,low,success
W3094650251,False,[],[],"[""indigenous""]",systematic_review,[],global,none,[],[],[],[],"Indigenous fire management comprises five main concepts with ontological, epistemological, and methodological dimensions.",medium,success
W2171671382,False,[],[],[],qualitative,"[""Canada""]",national,none,[],[],[],"[""uncertainties in quantifying ecological outcomes"", ""lack of clarity on objectives for assisted migration""]",Assisted migration debate reflects fundamental ethical disagreements about managing versus allowing natural adaptation to climate change.,medium,success
W1670821900,False,"[""wildfire_smoke"", ""direct_fire""]",[],[],other,[],not_specified,none,[],"[""risk perception"", ""property owner capacity"", ""willingness to mitigate"", ""community collaboration"", ""land management coordination""]","[{""subject"": ""wildfire event"", ""relation"": ""causes"", ""object"": ""dwelling losses""}, {""subject"": ""scale mismatches in mitigation planning"", ""relation"": ""exacerbates"", ""object"": ""wildfire dwelling losses""}, {""subject"": ""risk perception and behavior"", ""relation"": ""is_associated_with"", ""object"": ""scale mismatches""}]","[""Understanding community-wide risk perceptions"", ""Predicting property owner mitigation capacity"", ""Improving landscape-scale fuel management prioritization""]",Integrating biophysical and social dimensions improves wildfire mitigation planning by addressing scale mismatches and enhancing community collaboration.,medium,success
W4391345307,True,"[""heat_stress"", ""fire_weather""]","[""cardiovascular"", ""mortality""]","[""general"", ""elderly""]",systematic_review,[],global,implicit,"[""temperature-sympathetic reactivity"", ""renin-angiotensin system activation"", ""dehydration"", ""electrolyte imbalances"", ""systemic inflammatory response""]","[""pre-existing cardiovascular disease"", ""individual health background"", ""environmental conditions""]","[{""subject"": ""wildfire event"", ""relation"": ""increases_risk_of"", ""object"": ""heat stress""}, {""subject"": ""heat stress"", ""relation"": ""causes"", ""object"": ""systemic inflammatory response""}, {""subject"": ""heat stress"", ""relation"": ""causes"", ""object"": ""electrolyte imbalances""}, {""subject"": ""heat stress"", ""relation"": ""causes"", ""object"": ""dehydration""}, {""subject"": ""heat stress"", ""relation"": ""increases_risk_of"", ""object"": ""cardiovascular mortality""}, {""subject"": ""heat stress"", ""relation"": ""increases_risk_of"", ""object"": ""acute myocardial infarction""}, {""subject"": ""heat stress"", ""relation"": ""increases_risk_of"", ""object"": ""heart failure""}, {""subject"": ""heat stress"", ""relation"": ""increases_risk_of"", ""object"": ""cardiac arrhythmias""}]","[""Heterogeneous relationship mechanisms require further clarification"", ""Individual and environmental factor interactions need investigation""]","Climate change and extreme temperatures increase cardiovascular mortality and disease incidence through sympathetic reactivity, renin-angiotensin activation, and inflammatory pathways.",medium,success
W2122781082,False,[],[],[],other,[],global,none,[],[],[],[],Riverine floodplains are critically threatened ecosystems with up to 90% degraded in developed regions and accelerating loss in developing nations.,low,success
W3025222955,False,[],[],[],other,[],global,none,[],[],[],"[""Limited evidence-based targets for nature-based solutions"", ""Policy-implementation gap in climate action"", ""Need for researcher-policymaker collaboration on targets""]","Nature-based solutions are increasingly important for climate resilience but lack measurable, evidence-based implementation targets.",low,success
W2792557859,False,[],[],[],systematic_review,[],not_specified,none,[],[],[],[],"Survey of optimization approaches for civil UAV applications including disaster management, agriculture, and environmental monitoring.",low,success
W3167368647,True,"[""PM2.5""]","[""respiratory"", ""mortality""]","[""general""]",other,[],not_specified,none,[],[],"[{""subject"": ""PM10 above WHO guidelines"", ""relation"": ""exacerbates"", ""object"": ""COVID-19 severity""}, {""subject"": ""PM10 above WHO guidelines"", ""relation"": ""exacerbates"", ""object"": ""COVID-19 mortality""}]",[],Long-term PM10 exposure above WHO guidelines exacerbates COVID-19 severity and mortality outcomes.,low,success
W3042785817,False,"[""heat_stress""]",[],[],modelling,[],global,none,[],[],[],[],ERA5-HEAT provides the first global gridded historical dataset of thermal comfort indices from 1979 onwards.,medium,success
W4287730743,False,[],[],[],systematic_review,[],not_specified,none,[],[],[],"[""Limited understanding of mechanisms driving local adaptation"", ""Few experimental confirmations of biotic and abiotic selection variables"", ""Few identifications of phenotypic targets of selection"", ""Unknown manifestation across different life histories"", ""Unclear constraints on local adaptation""]","Local adaptation is widely observed but mechanisms driving selection, targeted phenotypes, and genetic basis remain poorly understood.",medium,success
W4313550701,True,"[""heat_stress"", ""fire_weather""]","[""mortality"", ""other""]","[""general""]",cross_sectional,"[""Africa"", ""Asia"", ""Europe"", ""Latin America"", ""North America"", ""Oceania""]",global,implicit,"[""heat-related physiological stress""]","[""urban heat island effect"", ""city livability"", ""population density""]","[{""subject"": ""fire_weather"", ""relation"": ""causes"", ""object"": ""heat_stress""}, {""subject"": ""heat_stress"", ""relation"": ""increases_risk_of"", ""object"": ""health risks""}, {""subject"": ""urban heat island effect"", ""relation"": ""exacerbates"", ""object"": ""heat_stress""}]","[""Limited understanding of specific health outcomes in cities""]","Urban heat island effect intensifies temperature rise in cities, increasing health risks for 70% of global population by 2050.",medium,success
W4377833718,False,"[""wildfire_smoke"", ""direct_fire"", ""fire_weather""]",[],[],systematic_review,"[""United States""]",regional,none,[],[],"[{""subject"": ""wildfire event"", ""relation"": ""is_associated_with"", ""object"": ""increasing temperatures""}, {""subject"": ""wildfire event"", ""relation"": ""is_associated_with"", ""object"": ""atmospheric vapour pressure deficit""}, {""subject"": ""wildfire event"", ""relation"": ""is_associated_with"", ""object"": ""anthropogenic climate change""}, {""subject"": ""wildfire event"", ""relation"": ""is_associated_with"", ""object"": ""compression of winter wet season""}, {""subject"": ""wildfire event"", ""relation"": ""is_associated_with"", ""object"": ""suppression of Indigenous fire use""}, {""subject"": ""wildfire event"", ""relation"": ""is_associated_with"", ""object"": ""aggressive fire suppression""}, {""subject"": ""wildfire event"", ""relation"": ""is_associated_with"", ""object"": ""vegetative fuel build-up""}, {""subject"": ""wildfire event"", ""relation"": ""is_associated_with"", ""object"": ""human-caused ignition""}]",[],"California wildfires are driven by climate change, fuel accumulation from fire suppression policies, and human ignition sources.",medium,success
W4385454393,True,"[""PM2.5""]","[""respiratory""]","[""children""]",systematic_review,[],not_specified,implicit,"[""airway responsiveness increase"", ""airway inflammation""]",[],"[{""subject"": ""PM2.5"", ""relation"": ""increases_risk_of"", ""object"": ""childhood asthma onset""}, {""subject"": ""PM2.5"", ""relation"": ""exacerbates"", ""object"": ""childhood asthma exacerbation""}, {""subject"": ""PM2.5"", ""relation"": ""increases_risk_of"", ""object"": ""airway responsiveness""}]","[""Little literature on PM2.5 effects on childhood asthma attacks"", ""Effect of PM2.5 on childhood asthma needs further research""]","PM2.5 may contribute to onset and exacerbation of childhood asthma, but evidence remains limited.",low,success
W2078613192,False,"[""fire_weather"", ""heat_stress""]",[],[],modelling,"[""Turkey"", ""Balkans"", ""Levant"", ""Arabian Gulf""]",regional,none,[],[],[],[],Eastern Mediterranean region projected to warm 3.5–7°C by 2070–2099 with increased drought and heat stress.,medium,success
W2980332209,True,"[""PM2.5"", ""other""]","[""neurological"", ""other""]","[""general""]",systematic_review,[],global,none,"[""neurodevelopmental impairment"", ""neurotoxic effects""]",[],"[{""subject"": ""air pollution"", ""relation"": ""causes"", ""object"": ""health burden""}, {""subject"": ""lead exposure"", ""relation"": ""causes"", ""object"": ""neurodevelopmental effects""}]","[""minimal data on high pollution exposure-risk relationships"", ""GBD methods incompletely account for lead neurodevelopment impacts"", ""limited subclinical effect estimation methods"", ""neurotoxicants and endocrine disruptors not incorporated"", ""climate-related health factors underdeveloped in GBD""]",Current GBD estimates for environmental health risk factors lack data on high-pollution exposures and subclinical effects; systematic expansion needed.,medium,success
W4328113305,False,[],[],[],modelling,"[""Australia""]",local,none,[],[],[],[],Forest growth and succession reduce wildfire flame height and canopy damage through self-thinning and self-pruning ecological controls.,high,success
W2989904130,False,[],[],[],qualitative,"[""Australia""]",regional,none,[],[],[],[],Savanna burning projects in Arnhem Land meet Traditional Owners' six fire management goals including reducing wildfires and protecting biodiversity.,medium,success
W4396707224,False,"[""wildfire_smoke"", ""direct_fire""]",[],[],other,"[""United States""]",national,none,[],[],[],"[""Integration of diverse scientific disciplines into policy"", ""Long-term wildfire risk management strategy needed"", ""Climate change impacts on forest ecosystems unclear""]","Wildfire risk management requires integrated forest land management policies addressing climate change, development in WUI, and hazard mitigation.",low,success
W2290894441,False,[],[],[],other,[],not_specified,none,[],[],[],"[""quantifying importance of edible insects"", ""nutritional value comparison to conventional proteins"", ""food safety protocols for edible insects"", ""consumer acceptance strategies in Western countries"", ""optimal insect farming methods""]",Edible insects offer sustainable alternative protein with comparable nutritional value to conventional meat but require food safety protocols and consumer acceptance strategies.,low,success
W4210296558,False,[],[],[],systematic_review,"[""Italy"", ""Spain"", ""Portugal"", ""Greece""]",regional,none,[],"[""population_growth"", ""urban sprawl"", ""socioeconomic transformations""]",[],[],"Socioeconomic drivers, particularly population growth and urban sprawl, create complex environmental syndromes triggering soil depletion in peri-urban Southern Europe.",medium,success
W2204468525,False,[],[],[],other,[],not_specified,none,[],[],[],[],"Agent-based model output analysis requires sophisticated approaches for variance stability, sensitivity analysis, and stakeholder communication.",low,success
W2590474618,False,"[""fire_weather""]",[],[],qualitative,"[""United States""]",regional,none,[],[],[],"[""How to improve cross-network collaboration for adaptation"", ""Mechanisms for bridging diverse management goals"", ""Integration of fire protection and restoration approaches""]",Network homophily by management goals constrains information sharing and limits collective adaptation capacity for increasing wildfire risk.,medium,success
W1954571707,False,[],[],[],systematic_review,"[""Australia""]",regional,none,[],[],[],"[""Dingo impacts on mammal populations remain complex and unresolved"", ""Disease impacts on native mammal decline remain unresolved"", ""Recovery feasibility unknown for some geographic areas""]","Fire regimes, feral cats, and dingo control drive northern Australian mammal decline; recovery possible with threat management.",high,success
W3093969495,False,[],[],[],modelling,[],global,none,[],[],[],[],"Population growth is the dominant driver of future food insecurity, outweighing climate change impacts by 2050.",medium,success
W2993512515,True,"[""PM2.5"", ""wildfire_smoke""]","[""respiratory"", ""cardiovascular"", ""mortality"", ""other""]","[""general""]",systematic_review,"[""Australia""]",national,implicit,[],"[""lax emissions legislation"", ""population growth vulnerability""]","[{""subject"": ""wildfire smoke"", ""relation"": ""causes"", ""object"": ""PM2.5""}, {""subject"": ""PM2.5"", ""relation"": ""increases_risk_of"", ""object"": ""adverse health outcomes""}, {""subject"": ""wildfire smoke"", ""relation"": ""increases_risk_of"", ""object"": ""extreme pollution events""}]","[""Health risks in less polluted atmospheric environments"", ""Air quality scenarios for future Northern Hemisphere conditions"", ""Current Australian emissions legislation effectiveness""]","Air pollution in Australian cities is generally low, but bushfires cause extreme pollution events; health benefits projected from PM2.5 reduction.",medium,success
W4395067146,False,[],[],[],other,[],not_specified,none,[],[],[],"[""Lack of defined, organizing concepts in fire ecology"", ""Knowledge gaps in fire ecology discipline""]","Fire ecology requires five comprehensive organizing principles to unify biological, physical, and social sciences understanding.",medium,success
W4385644829,True,"[""PM2.5"", ""other""]","[""respiratory"", ""cardiovascular"", ""neurological"", ""other""]","[""children""]",systematic_review,[],not_specified,explicit,"[""airway inflammation"", ""oxidative stress"", ""neurodevelopmental impairment""]","[""economic losses"", ""reduced educational attainment"", ""intergenerational health burden""]","[{""subject"": ""wildfire smoke"", ""relation"": ""causes"", ""object"": ""PM2.5""}, {""subject"": ""PM2.5"", ""relation"": ""causes"", ""object"": ""respiratory health effects in children""}, {""subject"": ""PM2.5"", ""relation"": ""causes"", ""object"": ""cardiovascular health effects in children""}, {""subject"": ""PM2.5"", ""relation"": ""causes"", ""object"": ""neurological effects in children""}, {""subject"": ""early-life health damage"", ""relation"": ""is_associated_with"", ""object"": ""human capital in adulthood""}]","[""Long-term consequences of fossil fuel air pollution on early-life health damage"", ""Human capital impacts in adulthood from childhood exposure"", ""Full range of economic costs to children and society"", ""Cross-disciplinary assessment frameworks for multifaceted impacts""]","Fossil fuel combustion damages children's health and reduces lifetime human capital, with long-term economic consequences across generations.",medium,success
W2024603786,False,[],[],"[""rural"", ""low_income"", ""indigenous""]",qualitative,"[""Ghana""]",regional,implicit,[],"[""livelihood diversification"", ""social networks"", ""food security"", ""agricultural dependence"", ""socio-cultural environment""]",[],[],"Livelihood diversification reduces flood vulnerability in Northern Ghana, though effectiveness is limited to short-term resilience.",medium,success
W4387641558,True,"[""wildfire_smoke"", ""PM2.5""]","[""respiratory"", ""cardiovascular"", ""other""]","[""general"", ""low_income"", ""racial_minorities"", ""other""]",cross_sectional,"[""United States""]",national,explicit,[],"[""low adaptive capacity"", ""high sensitivity"", ""socioeconomic vulnerability"", ""limited access to resources""]","[{""subject"": ""wildfire smoke"", ""relation"": ""causes"", ""object"": ""PM2.5""}, {""subject"": ""PM2.5"", ""relation"": ""increases_risk_of"", ""object"": ""respiratory illness""}, {""subject"": ""PM2.5"", ""relation"": ""increases_risk_of"", ""object"": ""cardiovascular illness""}, {""subject"": ""wildfire smoke"", ""relation"": ""is_associated_with"", ""object"": ""higher vulnerability in low-adaptive-capacity communities""}]",[],"Counties with higher wildfire PM2.5 have lower adaptive capacity and higher vulnerability, with 17.6 million US residents in highest-vulnerability decile.",high,success
W4312197739,False,[],[],[],modelling,"[""Canada"", ""United States""]",regional,none,[],[],[],"[""Regional variation in fire suppression effectiveness"", ""Climate change override of fire suppression capacity""]",Historical boreal forest burn rates declined until mid-1900s; modern rates show regional divergence with northwest increasing trends.,high,success
W4200384083,False,[],[],[],other,"[""Italy""]",local,none,[],[],[],[],"Wildfires in Vesuvius National Park caused €14.363 M in ecosystem service losses, with provisioning services most affected.",high,success
W4386191462,True,"[""PM2.5""]","[""mortality""]","[""general"", ""elderly""]",modelling,"[""China""]",national,implicit,[],"[""population aging"", ""healthcare access"", ""regional cooperation""]","[{""subject"": ""PM2.5"", ""relation"": ""causes"", ""object"": ""mortality""}, {""subject"": ""population aging"", ""relation"": ""exacerbates"", ""object"": ""PM2.5-related mortality""}]","[""region-specific mitigation measures needed""]","Population aging will counteract air quality improvements, driving PM2.5-attributable deaths up in most scenarios through 2035 in China.",high,success
W4385768967,True,"[""heat_stress"", ""other""]","[""mortality"", ""other""]","[""elderly"", ""low_income"", ""other""]",other,"[""developing countries""]",global,explicit,[],"[""low socioeconomic status"", ""limited healthcare access"", ""climate vulnerability""]","[{""subject"": ""wildfire event"", ""relation"": ""increases_risk_of"", ""object"": ""mortality in elderly populations""}, {""subject"": ""wildfire event"", ""relation"": ""is_associated_with"", ""object"": ""heat stress in aging populations""}]",[],Older adults in developing countries face elevated mortality and disease risk from climate change and heat stress.,low,success
W4387392507,True,"[""fire_weather"", ""other""]","[""other""]","[""general""]",systematic_review,[],global,implicit,[],"[""knowledge_and_education"", ""social_networks"", ""adaptive_capacity""]","[{""subject"": ""extreme_weather_events"", ""relation"": ""causes"", ""object"": ""cascading_health_risks""}, {""subject"": ""climate_change"", ""relation"": ""increases_risk_of"", ""object"": ""extreme_weather_events""}, {""subject"": ""social_networks"", ""relation"": ""protects_against"", ""object"": ""health_impacts""}, {""subject"": ""knowledge_and_education"", ""relation"": ""protects_against"", ""object"": ""health_impacts""}]","[""specific cascading risk mechanisms"", ""quantification of adaptation effectiveness""]",Adaptation measures including social networks and knowledge strengthening can mitigate cascading health risks from extreme weather.,low,success
W2087830272,False,[],[],[],qualitative,"[""Australia""]",local,none,[],[],[],"[""Climate adaptation integration in planning practice"", ""Institutional and leadership factors in adaptation"", ""Competing planning agendas affecting adaptation""]",Climate adaptation is accepted but poorly embedded in municipal planning practice; leadership and institutional context are key constraints.,medium,success
W3044187362,True,"[""other""]","[""mental_health"", ""other""]","[""general""]",systematic_review,[],not_specified,none,"[""stress reduction"", ""sensory stimulation""]","[""access to forests"", ""forest management practices"", ""individual traits and reactions""]","[{""subject"": ""forest contact"", ""relation"": ""increases_risk_of"", ""object"": ""psychological wellbeing""}, {""subject"": ""forest contact"", ""relation"": ""increases_risk_of"", ""object"": ""physiological wellbeing""}, {""subject"": ""forest contact"", ""relation"": ""increases_risk_of"", ""object"": ""social wellbeing""}]","[""role of forests in wellbeing relationship largely unexplored"", ""limited information for forest managers and planners"", ""causal relationships between forest features and wellbeing poorly investigated"", ""forest management contribution to wellbeing understudied"", ""optimal dose and frequency of forest experiences unclear""]","Forest contact provides psychological, physiological and social wellbeing benefits, but causal mechanisms and forest management contributions remain understudied.",high,success
W3117067289,True,"[""wildfire_smoke"", ""fire_weather"", ""heat_stress""]","[""respiratory"", ""cardiovascular"", ""mortality"", ""other""]","[""general"", ""indigenous"", ""elderly""]",systematic_review,"[""Australia""]",national,explicit,"[""airway inflammation"", ""particulate matter inhalation""]","[""low socioeconomic status"", ""limited healthcare access"", ""indigenous disparity"", ""geographic isolation"", ""inadequate climate policy""]","[{""subject"": ""wildfire event"", ""relation"": ""causes"", ""object"": ""wildfire smoke""}, {""subject"": ""wildfire smoke"", ""relation"": ""causes"", ""object"": ""PM2.5 exposure""}, {""subject"": ""PM2.5"", ""relation"": ""causes"", ""object"": ""excess mortality""}, {""subject"": ""PM2.5"", ""relation"": ""increases_risk_of"", ""object"": ""hospital admissions""}, {""subject"": ""wildfire event"", ""relation"": ""causes"", ""object"": ""extreme heat exposure""}, {""subject"": ""extreme heat"", ""relation"": ""increases_risk_of"", ""object"": ""heat-related illness""}, {""subject"": ""wildfire event"", ""relation"": ""causes"", ""object"": ""displacement""}]","[""Root causes of climate change not addressed"", ""Limited national health climate change plan"", ""Insufficient monitoring of health impacts""]",Australian 2019-20 bushfires caused 417 excess deaths and 3000+ hospital admissions from smoke exposure; indigenous populations face disproportionate climate health risks.,high,success
W4396801598,True,"[""PM2.5"", ""other""]","[""mental_health"", ""neurological"", ""other""]","[""general"", ""pregnant"", ""other""]",systematic_review,[],global,implicit,"[""oxidative stress"", ""neuroinflammation"", ""endothelial dysfunction"", ""blood-brain barrier disruption""]",[],"[{""subject"": ""air pollution"", ""relation"": ""causes"", ""object"": ""cognitive impairment""}, {""subject"": ""air pollution"", ""relation"": ""causes"", ""object"": ""dementia""}, {""subject"": ""air pollution"", ""relation"": ""is_associated_with"", ""object"": ""post-partum depression""}, {""subject"": ""air pollution"", ""relation"": ""is_associated_with"", ""object"": ""schizophrenia relapse""}, {""subject"": ""climate change hazards"", ""relation"": ""increases_risk_of"", ""object"": ""suicidal behavior""}, {""subject"": ""climate change hazards"", ""relation"": ""increases_risk_of"", ""object"": ""mental disorder mortality""}, {""subject"": ""increased temperature"", ""relation"": ""increases_risk_of"", ""object"": ""suicide-related mortality""}, {""subject"": ""cyclone exposure"", ""relation"": ""exacerbates"", ""object"": ""post-traumatic stress disorder symptoms""}]","[""comprehensive overview addressing relevant biases lacking"", ""limited evidence on climate change and mental health"", ""most associations small in magnitude requiring confirmation""]",Twelve associations between air pollution/climate hazards and mental health achieved convincing or highly suggestive evidence; long-term solvent exposure and cognitive impairment showed strongest evidence globally.,high,success
W2161596410,False,[],[],[],experimental,"[""United States""]",local,none,[],[],[],[],Thinning followed by burning increased bark beetle mortality in ponderosa pine and Douglas-fir through increased fire intensity and bole charring.,high,success
W3214625971,False,[],[],[],other,[],global,none,[],[],[],[],Digital technologies are integral to climate change mitigation but require responsible adoption to balance environmental benefits against e-waste.,low,success
W4321456736,True,"[""wildfire_smoke"", ""PM2.5"", ""other""]","[""respiratory"", ""mortality"", ""other""]","[""general""]",systematic_review,[],not_specified,none,"[""respiratory disease""]","[""low awareness"", ""minimal health literacy"", ""limited mitigation access""]","[{""subject"": ""wildfire smoke"", ""relation"": ""causes"", ""object"": ""PM2.5""}, {""subject"": ""PM2.5"", ""relation"": ""causes"", ""object"": ""respiratory disease""}, {""subject"": ""PM2.5"", ""relation"": ""increases_risk_of"", ""object"": ""mortality""}, {""subject"": ""wildfire smoke"", ""relation"": ""causes"", ""object"": ""smog""}]","[""Low public awareness of combustion health effects"", ""Limited understanding of pollutant dispersal mechanisms""]","Combustion and stubble burning cause respiratory disease, mortality, and environmental degradation with insufficient public awareness.",low,success
W2071052266,False,[],[],[],other,"[""Canada""]",regional,none,[],[],[],"[""Guidance tools for climate change resilience lacking""]",A toolkit was developed to help health care facilities assess and improve resilience to climate change impacts.,medium,success
W4321243473,True,"[""PM2.5"", ""other""]","[""respiratory"", ""cardiovascular"", ""mortality""]","[""general""]",modelling,"[""Colombia""]",regional,none,[],[],"[{""subject"": ""PM2.5"", ""relation"": ""causes"", ""object"": ""respiratory disease""}, {""subject"": ""PM2.5"", ""relation"": ""causes"", ""object"": ""cardiovascular disease""}, {""subject"": ""PM2.5"", ""relation"": ""increases_risk_of"", ""object"": ""mortality""}]",[],Health risk assessment using AirQ+ model quantifies PM2.5-related health impacts in northern Caribbean Colombia.,low,success
W4211040906,True,"[""other""]","[""respiratory"", ""other""]","[""general""]",systematic_review,"[""global""]",global,none,"[""UV radiation effects on immune function""]",[],"[{""subject"": ""stratospheric ozone depletion"", ""relation"": ""increases_risk_of"", ""object"": ""UV radiation exposure""}, {""subject"": ""UV radiation exposure"", ""relation"": ""causes"", ""object"": ""health effects""}, {""subject"": ""climate change"", ""relation"": ""exacerbates"", ""object"": ""UV radiation health impacts""}]","[""Interactive mechanisms between ozone, UV, and climate change poorly understood"", ""Long-term health effects of combined environmental stressors unclear""]","Stratospheric ozone depletion, UV radiation, and climate change interact to affect human health, ecosystems, and materials.",medium,success
W4390547109,False,[],[],"[""indigenous""]",qualitative,"[""India""]",local,none,[],[],[],[],Documentation of ethnomedicinal plant species used by indigenous communities may facilitate phytochemical and pharmacological research.,low,success
W2781561156,False,[],[],[],systematic_review,"[""East Africa""]",regional,none,[],[],[],"[""Processes and timings of New World crop introductions poorly documented"", ""Interactions between people, environment, land-cover change contentious/poorly resolved in some areas and time periods""]","East African land-cover change over 6000 years resulted from cumulative climate shifts and human activities including pastoralism, agriculture, and trade.",high,success
W4378227229,True,"[""wildfire_smoke"", ""direct_fire"", ""displacement""]","[""mental_health"", ""other""]","[""general"", ""low_income"", ""rural"", ""homeless"", ""other""]",qualitative,"[""United States""]",local,explicit,[],"[""limited_healthcare_access"", ""housing_instability"", ""socioeconomic_disparities"", ""social_disruption""]","[{""subject"": ""wildfire_event"", ""relation"": ""increases_risk_of"", ""object"": ""displacement""}, {""subject"": ""wildfire_event"", ""relation"": ""increases_risk_of"", ""object"": ""mental_health_distress""}, {""subject"": ""displacement"", ""relation"": ""exacerbates"", ""object"": ""HIV_care_disruption""}]",[],Qualitative framework documents how California wildfires impact people with HIV through displacement and disruption of care.,low,success
W3195348565,False,[],[],[],systematic_review,[],global,none,[],[],[],"[""Role of biotic factors in forest functioning"", ""Long-term biodiversity recovery timescales post-wildfire"", ""Comparative efficacy of alternative mosaic maintenance methods""]","Wildfires reduce biodiversity through habitat loss, but alternative management practices can maintain forest ecosystem functions more sustainably.",medium,success
W2520517309,True,"[""PM2.5"", ""other""]","[""respiratory"", ""other""]","[""outdoor_workers""]",cross_sectional,"[""Nigeria""]",local,implicit,"[""carboxyhaemoglobin formation"", ""reduced lung function"", ""airway obstruction""]","[""occupational exposure without protection"", ""informal sector work"", ""limited regulatory oversight""]","[{""subject"": ""charcoal production"", ""relation"": ""causes"", ""object"": ""PM2.5 emissions""}, {""subject"": ""charcoal production"", ""relation"": ""causes"", ""object"": ""carbon monoxide emissions""}, {""subject"": ""PM2.5"", ""relation"": ""causes"", ""object"": ""reduced FEV1""}, {""subject"": ""PM2.5"", ""relation"": ""causes"", ""object"": ""reduced PEFR""}, {""subject"": ""carbon monoxide"", ""relation"": ""increases_risk_of"", ""object"": ""carboxyhaemoglobin elevation""}]",[],"Charcoal workers exposed to high CO and PM2.5 showed significantly reduced FEV1, PEFR and elevated carboxyhaemoglobin compared to controls.",high,success
W2981362190,True,"[""PM2.5""]","[""mental_health""]","[""general""]",cross_sectional,"[""China""]",national,implicit,[],"[""cognitive ability"", ""non-cognitive ability"", ""coping strategies""]","[{""subject"": ""PM2.5"", ""relation"": ""causes"", ""object"": ""mental health deterioration""}, {""subject"": ""PM2.5"", ""relation"": ""is_associated_with"", ""object"": ""negative mental health outcomes""}, {""subject"": ""cognitive ability"", ""relation"": ""mediates"", ""object"": ""PM2.5-mental health relationship""}, {""subject"": ""non-cognitive ability"", ""relation"": ""mediates"", ""object"": ""PM2.5-mental health relationship""}]","[""role of cognitive and non-cognitive abilities in coping with air pollution""]","Air pollution reduces mental health, but cognitive and non-cognitive abilities partially mediate this relationship through improved coping strategies.",high,success
W3209808523,False,[],[],[],systematic_review,"[""United States"", ""Canada"", ""North America""]",global,none,[],[],[],"[""Sparse resolution in palaeoecological records"", ""Difficulty disentangling drivers of vegetation change"", ""Limited understanding of interacting disturbances"", ""Need for spatial and temporal resolution in disturbance-vegetation relationships"", ""Complex interplay between climate, human land use, and fire unclear""]","Fire and climate-driven disturbances significantly shape plant community dynamics across timescales, requiring integrative palaeoecological approaches.",high,success
W3173634329,False,[],[],"[""elderly"", ""low_income"", ""other""]",other,[],not_specified,explicit,[],"[""low socioeconomic status"", ""social isolation"", ""financial disadvantage""]",[],"[""technology-mediated consumption coping under-researched""]","Digital technology is central to consumer coping during COVID-19 crises, creating paradoxes affecting vulnerable and transitorily vulnerable groups.",low,success
W3208052379,True,"[""heat_stress""]","[""mortality"", ""other""]","[""general"", ""elderly"", ""children"", ""low_income"", ""other""]",systematic_review,[],global,explicit,"[""heat-related thermoregulation failure"", ""cardiovascular strain""]","[""urban heat island effect"", ""limited air conditioning access"", ""low socioeconomic status"", ""poor housing quality""]","[{""subject"": ""urban heat"", ""relation"": ""increases_risk_of"", ""object"": ""mortality""}, {""subject"": ""urban heat"", ""relation"": ""exacerbates"", ""object"": ""cardiovascular disease""}]","[""priorities for action and research to mitigate harms""]",Urban heat poses increasing global health threat; vulnerable populations face elevated mortality and morbidity risks.,low,success
W4396693585,True,"[""PM2.5"", ""other""]","[""respiratory"", ""cardiovascular""]","[""general""]",systematic_review,[],not_specified,none,"[""airway inflammation"", ""cardiovascular disease""]",[],"[{""subject"": ""PM2.5"", ""relation"": ""causes"", ""object"": ""respiratory disease""}, {""subject"": ""PM2.5"", ""relation"": ""causes"", ""object"": ""cardiovascular disease""}, {""subject"": ""vehicular emissions"", ""relation"": ""causes"", ""object"": ""PM2.5""}]","[""Sampling and collection of fine and ultrafine particles remains challenging""]",Fine and ultrafine particles from vehicular emissions pose greatest health risks; cascade impactors are most effective sampling methods.,high,success
W4403530914,False,[],[],[],other,[],not_specified,none,[],[],[],"[""Shortage of specialized AI experts in environmental sector"", ""Challenges related to data access, control, and privacy"", ""Limited technological infrastructure in developing regions""]","AI enhances environmental monitoring through pollution detection and air quality forecasting, but faces implementation challenges including expert shortages and data governance issues.",medium,success
W3003356275,False,"[""fire_weather""]",[],[],other,[],not_specified,none,[],[],[],"[""need for integrated ecological-physical causal accounts"", ""need for fine-grained spatio-temporal descriptions""]",Storyline approach to extreme event attribution aligns better with ecological forensic methodology than probabilistic risk-based approaches.,low,success
W3086845813,False,[],[],[],other,[],not_specified,none,[],[],[],"[""Impact of host immune system on non-pathogenic microbe colonization"", ""How species-specific interactions shape leaf microbial communities"", ""Complex regulatory host-microbe-microbe network mechanisms""]","Plant leaf microbiota composition is shaped by host immune responses, microbe-microbe interactions, and environmental factors.",medium,success
W1521413372,False,[],[],[],systematic_review,[],global,none,[],[],[],"[""Institutional arrangements supporting climate services"", ""Evaluation methods for climate service success"", ""Decision-making context integration needs"", ""Governance structure effectiveness assessment""]","Climate services evaluation requires framework addressing problem identification, information tailoring, governance structures, and socioeconomic value.",medium,success
W4390807037,False,[],[],[],systematic_review,[],not_specified,none,[],[],[],[],Machine learning and deep learning show promising potential for supporting various healthcare applications including disease prediction and medical image analysis.,low,success
W3153020802,False,[],[],"[""children"", ""elderly"", ""low_income"", ""rural"", ""other""]",other,"[""New Zealand""]",national,explicit,[],"[""low socioeconomic status"", ""poor housing quality"", ""limited social connectedness"", ""low hazard awareness"", ""limited decision-making power"", ""food and water insecurity""]",[],[],Novel social vulnerability framework with ten dimensions identifies population groups most at-risk from flooding in New Zealand.,medium,success
W2047135275,True,"[""direct_fire"", ""PM2.5"", ""heat_stress""]","[""cardiovascular""]","[""outdoor_workers""]",cross_sectional,"[""Brazil""]",local,implicit,"[""autonomic imbalance"", ""blood pressure elevation"", ""altered blood markers""]","[""occupational exposure conditions"", ""outdoor worker status""]","[{""subject"": ""wildfire event"", ""relation"": ""causes"", ""object"": ""burnt sugarcane harvesting exposure""}, {""subject"": ""burnt sugarcane harvesting exposure"", ""relation"": ""increases_risk_of"", ""object"": ""blood pressure elevation""}, {""subject"": ""burnt sugarcane harvesting exposure"", ""relation"": ""causes"", ""object"": ""autonomic imbalance""}, {""subject"": ""autonomic imbalance"", ""relation"": ""is_associated_with"", ""object"": ""cardiovascular changes""}]",[],Burnt sugarcane harvesting work associated with elevated blood pressure and autonomic imbalance in healthy workers.,low,success
W2607303940,False,[],[],[],other,"[""United States""]",regional,none,[],[],[],"[""Limited local and regional climate risk information"", ""Need for bottom-up adaptation approaches"", ""Variable adoption of adaptation strategies""]",Southern Plains agriculture faces varied climate vulnerabilities; irrigated crops show high sensitivity while rangeland beef shows low sensitivity to projected warming and drought.,medium,success
W4375863810,True,"[""wildfire_smoke"", ""fire_weather"", ""heat_stress"", ""displacement"", ""other""]","[""respiratory"", ""cardiovascular"", ""mental_health"", ""mortality"", ""other""]","[""general"", ""low_income"", ""rural"", ""other""]",systematic_review,"[""Africa""]",regional,explicit,[],"[""limited healthcare access"", ""poor sanitation access"", ""low socioeconomic status"", ""property loss and displacement""]","[{""subject"": ""wildfire_event"", ""relation"": ""causes"", ""object"": ""mental_health_disorders""}, {""subject"": ""wildfire_event"", ""relation"": ""increases_risk_of"", ""object"": ""mortality""}, {""subject"": ""wildfire_event"", ""relation"": ""exacerbates"", ""object"": ""limited_healthcare_access""}, {""subject"": ""heat_stress"", ""relation"": ""increases_risk_of"", ""object"": ""communicable_diseases""}, {""subject"": ""heat_stress"", ""relation"": ""increases_risk_of"", ""object"": ""non_communicable_diseases""}]","[""Improved implementation of prevention strategies needed"", ""Limited data on climate change health impacts in Africa""]","Climate change-driven extreme weather events in Africa increase vulnerability to communicable and non-communicable diseases, mental health disorders, and mortality.",medium,success
W3165417548,True,"[""wildfire_smoke""]","[""respiratory"", ""other""]","[""general"", ""outdoor_workers""]",qualitative,"[""Australia""]",national,explicit,[],"[""policy interventions"", ""health risk communication systems"", ""occupational protection measures"", ""socioeconomic vulnerability to smoke exposure""]","[{""subject"": ""wildfire smoke"", ""relation"": ""causes"", ""object"": ""human health hazards""}, {""subject"": ""climate change"", ""relation"": ""increases_risk_of"", ""object"": ""wildfire frequency and intensity""}, {""subject"": ""prolonged wildfire smoke exposure"", ""relation"": ""exacerbates"", ""object"": ""inability of populations to self-protect""}]","[""Limited evidence on policy effectiveness for smoke protection"", ""Inadequate outdoor worker protection during extreme smoke events"", ""Need for improved health risk communication systems""]","Policy-level interventions are needed to protect population health from escalating fire smoke hazards, particularly for outdoor workers and vulnerable groups.",medium,success
W3116258726,False,[],[],[],other,[],not_specified,none,[],[],[],[],"Drone swarms with multi-operator control and VR/AR interfaces can improve firefighter safety and efficiency in surveillance, mapping, and monitoring tasks.",medium,success
W4377115783,True,"[""wildfire_smoke"", ""PM2.5""]","[""respiratory"", ""other""]","[""general""]",cross_sectional,"[""United States""]",local,implicit,"[""oxidative stress"", ""airway inflammation"", ""metal toxicity""]","[""housing quality"", ""indoor air exposure""]","[{""subject"": ""wildfire smoke"", ""relation"": ""causes"", ""object"": ""PM2.5""}, {""subject"": ""PM2.5"", ""relation"": ""is_associated_with"", ""object"": ""indoor dust contamination""}, {""subject"": ""wildfire smoke"", ""relation"": ""increases_risk_of"", ""object"": ""elevated polycyclic aromatic hydrocarbons""}, {""subject"": ""wildfire smoke"", ""relation"": ""increases_risk_of"", ""object"": ""elevated metal concentrations""}, {""subject"": ""resuspended indoor dust"", ""relation"": ""is_associated_with"", ""object"": ""human health threat""}]","[""Residual wildfire impacts on WUI air quality understudied"", ""Long-term health effects of indoor dust resuspension unknown""]","Homes in Marshall Fire burn zone showed elevated indoor dust concentrations of toxic PAHs, metals, and levoglucosan six months post-fire.",high,success
W3096427599,False,[],[],[],other,"[""Europe""]",regional,none,[],[],[],[],"Tropospheric NO2 column density decreased up to 85% over European cities during COVID-19 lockdown, validated via satellite and ground-based observations.",high,success
W4323306527,False,"[""wildfire_smoke""]",[],[],modelling,"[""United States""]",regional,none,[],[],[],"[""Relative importance of climate and wildfire interactions unresolved"", ""Long-term resilience outcomes beyond mid-century unclear""]","Low-severity fire can partially offset climate-driven declines in conifer regeneration through 2050, but warming will eventually dominate.",high,success
W2095881237,False,[],[],[],other,[],not_specified,none,[],[],[],"[""Some biophilic urbanism-resilience relationships are tentative"", ""Future research and testing needed for pathways""]",Biophilic cities with daily nature contact enhance social and landscape resilience to climate change and disasters.,low,success
W3134872589,False,"[""wildfire_smoke"", ""direct_fire""]",[],[],case_control,"[""Brazil""]",local,none,[],[],"[{""subject"": ""wildfire event"", ""relation"": ""causes"", ""object"": ""repeated forest disturbance""}, {""subject"": ""repeated forest disturbance"", ""relation"": ""causes"", ""object"": ""topsoil erosion""}, {""subject"": ""topsoil erosion"", ""relation"": ""causes"", ""object"": ""loss of clay and nutrients""}, {""subject"": ""loss of clay and nutrients"", ""relation"": ""causes"", ""object"": ""soil transformation to sand-rich state""}, {""subject"": ""sand-rich soil"", ""relation"": ""increases_risk_of"", ""object"": ""white-sand savanna expansion""}]",[],"Repeated wildfires in Amazon floodplains cause topsoil erosion and soil nutrient loss, triggering ecosystem shift from forest to white-sand savanna within 40 years.",high,success
W2962383592,False,[],[],[],modelling,"[""Tanzania""]",regional,none,[],[],[],[],"Increasing livestock density reduces fire frequency and total burned area in the Serengeti-Mara ecosystem, potentially compromising ecosystem functioning.",high,success
W4400268266,True,"[""wildfire_smoke""]","[""mortality"", ""cardiovascular"", ""respiratory""]","[""general""]",time_series,[],not_specified,none,[],[],"[{""subject"": ""wildfire smoke"", ""relation"": ""causes"", ""object"": ""ozone formation""}, {""subject"": ""ozone"", ""relation"": ""increases_risk_of"", ""object"": ""respiratory mortality""}, {""subject"": ""ozone"", ""relation"": ""increases_risk_of"", ""object"": ""cardiovascular mortality""}, {""subject"": ""ozone"", ""relation"": ""increases_risk_of"", ""object"": ""all-cause mortality""}]",[],"Wildfire-related ozone increases all-cause, cardiovascular, and respiratory mortality in multicountry analysis.",low,success
W2902807116,False,[],[],[],other,"[""Brazil""]",local,none,[],[],[],"[""Limitations in identifying burn events in savanna formations"", ""Limitations in identifying burn events in secondary vegetation""]",NIR band with zero-mean normalization achieved 98.99% accuracy in MODIS burned-area detection in Amazon region.,high,success
W2175864202,False,"[""displacement""]",[],"[""other""]",qualitative,"[""United States""]",regional,explicit,[],"[""limited healthcare access"", ""housing insecurity"", ""employment barriers"", ""transportation access"", ""disability accommodation gaps""]",[],"[""long-term recovery outcomes specific to disability populations""]","Individuals with disabilities faced disproportionate recovery barriers including housing, transportation, and inaccessible services after Hurricane Katrina.",high,success
W3198277380,True,"[""heat_stress""]","[""mortality"", ""other""]","[""general""]",systematic_review,"[""United States"", ""Europe"", ""Australia""]",global,implicit,"[""heat-related physiological stress""]","[""urban heat island effect"", ""climate change adaptation strategies""]","[{""subject"": ""heat waves"", ""relation"": ""causes"", ""object"": ""excess hospital admissions""}, {""subject"": ""heat waves"", ""relation"": ""causes"", ""object"": ""mortality""}, {""subject"": ""rising temperatures and humidity"", ""relation"": ""increases_risk_of"", ""object"": ""exceeding human survivability limits""}]","[""Limited overview of heat wave research literature prior to this analysis"", ""Need for adaptation strategies to future heat conditions""]","Heat wave research is rapidly growing; excess mortality and hospital admissions are major health impacts, with survivability limits potentially reached by end of 21st century.",medium,success
W4401589698,False,"[""wildfire_smoke"", ""heat_stress"", ""displacement"", ""fire_weather""]",[],[],qualitative,[],not_specified,none,[],[],[],[],Nursing profession must lead climate adaptation and mitigation efforts to prepare healthcare systems for worsening climate impacts.,low,success
W1507476591,False,[],[],"[""indigenous""]",qualitative,"[""Australia""]",regional,none,[],[],[],[],Indigenous knowledge operates at localized scales and may not address contemporary large-scale environmental disturbances.,medium,success
W3080966714,False,[],[],[],systematic_review,[],global,implicit,[],"[""socioeconomic status"", ""adaptive capacity"", ""resilience"", ""psychosocial characteristics"", ""material affluence""]",[],"[""Understanding affluence-vulnerability dynamic in climate change contexts"", ""Vulnerability analysis in affluent regions"", ""Psychosocial factors influencing vulnerability""]",Affluence does not necessarily reduce vulnerability to climate hazards; nuanced analysis of affluence-vulnerability interface required across contexts.,medium,success
W4285004952,False,[],[],[],systematic_review,[],global,none,[],[],[],[],The Metaverse offers potential to enhance urban sustainability but raises ethical concerns about social interaction quality.,low,success
W2391395777,False,[],[],[],experimental,[],not_specified,none,[],[],[],[],Prescribed burning does not damage Pinus pinea stem structure or hydraulics despite intense thermal treatment.,high,success
W2130275208,False,"[""fire_weather"", ""heat_stress""]",[],[],other,"[""Australia""]",national,none,[],[],[],"[""practical options to reduce emissions intensity of livestock"", ""enhance adaptation opportunities for livestock industries"", ""regional-scale climate impacts on animal agriculture""]",Climate change threatens Australian livestock production through heat stress and altered feed availability; adaptation and emissions mitigation strategies are needed.,medium,success
W3177597289,True,"[""fire_weather""]","[""mental_health""]","[""general"", ""children""]",cross_sectional,"[""Philippines""]",national,implicit,[],"[""climate change anxiety"", ""environmental stress perception""]","[{""subject"": ""wildfire event"", ""relation"": ""increases_risk_of"", ""object"": ""climate change anxiety""}, {""subject"": ""climate change anxiety"", ""relation"": ""increases_risk_of"", ""object"": ""psychological distress""}]","[""psychological impacts of climate change not well understood""]",Climate change anxiety predicts 13.5% of mental health variance and is associated with psychological distress in Gen Z Filipinos.,medium,success
W2949574555,True,"[""PM2.5"", ""other""]","[""mortality"", ""respiratory"", ""cardiovascular""]","[""general""]",time_series,"[""Canada""]",regional,implicit,[],"[""pre-existing cardiovascular disease"", ""pre-existing respiratory disease""]","[{""subject"": ""PM2.5"", ""relation"": ""is_associated_with"", ""object"": ""excess mortality""}, {""subject"": ""PM2.5"", ""relation"": ""is_associated_with"", ""object"": ""respiratory disease exacerbation""}, {""subject"": ""PM2.5"", ""relation"": ""is_associated_with"", ""object"": ""cardiovascular disease exacerbation""}, {""subject"": ""ozone and nitrogen dioxide"", ""relation"": ""is_associated_with"", ""object"": ""excess mortality""}]","[""Local air pollution warning systems tailored to specific cities needed""]",City-specific PM2.5 and oxidant thresholds optimise detection of excess mortality episodes in Montreal and Quebec City.,high,success
W2105349246,False,[],[],[],other,[],not_specified,none,[],[],[],[],Integrated invasive plant management requires addressing underlying ecosystem disturbances and employing sequential multi-tactic approaches.,low,success
W3179849837,False,[],[],[],systematic_review,[],global,none,[],[],[],"[""Low survival rates of seeds"", ""Future forest diversity outcomes"", ""Weather limitations on UAV operations"", ""Financial constraints for scaling"", ""Seed-firing accuracy concerns""]","UAV-supported seed sowing enables cost-effective post-wildfire reforestation and forest restoration, but faces challenges in seed survival and operational constraints.",medium,success
W2480782304,False,[],[],[],systematic_review,[],not_specified,none,[],[],[],"[""Need to quantify environmental impacts of fire systematically"", ""Knowledge gaps in fire plume deposition pathways"", ""Tools and methods for environmental impact analysis needed"", ""Data on toxic products from water runoff contamination lacking"", ""Integration of fire impact in building sustainability assessment""]","Fire events cause widespread environmental contamination through air plume, water runoff, and pollutant release, with significant knowledge gaps in quantification methods.",medium,success
W2586819609,False,[],[],[],other,[],not_specified,none,[],[],[],[],Insufficient information to determine study focus or findings.,low,success
W3108869421,False,[],[],[],qualitative,[],not_specified,none,[],[],[],[],Environmental educators should support eco-anxiety as adaptive emotion through self-reflection and peer support.,medium,success
W2125080037,True,"[""fire_weather"", ""heat_stress"", ""other""]","[""mortality"", ""other""]","[""general""]",systematic_review,"[""Israel""]",regional,implicit,[],"[""limited healthcare access"", ""poor preparedness systems"", ""inadequate early warning systems""]","[{""subject"": ""extreme weather events"", ""relation"": ""increases_risk_of"", ""object"": ""mortality""}, {""subject"": ""extreme weather events"", ""relation"": ""increases_risk_of"", ""object"": ""disease""}, {""subject"": ""heat waves"", ""relation"": ""increases_risk_of"", ""object"": ""mortality""}]","[""Preparedness for public health impact still limited"", ""Clear public health policies urgently needed"", ""Regional collaboration priorities not established""]",Extreme weather events in Israel require tailored adaptation policies including early warning systems and health system preparedness.,medium,success
W4391042126,True,"[""other""]","[""other""]",[],systematic_review,[],not_specified,none,[],[],[],"[""Complexity of quantifying exposome influence on health"", ""Need for standardized ExWAS methodology and terminology""]",ExWAS is a systematic data-driven approach for discovering relationships between environmental exposures and health phenotypes.,medium,success
W4317037320,False,[],[],[],systematic_review,[],global,none,[],"[""social inequality"", ""disproportionate resource access"", ""Indigenous knowledge systems"", ""sociocultural contingencies"", ""political and economic uncertainty""]",[],"[""Constraints of modernity and adaptation limits remain unclear""]",Archaeological evidence shows human health responses to past climate change varied by social inequality and cultural factors; Indigenous knowledge flexibility was protective.,medium,success
W4366407485,False,[],[],[],systematic_review,[],global,none,[],[],[],"[""Systematic approach to wildfire governance lacking"", ""Limited integration of governance theories in wildfire literature""]","Novel four-pillar governance framework proposed to address wildfire management through actor participation, collaboration, local dynamics, and institutional adaptation.",medium,success
W2021734102,True,"[""PM2.5""]","[""cardiovascular""]",[],experimental,[],not_specified,none,"[""endothelium-dependent dilation impairment"", ""endothelial dysfunction"", ""venular leukocyte adhesion"", ""oxidative stress signalling"", ""nitric oxide bioavailability reduction""]",[],"[{""subject"": ""PM2.5"", ""relation"": ""causes"", ""object"": ""endothelial dysfunction""}, {""subject"": ""PM2.5"", ""relation"": ""causes"", ""object"": ""impaired arteriolar dilation""}, {""subject"": ""PM2.5"", ""relation"": ""causes"", ""object"": ""venular leukocyte adhesion""}, {""subject"": ""impaired arteriolar dilation"", ""relation"": ""increases_risk_of"", ""object"": ""cardiovascular dysfunction""}]","[""mechanisms by which PM evokes systemic effects remain unidentified""]",Pulmonary PM exposure impairs systemic endothelium-dependent microvascular dilation independent of detectable pulmonary inflammation.,high,success
W2118737803,True,"[""wildfire_smoke"", ""other""]","[""respiratory"", ""reproductive"", ""other""]","[""rural"", ""low_income"", ""other""]",systematic_review,[],global,explicit,"[""airway inflammation from smoke inhalation""]","[""forest dependence"", ""poor healthcare access"", ""heavy domestic labour"", ""unintended childbearing"", ""cultural barriers""]","[{""subject"": ""wildfire smoke"", ""relation"": ""increases_risk_of"", ""object"": ""respiratory disease in women""}, {""subject"": ""cooking smoke inhalation"", ""relation"": ""causes"", ""object"": ""respiratory health problems""}, {""subject"": ""forest dependence"", ""relation"": ""exacerbates"", ""object"": ""health vulnerability in women""}]","[""Health issues of forest women merit more serious attention"", ""Limited documentation of health-conservation integration projects""]","Forest-dependent women face intensified health risks from smoke inhalation, heavy labour, and poor services; integrating conservation with health and family planning can improve outcomes.",medium,success
W3211150217,False,"[""direct_fire""]",[],[],other,"[""Australia""]",national,none,[],[],[],"[""Substantial gaps in data availability and access"", ""Deficiencies in statutory threatened species listings"", ""Need for capacity-building in conservation sectors""]",Rapid biodiversity assessment prioritised 92 vertebrate and 213 invertebrate species for urgent management after Australian megafires.,high,success
W2770835944,True,"[""PM2.5"", ""other""]","[""respiratory"", ""other""]",[],experimental,[],not_specified,none,"[""oxidative stress"", ""low-grade inflammation"", ""lung inflammation"", ""colon inflammation""]",[],"[{""subject"": ""coarse particles"", ""relation"": ""causes"", ""object"": ""oxidative stress""}, {""subject"": ""oxidative stress"", ""relation"": ""mediates"", ""object"": ""low-grade inflammation""}, {""subject"": ""coarse particles"", ""relation"": ""increases_risk_of"", ""object"": ""inflammatory diseases""}]","[""coarse PM-induced inflammation deserves more investigation""]",Coarse particle inhalation induces low-grade inflammation in lung and colon mediated by oxidative stress.,medium,success
W2002846424,True,"[""fire_weather"", ""other""]","[""respiratory"", ""mental_health"", ""other""]","[""outdoor_workers"", ""low_income"", ""other""]",systematic_review,[],global,explicit,[],"[""low socioeconomic status"", ""developing country status"", ""occupational exposure""]","[{""subject"": ""wildfire event"", ""relation"": ""increases_risk_of"", ""object"": ""mental health stress""}, {""subject"": ""wildfire event"", ""relation"": ""increases_risk_of"", ""object"": ""occupational health hazards""}]","[""Difficulty quantifying some non-heat climate impacts"", ""Limited evidence on sustainability viability""]","Climate change poses non-heat health risks to working populations including infectious disease, extreme weather, mental stress, and malnutrition.",medium,success
W4210289618,False,[],[],[],other,[],not_specified,none,[],[],[],[],"Climate change and eutrophication interact synergistically through nutrient cycling, hydrological changes, and greenhouse gas feedbacks in freshwater systems.",low,success
W1564572484,False,[],[],[],other,[],not_specified,none,[],[],[],[],Ecosystem services are necessary but insufficient for human well-being; bidirectional causality exists between ecosystems and well-being.,low,success
W2111212361,False,[],[],[],cross_sectional,"[""Brazil""]",local,none,[],[],[],"[""Long-term sustainability of indigenous lands under agribusiness pressure""]",Indigenous burning in cerrado reserves maintains forest stability while agribusiness expansion outside reserves drives deforestation.,high,success
W3103107703,False,[],[],[],other,"[""Russia""]",local,none,[],[],[],"[""Little known about fire regime changes in Russian boreal forests"", ""Sparse data on past fire regimes in eastern Siberian forests""]",Lake Khamra charcoal record reveals fire regime controlled by climate variability and anthropogenic ignition/suppression over 2200 years.,high,success
W2604928539,False,"[""wildfire_smoke""]",[],[],systematic_review,"[""United States"", ""Australia""]",global,none,[],[],"[{""subject"": ""wildfire smoke"", ""relation"": ""is_associated_with"", ""object"": ""degraded air quality""}, {""subject"": ""wildfire smoke"", ""relation"": ""is_associated_with"", ""object"": ""reduced visibility""}]","[""Research needed for effective fire and air policies"", ""Need to better prepare social-ecological systems for climate change""]",Wildland fire and air quality policies must evolve together with scientific evidence to address smoke impacts effectively.,medium,success
W3178748099,True,"[""PM2.5"", ""other""]","[""respiratory"", ""cardiovascular"", ""reproductive"", ""neurological""]","[""general""]",systematic_review,[],global,none,"[""airway inflammation"", ""oxidative stress"", ""airway damage"", ""mucus hypersecretion""]",[],"[{""subject"": ""air pollution"", ""relation"": ""causes"", ""object"": ""respiratory disease""}, {""subject"": ""air pollution"", ""relation"": ""causes"", ""object"": ""cardiovascular disease""}, {""subject"": ""air pollution"", ""relation"": ""causes"", ""object"": ""reproductive harm""}, {""subject"": ""air pollution"", ""relation"": ""causes"", ""object"": ""neurological disease""}, {""subject"": ""air pollution"", ""relation"": ""exacerbates"", ""object"": ""asthma""}, {""subject"": ""air pollution"", ""relation"": ""exacerbates"", ""object"": ""chronic obstructive pulmonary disease""}]",[],"Air pollution causes multiple systemic health effects primarily through airway exposure, exacerbating respiratory diseases like asthma and COPD.",medium,success
W4399084524,True,"[""wildfire_smoke"", ""PM2.5"", ""fire_weather"", ""other""]","[""mental_health"", ""neurological""]","[""general""]",systematic_review,[],not_specified,none,"[""oxidative stress"", ""systemic inflammation"", ""blood-brain barrier disruption"", ""epigenetic dysregulation""]","[""urbanization quality"", ""environmental pollution exposure"", ""policy implementation gaps""]","[{""subject"": ""wildfire smoke"", ""relation"": ""causes"", ""object"": ""PM2.5""}, {""subject"": ""PM2.5"", ""relation"": ""exacerbates"", ""object"": ""anxiety""}, {""subject"": ""PM2.5"", ""relation"": ""exacerbates"", ""object"": ""depression""}, {""subject"": ""PM2.5"", ""relation"": ""exacerbates"", ""object"": ""schizophrenia""}, {""subject"": ""wildfire event"", ""relation"": ""increases_risk_of"", ""object"": ""depression""}, {""subject"": ""wildfire event"", ""relation"": ""increases_risk_of"", ""object"": ""anxiety""}, {""subject"": ""wildfire event"", ""relation"": ""increases_risk_of"", ""object"": ""PTSD""}, {""subject"": ""PM2.5"", ""relation"": ""causes"", ""object"": ""oxidative stress""}, {""subject"": ""PM2.5"", ""relation"": ""causes"", ""object"": ""systemic inflammation""}, {""subject"": ""oxidative stress"", ""relation"": ""mediates"", ""object"": ""mental health disorders""}]","[""Knowledge about psychiatric disorders from environmental exposures not well disseminated"", ""Limited understanding of dose-response relationships for specific pollutants""]","Environmental pollution and extreme weather conditions, especially wildfires and PM2.5 exposure, are associated with mental health disorders including anxiety, depression, and PTSD through oxidative stress and neuroinflammation.",medium,success
W1995954798,False,[],[],[],qualitative,"[""Brazil""]",local,none,[],[],[],[],"Hunters in northeastern Brazil use diverse techniques and traps, with active methods having greatest conservation impact.",medium,success
W2252655501,False,[],[],[],modelling,"[""Brazil""]",regional,none,[],[],[],[],Overhunting of frugivores causes long-term biomass collapse and carbon stock erosion in Amazonian forests.,medium,success
W2133575279,False,[],[],[],other,"[""Madagascar"", ""Africa"", ""Australia""]",global,none,[],[],[],[],"Climate-smart landscapes require integrated management, land-use diversity, and institutional mechanisms for adaptation and mitigation at scale.",low,success
W2901159829,False,[],[],"[""indigenous"", ""low_income"", ""other""]",cross_sectional,"[""Nepal""]",national,explicit,[],"[""caste"", ""language barriers"", ""low socioeconomic status"", ""political instability"", ""limited disaster preparedness""]",[],"[""Limited understanding of social vulnerability in Nepal""]",Central and western Mountain regions of Nepal exhibit highest social vulnerability; targeted disaster management programs needed.,medium,success
W2952976619,True,"[""PM2.5""]","[""respiratory""]","[""children""]",time_series,"[""China""]",local,explicit,[],[],"[{""subject"": ""PM2.5"", ""relation"": ""increases_risk_of"", ""object"": ""childhood asthma exacerbation""}, {""subject"": ""PM2.5"", ""relation"": ""increases_risk_of"", ""object"": ""asthma control deterioration""}]",[],PM2.5 exposure has significant short-term effects on childhood asthma exacerbation and control.,low,success
W4226177331,False,[],[],[],modelling,[],global,implicit,[],"[""institutional quality"", ""economic readiness"", ""social adaptation readiness"", ""governance adaptation readiness"", ""income levels"", ""socioeconomic development""]",[],[],High-income economies with strong adaptation readiness have lower climate vulnerability; developing economies face higher exposure and sensitivity.,medium,success
W2162714956,True,"[""other""]","[""respiratory"", ""other""]","[""general"", ""other""]",time_series,"[""Australia""]",local,explicit,[],[],"[{""subject"": ""dust storm event"", ""relation"": ""increases_risk_of"", ""object"": ""emergency department visits""}, {""subject"": ""dust storm event"", ""relation"": ""increases_risk_of"", ""object"": ""hospital admissions""}, {""subject"": ""dust storm event"", ""relation"": ""exacerbates"", ""object"": ""asthma""}]",[],"September 2009 dust storm in Sydney increased emergency department visits and hospital admissions, particularly among asthmatics.",low,success
W2898322763,False,[],[],[],other,[],not_specified,none,[],[],[],[],Climate and health stress tests enhance health system capacity to manage climate-related shocks and stresses.,low,success
W2001659636,False,"[""fire_weather""]",[],[],cross_sectional,"[""United States""]",regional,none,[],[],[],[],"Landowner fuel reduction activities correlate with perceived wildfire risk, hazardous fuel conditions, asset exposure, and social networks.",high,success
W2999548343,False,"[""wildfire_smoke""]",[],[],modelling,"[""Greece""]",national,none,[],[],[],"[""Economic impacts of forest fires on agricultural areas not previously estimated""]",Forest fires significantly impact rural economy and agriculture in Greece; economic model developed to quantify direct and indirect costs.,medium,success
W4224246016,False,[],[],[],modelling,"[""global""]",global,none,[],[],[],[],"Achieving zero fossil fuel use by 2050 requires 6–8-fold renewable energy increase, aggressive energy efficiency improvements, and major lifestyle changes.",medium,success
W4317655725,False,"[""wildfire_smoke""]",[],[],cross_sectional,"[""Portugal"", ""Spain"", ""Italy"", ""Greece""]",regional,none,[],[],"[{""subject"": ""wildfire event"", ""relation"": ""is_associated_with"", ""object"": ""GDP growth decrease""}, {""subject"": ""wildfire event"", ""relation"": ""is_associated_with"", ""object"": ""employment growth changes""}]",[],"Wildfires in Southern Europe reduce regional GDP growth by 0.11–0.18% annually, costing 13–21 billion euros per season.",high,success
W4383551991,False,[],[],[],other,[],not_specified,none,[],[],[],[],A new socio-economic model called sustainalism is proposed to address sustainable development comprehensively.,low,success
W2112429606,False,[],[],[],other,[],not_specified,none,[],[],[],[],Soil science requires interdisciplinary approaches across multiple fields to address global challenges.,low,success
W2011707607,True,"[""other""]","[""respiratory""]",[],experimental,[],not_specified,none,"[""lung inflammation"", ""genotoxicity"", ""cadmium release"", ""particle-induced inflammation""]",[],"[{""subject"": ""quantum dots"", ""relation"": ""causes"", ""object"": ""cadmium release""}, {""subject"": ""cadmium release"", ""relation"": ""causes"", ""object"": ""airway inflammation""}, {""subject"": ""nanoparticles"", ""relation"": ""causes"", ""object"": ""genotoxicity""}, {""subject"": ""surface area of nanoparticles"", ""relation"": ""is_associated_with"", ""object"": ""inflammatory response""}]",[],"Quantum dots induced greatest lung inflammation and genotoxicity, likely due to cadmium release, with surface area correlating inflammatory response.",medium,success
W4200521328,True,"[""wildfire_smoke"", ""PM2.5""]","[""respiratory""]","[""general""]",time_series,"[""Brazil""]",regional,none,"[""airway inflammation""]",[],"[{""subject"": ""wildfire smoke"", ""relation"": ""causes"", ""object"": ""PM2.5""}, {""subject"": ""PM2.5"", ""relation"": ""increases_risk_of"", ""object"": ""respiratory hospitalization""}, {""subject"": ""PM2.5"", ""relation"": ""increases_risk_of"", ""object"": ""asthma hospitalization""}]",[],Fire-induced pollution increased respiratory hospitalizations by 0.14% per 1% pollution increase; 5% of respiratory hospitalizations attributable to fires.,high,success
W3041339478,False,"[""heat_stress""]",[],[],modelling,"[""France"", ""Netherlands"", ""Western Europe""]",regional,none,[],[],"[{""subject"": ""human-induced climate change"", ""relation"": ""causes"", ""object"": ""extreme heatwaves""}, {""subject"": ""human-induced climate change"", ""relation"": ""causes"", ""object"": ""increased heatwave intensity""}]","[""Observed trends larger than climate model projections"", ""Challenges for physical and statistical modeling of outstanding events""]",Human-induced climate change substantially increased the likelihood and intensity of 2019 Western European heatwaves by 2-3 times global warming.,high,success
W2407247011,False,[],[],[],other,[],not_specified,none,[],[],[],[],Paper develops a typology framework to improve operationalization of resilience concept.,low,success
W2063400418,False,[],[],[],other,[],not_specified,none,[],[],[],[],Fire management integration in protected areas is essential for habitat sustainability and reducing wildfire vulnerability.,low,success
W4384924960,True,"[""wildfire_smoke"", ""other""]","[""other""]",[],experimental,[],not_specified,none,"[""epoxide metabolite formation"", ""DNA adduct formation"", ""oxidative metabolism""]",[],"[{""subject"": ""wildfire_event"", ""relation"": ""causes"", ""object"": ""1,3-butadiene exposure""}, {""subject"": ""1,3-butadiene exposure"", ""relation"": ""causes"", ""object"": ""epoxide metabolite formation""}, {""subject"": ""epoxide metabolites"", ""relation"": ""causes"", ""object"": ""DNA adduct formation""}]","[""Endogenous formation of butadiene metabolites complicates risk assessment"", ""Need to distinguish endogenous from exogenous metabolite sources""]","EB-GII and MHBMA are specific biomarkers of exogenous BD exposure; DHBMA forms endogenously, complicating exposure assessment.",high,success
W2606687499,False,[],[],[],modelling,"[""Global"", ""Sub-Saharan Africa"", ""Brazil"", ""Central Asia"", ""Australia""]",global,none,[],[],[],"[""Regional parameterization refinements needed"", ""Improved optimization datasets for boreal zone""]",FINAL model successfully simulates agricultural fire patterns but underestimates non-agricultural burned area and carbon emissions globally.,high,success
W2782341335,False,[],[],[],systematic_review,[],global,none,[],[],[],"[""Almost no research into mindfulness role in climate adaptation"", ""Mindfulness-adaptation nexus requires critical construct validation"", ""Empirical testing of mindfulness-based climate approaches needed"", ""Fragmented research across disparate disciplinary fields""]",Individual mindfulness disposition is associated with increased motivation for climate adaptation actions and has potential to facilitate adaptation at multiple scales.,medium,success
W2101045027,False,[],[],[],other,"[""United States""]",national,none,[],[],[],[],"Federal fire management plans require substantial revision to align with current science, policy guidance, and adaptive management principles.",medium,success
W223374150,False,[],[],[],other,[],not_specified,none,[],[],[],[],"Novelty in complex systems originates from cross-scale variability, adaptive cycles, and regime shifts, enhancing resilience.",low,success
W2934331287,False,"[""direct_fire"", ""fire_weather""]",[],[],modelling,"[""Brazil""]",regional,none,[],[],"[{""subject"": ""wildfire event"", ""relation"": ""causes"", ""object"": ""forest area loss""}, {""subject"": ""wildfire event"", ""relation"": ""causes"", ""object"": ""carbon stock reduction""}, {""subject"": ""wildfire event"", ""relation"": ""causes"", ""object"": ""CO2 emissions""}, {""subject"": ""wildfire event"", ""relation"": ""causes"", ""object"": ""human illness""}, {""subject"": ""wildfire event"", ""relation"": ""causes"", ""object"": ""economic losses""}, {""subject"": ""extreme drought"", ""relation"": ""increases_risk_of"", ""object"": ""wildfire event""}]","[""fire dynamics poorly quantified in Acre"", ""land tenure relationships and fire occurrence attribution unclear"", ""indirect health impacts quantification needed""]","In 2010, fires caused estimated economic losses of US$243 million, representing 7% of Acre's GDP in southwestern Amazonia.",high,success
W4310157312,True,"[""fire_weather""]","[""mental_health"", ""other""]","[""children"", ""general""]",systematic_review,[],global,explicit,"[""stress-induced neurochemical changes"", ""mental disorder development""]","[""psychosocial stress"", ""socioeconomic destabilization"", ""geopolitical instability"", ""limited coping resources"", ""climate anxiety""]","[{""subject"": ""wildfire event"", ""relation"": ""causes"", ""object"": ""psychosocial stress""}, {""subject"": ""wildfire event"", ""relation"": ""increases_risk_of"", ""object"": ""mental health disorders""}, {""subject"": ""psychosocial stress"", ""relation"": ""increases_risk_of"", ""object"": ""substance-use disorders""}, {""subject"": ""mental health disorders"", ""relation"": ""increases_risk_of"", ""object"": ""harmful substance use""}]","[""Systematic examination of climate change effects on substance-use behaviors lacking"", ""Nature and scope of climate-substance-use burden not yet empirically evaluated"", ""Methodological approaches for studying this relationship need development""]","Climate change increases substance-use vulnerability through psychosocial stress, mental disorders, and physical-health burden, with young people at disproportionate risk.",medium,success
W4394993636,False,"[""fire_weather""]",[],[],time_series,"[""Australia""]",regional,none,[],[],"[{""subject"": ""wildfire event"", ""relation"": ""causes"", ""object"": ""habitat loss in threatened species ranges""}, {""subject"": ""wildfire event"", ""relation"": ""increases_risk_of"", ""object"": ""increased fire frequency""}, {""subject"": ""wildfire event"", ""relation"": ""causes"", ""object"": ""decline in unburnt vegetation""}]","[""Empirical evidence of fire regime shifts at large scales scarce"", ""Management strategies for fire-threatened species needed""]","Fire regimes in southern Australia shifted dramatically 1980-2021, with unburnt habitat declining and fire frequency increasing across threatened species ranges.",high,success
W3094812015,False,"[""heat_stress""]",[],[],systematic_review,"[""Australia""]",national,none,[],[],[],[],"Urban heat island mitigation strategies including trees, green roofs, and reflective surfaces can reduce urban overheating by 0.1–1.5°C in Australia.",medium,success
W3034446054,True,"[""wildfire_smoke"", ""other""]","[""respiratory"", ""other""]",[],experimental,[],not_specified,none,"[""DNA damage"", ""oxidative stress""]",[],"[{""subject"": ""wildfire smoke"", ""relation"": ""causes"", ""object"": ""combustion aerosol exposure""}, {""subject"": ""combustion aerosol exposure"", ""relation"": ""causes"", ""object"": ""DNA damage""}, {""subject"": ""gaseous fraction of combustion aerosols"", ""relation"": ""causes"", ""object"": ""adverse toxicological effects""}]","[""Understanding relative importance of gaseous versus particulate fractions"", ""Species-specific combustion aerosol toxicity mechanisms""]",Wood species combustion aerosols produce mild but aerosol-specific toxicological effects; gaseous fractions may be more important than particulates.,medium,success
W4361190730,False,[],[],[],cross_sectional,"[""United States""]",regional,none,[],[],[],"[""How serotiny variation affects regeneration trajectories"", ""Long-term fuel dynamics post-reburn across regions"", ""Climate-fire-regeneration interactions under future scenarios""]","Short-interval fires severely reduce forest regeneration and fuel recovery compared to long-interval fires, with amplified effects at distance from seed sources.",high,success
W1596007333,True,"[""wildfire_smoke"", ""PM2.5"", ""fire_weather"", ""heat_stress"", ""displacement"", ""other""]","[""respiratory"", ""cardiovascular"", ""mental_health"", ""mortality"", ""other""]","[""general"", ""children"", ""elderly"", ""low_income"", ""outdoor_workers"", ""other""]",systematic_review,"[""United States""]",local,explicit,"[""airway inflammation"", ""cardiovascular stress"", ""heat-related physiological strain"", ""oxidative stress from air pollutants""]","[""low socioeconomic status"", ""limited air conditioning access"", ""poor housing quality"", ""reduced healthcare access"", ""social isolation"", ""limited green space access"", ""urban heat island effect"", ""critical infrastructure vulnerability""]","[{""subject"": ""wildfire event"", ""relation"": ""causes"", ""object"": ""air pollution""}, {""subject"": ""wildfire smoke"", ""relation"": ""causes"", ""object"": ""PM2.5""}, {""subject"": ""PM2.5"", ""relation"": ""causes"", ""object"": ""respiratory diseases""}, {""subject"": ""PM2.5"", ""relation"": ""causes"", ""object"": ""cardiovascular disease""}, {""subject"": ""wildfire event"", ""relation"": ""causes"", ""object"": ""heat stress""}, {""subject"": ""wildfire event"", ""relation"": ""causes"", ""object"": ""mental health impacts""}, {""subject"": ""wildfire event"", ""relation"": ""causes"", ""object"": ""infrastructure failure""}, {""subject"": ""infrastructure failure"", ""relation"": ""exacerbates"", ""object"": ""heat stress""}, {""subject"": ""heat_stress"", ""relation"": ""increases_risk_of"", ""object"": ""cardiovascular disease""}, {""subject"": ""heat_stress"", ""relation"": ""increases_risk_of"", ""object"": ""respiratory disease""}]","[""Limited understanding of complex health pathways during multiple simultaneous hazards"", ""Need for enhanced local climate health research capacity"", ""Gaps in knowledge of vulnerable population heat exposure patterns"", ""Limited data on healthcare infrastructure resilience during extreme events"", ""Need for integration of climate projections with health impact modeling""]","New York City faces significant health risks from coastal storms and extreme heat through multiple pathways, with vulnerability magnified by infrastructure failure and disparate impacts on vulnerable populations.",high,success
W4403316297,False,[],[],[],other,"[""United States""]",regional,none,[],[],[],[],"Contemporary fire frequency remains below historical levels, but severity has increased substantially in southwestern dry conifer forests.",high,success
W1970477260,True,"[""wildfire_smoke"", ""PM2.5""]","[""other""]","[""children""]",case_control,"[""Brazil""]",local,implicit,"[""micronuclei formation"", ""genetic damage""]",[],"[{""subject"": ""wildfire smoke"", ""relation"": ""causes"", ""object"": ""PM2.5""}, {""subject"": ""PM2.5"", ""relation"": ""causes"", ""object"": ""micronuclei frequency in oral epithelial cells""}]","[""Attribution of micronuclei to specific toxic elements""]",Increased PM2.5 exposure from biomass burning correlates with elevated micronuclei frequency in children's oral epithelial cells.,medium,success
W3010105661,False,[],[],"[""children""]",other,[],global,none,[],"[""access to diagnosis"", ""access to effective therapy"", ""government support"", ""healthcare policy"", ""community involvement"", ""healthcare access inequality""]",[],[],"A worldwide charter for childhood asthma is proposed to improve global diagnosis, management, and access to basic medications.",low,success
W3095620834,True,"[""direct_fire"", ""other""]","[""other""]","[""general""]",cross_sectional,"[""Greece""]",local,none,[],[],"[{""subject"": ""wildfire event"", ""relation"": ""increases_risk_of"", ""object"": ""soil contamination with heavy metals""}, {""subject"": ""wildfire event"", ""relation"": ""increases_risk_of"", ""object"": ""human health risk from metal exposure""}, {""subject"": ""wildfire event"", ""relation"": ""increases_risk_of"", ""object"": ""ecological receptor risk from metal exposure""}]",[],"Wildfire in central Evia mobilised geogenic heavy metals (Ni, Cr, Mn, Co) in ash and soil, posing potential human and ecological health risks.",medium,success
W3158052844,False,[],[],[],other,"[""Brazil""]",regional,none,[],[],[],[],Brazilian Amazon deforestation driven by historical development policies remains vulnerable to political and market changes without structural economic transformation.,low,success
W4394812803,True,"[""PM2.5""]","[""respiratory""]","[""children""]",time_series,"[""United States""]",local,implicit,[],"[""sparsely populated region"", ""limited healthcare access""]","[{""subject"": ""PM2.5"", ""relation"": ""increases_risk_of"", ""object"": ""pediatric respiratory healthcare encounters""}, {""subject"": ""PM2.5"", ""relation"": ""increases_risk_of"", ""object"": ""asthma""}, {""subject"": ""PM2.5"", ""relation"": ""increases_risk_of"", ""object"": ""lower respiratory tract infections""}, {""subject"": ""PM2.5"", ""relation"": ""increases_risk_of"", ""object"": ""upper respiratory tract infections""}]",[],Delayed PM2.5 increases associated with pediatric respiratory visits; effects vary by temperature season.,high,success
W2940931896,False,[],[],[],other,[],not_specified,none,[],[],[],[],Green spaces provide co-benefits for chronic disease reduction and climate change mitigation through environmental improvements.,low,success
W1500464421,False,[],[],[],qualitative,"[""Australia""]",local,none,[],[],[],[],"Study examines resilience, adaptability, and transformability in Australian catchment management systems.",low,success
W3088140825,False,[],[],[],other,"[""China""]",global,none,[],[],[],"[""Smaller sample size in original studies"", ""Lack of demographic information on controls"", ""Need for further studies to confirm ABO correlation""]","Blood group O shows lower COVID-19 susceptibility while blood group A shows higher risk, but evidence remains limited.",low,success
W3091718043,False,[],[],[],modelling,"[""Canada""]",regional,none,[],[],[],[],Integrated framework quantifies forest sector GHG mitigation options with economic feasibility and environmental trade-offs for decision-making.,low,success
W4205088000,False,[],[],[],cross_sectional,"[""Austria"", ""Belgium"", ""Czech Republic"", ""France"", ""Germany"", ""Hungary"", ""Italy"", ""Poland"", ""Romania"", ""Slovakia"", ""Slovenia"", ""Spain"", ""Sweden"", ""Switzerland"", ""United Kingdom""]",regional,none,[],[],[],"[""Causality and directionality remain unresolved"", ""Fine-scale microbiome mechanisms at ecosystem level""]",Ectomycorrhizal fungal composition correlates with three-fold differences in European forest tree growth rates.,high,success
W3005043841,False,[],[],[],systematic_review,[],global,none,[],[],[],"[""Poor implementation of insect conservation globally"", ""Limited integration with biodiversity and climate policy"", ""Insufficient engagement with decision makers and land managers""]",Multiple locally-effective insect conservation strategies exist but require global expansion and better policy integration.,medium,success
W4313855292,False,[],[],[],cross_sectional,"[""Sweden""]",national,none,[],[],[],[],"Human activities and population density drive fire occurrence in Swedish boreal region, with large fires concentrated in sparsely populated areas.",high,success
W4306914640,True,"[""other""]","[""other""]","[""general""]",systematic_review,[],not_specified,none,"[""epithelial injury"", ""peri-epithelial inflammation"", ""microbial dysbiosis"", ""bacterial translocation"", ""immune response dysregulation""]","[""industrial pollution exposure"", ""uncontrolled chemical introduction"", ""lack of chemical regulation""]","[{""subject"": ""toxic substance exposure"", ""relation"": ""causes"", ""object"": ""epithelial barrier dysfunction""}, {""subject"": ""epithelial barrier dysfunction"", ""relation"": ""causes"", ""object"": ""peri-epithelial inflammation""}, {""subject"": ""epithelial barrier dysfunction"", ""relation"": ""causes"", ""object"": ""microbial dysbiosis""}, {""subject"": ""microbial dysbiosis"", ""relation"": ""causes"", ""object"": ""bacterial translocation""}, {""subject"": ""epithelial barrier dysfunction"", ""relation"": ""increases_risk_of"", ""object"": ""allergic diseases""}, {""subject"": ""epithelial barrier dysfunction"", ""relation"": ""increases_risk_of"", ""object"": ""autoimmune diseases""}]",[],"Toxic substance exposure damages epithelial barriers, causing inflammation and dysbiosis linked to allergic and autoimmune disease.",medium,success
W2772874197,False,[],[],[],modelling,[],not_specified,none,[],[],[],[],Framework for adaptive forest management decision-making under climate change impacts.,low,success
W2052925571,False,[],[],[],cross_sectional,"[""United States""]",regional,none,[],"[""landowner cooperation barriers"", ""risk perception beliefs"", ""property ownership structure"", ""public-private trust""]",[],"[""mechanisms underlying private-private cooperation barriers""]",Wildfire risk perception increases cooperation between NIPF owners and public agencies but not among private landowners.,high,success
W2099966770,False,[],[],[],other,[],global,none,[],[],[],[],Unable to determine from provided title and incomplete abstract text.,low,success
W2177842551,False,[],[],[],qualitative,"[""Pakistan"", ""United States""]",global,none,[],[],[],[],Women play active roles in community-based disaster recovery and resilience building across diverse postdisaster contexts.,low,success
W2982100660,False,[],[],[],other,[],global,none,[],[],[],"[""How pressures interact to drive ecosystem changes"", ""Direct mapping of ecological function across broad scales"", ""Predicting future changes in human pressures"", ""Understanding logging, grazing, urbanization interactions"", ""Integrating climate change with human footprint mapping""]","Cumulative human-pressure mapping reveals 83% of terrestrial surface influenced by humans, with significant wilderness loss accelerating in developing regions.",high,success
W2090449866,False,[],[],[],cohort,"[""United States""]",local,none,[],[],[],[],Maternal condition in Alaskan moose affects offspring survival and reproductive success across life stages.,low,success
W2169941254,False,[],[],[],modelling,"[""United States""]",regional,none,[],[],[],"[""Insufficient information for impact analysis across most ecosystem services""]",Climate change will reduce ecosystem service production and economic value in California under most future scenarios.,medium,success
W2905509729,True,"[""fire_weather"", ""heat_stress"", ""other""]","[""respiratory"", ""cardiovascular"", ""mental_health"", ""mortality"", ""other""]","[""general"", ""children"", ""elderly"", ""low_income"", ""rural"", ""other""]",systematic_review,"[""Australia""]",national,implicit,[],"[""carbon-intensive energy system"", ""slow renewable transition"", ""policy inaction"", ""inadequate adaptation planning""]","[{""subject"": ""climate change"", ""relation"": ""increases_risk_of"", ""object"": ""mental health impacts""}, {""subject"": ""climate change"", ""relation"": ""increases_risk_of"", ""object"": ""heat-related mortality""}, {""subject"": ""policy inaction on climate"", ""relation"": ""exacerbates"", ""object"": ""population health vulnerability""}]","[""Tracking ongoing Australian progress on climate health action"", ""Comparative policy effectiveness across high-income countries""]",Australia lags high-income peers on climate-health policy; policy inaction threatens lives despite technical capacity for mitigation.,medium,success
W3131348895,False,"[""wildfire_smoke"", ""direct_fire"", ""fire_weather""]",[],[],other,"[""Australia""]",regional,none,[],[],[],[],Australian bushfires present opportunities for developing climate-resilient settlement models applicable to urban planning.,low,success
W4307701375,False,[],[],"[""low_income"", ""rural"", ""indigenous""]",other,[],global,explicit,[],"[""food security"", ""limited healthcare access"", ""low socioeconomic status"", ""access inequities""]",[],[],Agroecology integrates science and local knowledge to build climate-resilient food systems and improve health in vulnerable communities.,low,success
W2306352594,False,[],[],[],other,[],not_specified,none,[],[],[],[],Incomplete abstract; cannot determine specific findings on disaster risk reduction.,low,success
W2113177511,False,[],[],[],other,[],global,implicit,[],[],[],[],Global crises are increasingly concatenated through synchronised environmental changes and enhanced connectivity between regions.,low,success
W2571626469,False,[],[],[],other,[],not_specified,none,[],[],[],[],Clear-cutting reduces ectomycorrhizal fungi but increases saprotrophic fungi; ectomycorrhizal composition shifts from Atheliaceae to Cortinarius and Russula during stand development.,high,success
W4324357367,True,"[""heat_stress""]","[""mortality"", ""mental_health""]","[""general"", ""other""]",case_control,"[""Canada""]",regional,explicit,"[""thermoregulation impairment"", ""cardiovascular stress""]","[""mental illness burden"", ""chronic disease burden"", ""limited adaptive capacity""]","[{""subject"": ""wildfire event"", ""relation"": ""causes"", ""object"": ""extreme heat event""}, {""subject"": ""extreme heat event"", ""relation"": ""increases_risk_of"", ""object"": ""mortality in schizophrenia patients""}, {""subject"": ""extreme heat event"", ""relation"": ""increases_risk_of"", ""object"": ""mortality in chronic kidney disease patients""}, {""subject"": ""extreme heat event"", ""relation"": ""increases_risk_of"", ""object"": ""mortality in ischemic heart disease patients""}]","[""understanding mechanisms linking schizophrenia to heat mortality"", ""identifying optimal intervention strategies for high-risk groups""]","Schizophrenia, chronic kidney disease, and ischemic heart disease were significantly associated with mortality during the 2021 extreme heat event.",high,success
W2900599322,True,"[""other""]","[""other""]","[""children""]",cross_sectional,"[""United Kingdom""]",national,implicit,"[""stunted growth"", ""developmental impairment""]","[""coal industrialization exposure"", ""district-level pollution burden""]","[{""subject"": ""coal-fired industrial emissions"", ""relation"": ""causes"", ""object"": ""atmospheric pollution""}, {""subject"": ""atmospheric pollution"", ""relation"": ""causes"", ""object"": ""stunted child growth""}, {""subject"": ""atmospheric pollution"", ""relation"": ""is_associated_with"", ""object"": ""reduced adult height""}]",[],Coal-intensive districts in 1890s England showed strong negative association with adult heights of men born in that era.,medium,success
W4246854034,True,"[""fire_weather"", ""other""]","[""respiratory"", ""other""]","[""general"", ""children"", ""rural"", ""other""]",systematic_review,[],global,implicit,"[""IgE-mediated response to aeroallergens"", ""airway inflammation"", ""enhanced allergic sensitization""]","[""urbanization"", ""vehicle emissions exposure"", ""westernized lifestyle"", ""urban versus rural residence""]","[{""subject"": ""air pollution"", ""relation"": ""increases_risk_of"", ""object"": ""respiratory allergy""}, {""subject"": ""air pollution"", ""relation"": ""increases_risk_of"", ""object"": ""asthma exacerbations""}, {""subject"": ""airborne allergens"", ""relation"": ""increases_risk_of"", ""object"": ""IgE-mediated response""}, {""subject"": ""air pollution"", ""relation"": ""exacerbates"", ""object"": ""airway inflammation""}, {""subject"": ""climate change"", ""relation"": ""increases_risk_of"", ""object"": ""respiratory allergy""}, {""subject"": ""climate change"", ""relation"": ""increases_risk_of"", ""object"": ""asthma prevalence""}]","[""Studies on effects of climate changes on respiratory allergy still lacking"", ""Difficulty evaluating impact of climate change and air pollution on asthma prevalence"", ""Difficulty determining timing of asthma exacerbations from these factors""]",Air pollution and climate change increase respiratory allergy and asthma prevalence through enhanced airway inflammation and IgE-mediated responses.,medium,success
W4294943801,True,"[""wildfire_smoke""]","[""respiratory"", ""mortality"", ""other""]","[""general""]",cohort,"[""United States""]",local,none,"[""accelerated lung function decline"", ""airway obstruction""]",[],"[{""subject"": ""wildfire smoke"", ""relation"": ""causes"", ""object"": ""COPD development""}, {""subject"": ""wildfire smoke"", ""relation"": ""causes"", ""object"": ""lung aging""}, {""subject"": ""wildfire smoke"", ""relation"": ""increases_risk_of"", ""object"": ""lung cancer incidence""}, {""subject"": ""wildfire smoke"", ""relation"": ""increases_risk_of"", ""object"": ""all-cause mortality""}]",[],"Wood smoke exposure accelerates lung function decline and increases risk of COPD, lung cancer incidence, and all-cause mortality.",medium,success
W3153673725,False,"[""wildfire_smoke"", ""direct_fire""]",[],"[""low_income"", ""rural"", ""general""]",cross_sectional,"[""Australia""]",regional,explicit,[],"[""low socioeconomic status"", ""limited fire suppression resources"", ""resource gaps for hazard reduction""]","[{""subject"": ""wildfire event"", ""relation"": ""is_associated_with"", ""object"": ""disproportionate hazard exposure in disadvantaged communities""}, {""subject"": ""socio-economic disadvantage"", ""relation"": ""is_associated_with"", ""object"": ""increased wildfire hazard exposure""}, {""subject"": ""resource gaps for fire suppression"", ""relation"": ""exacerbates"", ""object"": ""wildfire hazard exposure in disadvantaged areas""}]","[""Mechanisms underlying socio-economic disparity in fire exposure""]",Socio-economically disadvantaged Australian communities experienced disproportionately higher wildfire hazard exposure during Black Summer fires.,high,success
W3003031591,True,"[""other""]","[""respiratory"", ""other""]",[],experimental,[],not_specified,none,"[""loss of immunological control"", ""increased inflammation"", ""tissue damage"", ""systemic bacterial dissemination""]",[],"[{""subject"": ""diesel exhaust particles"", ""relation"": ""causes"", ""object"": ""loss of immunological control""}, {""subject"": ""diesel exhaust particles"", ""relation"": ""causes"", ""object"": ""increased inflammation""}, {""subject"": ""diesel exhaust particles"", ""relation"": ""causes"", ""object"": ""tissue damage""}, {""subject"": ""diesel exhaust particles"", ""relation"": ""increases_risk_of"", ""object"": ""invasive pneumococcal disease""}]",[],Inhaled diesel exhaust particles increase susceptibility to invasive pneumococcal disease through immunological dysfunction and inflammation.,low,success
W2280682113,False,[],[],[],modelling,"[""Greece""]",local,none,[],[],[],[],Nine of twenty monasteries at Mount Athos face high fire intensity risk despite low burn probabilities.,high,success
W4317937151,False,[],[],[],systematic_review,"[""Russia""]",regional,none,[],[],[],"[""Limited understanding of wildfire adaptation policy state"", ""Insufficient adaptation outputs for climate change severity"", ""Need for expanded climate research in Russian Arctic"", ""Improved dialogue between researchers and decision-makers""]",Russian Arctic wildfire adaptation policies are emerging but insufficient to address climate change severity and require expanded research and stakeholder engagement.,medium,success
W2172964671,False,"[""fire_weather""]",[],[],other,"[""United States""]",regional,none,[],[],[],[],"Grassland expansion and distribution result from coevolution of fire, climate, grasses, and mammalian grazers.",low,success
W3194795917,False,"[""wildfire_smoke"", ""fire_weather""]",[],[],qualitative,"[""United States""]",regional,none,[],[],"[{""subject"": ""wildfire event"", ""relation"": ""causes"", ""object"": ""human health impacts""}, {""subject"": ""loss of Indigenous management"", ""relation"": ""causes"", ""object"": ""altered vegetation susceptible to wildfire""}, {""subject"": ""Mediterranean climate patterns"", ""relation"": ""increases_risk_of"", ""object"": ""wildfire event""}, {""subject"": ""grazing"", ""relation"": ""protects_against"", ""object"": ""wildfire event""}, {""subject"": ""prescribed burning"", ""relation"": ""protects_against"", ""object"": ""wildfire event""}]","[""Effects of prescribed fire and grazing across vegetation types"", ""Regional variation in fire management effectiveness"", ""Integration of Indigenous knowledge in fire management""]","Livestock grazing and prescribed burning can reduce wildfire fuel loads, yet agencies neglect these active management approaches in California's altered Mediterranean landscape.",medium,success
W4200303759,True,"[""fire_weather"", ""other""]","[""other""]","[""general""]",systematic_review,"[""United States"", ""Canada""]",regional,none,"[""pathogen transmission shifts"", ""habitat alteration"", ""vector ecology changes""]",[],"[{""subject"": ""wildfire event"", ""relation"": ""is_associated_with"", ""object"": ""infectious disease transmission""}, {""subject"": ""climate change"", ""relation"": ""causes"", ""object"": ""intensified fire disturbance""}]","[""specific fire-infectious disease mechanisms unclear""]",Climate change drives shifts in infectious disease transmission via altered ecological conditions including fire disturbance regimes across North America.,medium,success
W2802708688,False,[],[],[],qualitative,"[""United States""]",regional,none,[],[],[],[],Tribal stewardship approaches may help escape social-ecological traps in Pacific Northwest forest management.,low,success
W2537682884,False,[],[],[],modelling,[],global,none,[],[],[],[],ISIMIP2b protocol enables cross-sectoral impact projections for 1.5°C warming scenarios and comparison with higher temperature pathways.,medium,success
W4283521175,False,"[""fire_weather""]",[],[],qualitative,"[""United States"", ""Canada"", ""Australia"", ""Europe"", ""Southeast Asia""]",global,none,[],[],[],"[""Limited firefighting capacities in Southeast Asia"", ""Need for expanded international partnerships""]",International resource sharing for fire suppression is effective in developed regions but hampered by political and capacity constraints in Southeast Asia.,medium,success
W1996713686,False,[],[],[],qualitative,"[""United States""]",regional,none,[],[],[],[],Local California public health agencies perceive limited capacity to address climate change threats despite greater actual preparedness.,low,success
W3158278284,False,"[""wildfire_smoke""]",[],[],qualitative,"[""Spain""]",regional,none,[],[],[],[],Resilient forest communities integrate fire as management tool and adapt land planning to minimize wildfire effects.,medium,success
W4367312365,False,[],[],[],other,[],not_specified,none,[],[],[],"[""Nursing theorists' understanding of environment has gaps"", ""Knowledge gaps in climate change health impacts""]",Climate change poses major health threats; nursing discipline must adapt practice to mitigate and adapt to impacts.,low,success
W4285385588,True,"[""heat_stress"", ""fire_weather"", ""other""]","[""cardiovascular"", ""mental_health"", ""respiratory"", ""other""]","[""general"", ""other""]",systematic_review,"[""Africa"", ""Global""]",global,explicit,[],"[""socioeconomic status"", ""environmental factors"", ""infrastructure quality"", ""pre-existing health conditions""]","[{""subject"": ""climate change"", ""relation"": ""causes"", ""object"": ""extreme weather events""}, {""subject"": ""extreme weather events"", ""relation"": ""causes"", ""object"": ""cardiovascular diseases""}, {""subject"": ""extreme weather events"", ""relation"": ""causes"", ""object"": ""mental health impacts""}]","[""Limited studies on climate health connections in Africa"", ""Thematic gap in climate-health hazard linkage analysis""]",Climate-related health hazards are primarily associated with extreme weather; policies and monitoring systems are recommended adaptation strategies.,medium,success
W4294741514,True,"[""heat_stress""]","[""respiratory"", ""cardiovascular"", ""mental_health"", ""other""]","[""low_income"", ""general""]",qualitative,"[""United States""]",local,explicit,"[""heat stress physiological response""]","[""low socioeconomic status"", ""limited healthcare access"", ""high electricity costs"", ""inadequate housing cooling"", ""urban heat island effect""]","[{""subject"": ""wildfire event"", ""relation"": ""increases_risk_of"", ""object"": ""heat_stress""}, {""subject"": ""heat_stress"", ""relation"": ""causes"", ""object"": ""physical health problems""}, {""subject"": ""heat_stress"", ""relation"": ""causes"", ""object"": ""mental health problems""}, {""subject"": ""low socioeconomic status"", ""relation"": ""exacerbates"", ""object"": ""heat_stress health impacts""}]","[""Little is known of how low-income residents of urban heat islands engage their knowledge, attitudes, behaviors, and resources to mitigate the health impacts of heat waves""]","Low-income urban heat island residents employ diverse adaptation behaviors despite limited resources, demonstrating both vulnerability and resilience to heat waves.",high,success
W3172160283,False,[],[],[],other,[],not_specified,none,[],[],[],[],Nurses are positioned to advocate and take action on climate change across professional boundaries.,low,success
W3215031998,False,[],[],[],modelling,[],global,none,[],[],"[{""subject"": ""wildfire smoke"", ""relation"": ""causes"", ""object"": ""carbon emissions""}, {""subject"": ""wildfire smoke"", ""relation"": ""causes"", ""object"": ""loss of irrecoverable carbon""}]",[],"Since 2010, agriculture, logging and wildfire have released 4.0 Gt of irrecoverable carbon globally.",medium,success
W3162682111,False,"[""direct_fire""]",[],[],other,"[""Australia""]",local,none,[],[],[],[],Post-fire recovery of small mammals primarily occurs through in situ survival facilitated by habitat elements like rocks and large trees.,high,success
W3011686053,False,[],[],[],cross_sectional,"[""Brazil""]",local,none,[],[],[],"[""role of gut microbiota in hypertension still poorly understood""]",Hypertensive Brazilian individuals show gut microbiota dysbiosis and elevated inflammatory cytokines compared to normotensive controls.,high,success
W4391166345,True,"[""heat_stress""]","[""mortality"", ""cardiovascular"", ""respiratory"", ""other""]","[""general"", ""elderly"", ""low_income"", ""racial_minorities"", ""other""]",time_series,"[""Brazil""]",regional,explicit,"[""circulatory system dysfunction"", ""respiratory system dysfunction""]","[""low educational level"", ""racial inequality"", ""gender inequality"", ""socioeconomic disparities"", ""limited healthcare access"", ""North-South regional inequalities""]","[{""subject"": ""wildfire event"", ""relation"": ""is_associated_with"", ""object"": ""heat waves""}, {""subject"": ""heat waves"", ""relation"": ""increases_risk_of"", ""object"": ""excess mortality""}, {""subject"": ""heat waves"", ""relation"": ""increases_risk_of"", ""object"": ""cardiovascular disease mortality""}, {""subject"": ""heat waves"", ""relation"": ""increases_risk_of"", ""object"": ""respiratory disease mortality""}, {""subject"": ""low educational level"", ""relation"": ""exacerbates"", ""object"": ""heat-related mortality risk""}, {""subject"": ""racial inequality"", ""relation"": ""exacerbates"", ""object"": ""heat-related mortality risk""}, {""subject"": ""gender inequality"", ""relation"": ""exacerbates"", ""object"": ""heat-related mortality risk""}]","[""Limited research on health impacts of temperature extremes in South America"", ""Role of socioeconomic factors in heat-related illness risk underexplored"", ""Extreme heat events treated as neglected disaster in Brazil""]","Heat waves caused 48,075 excess deaths in Brazil 2000-2018, with disproportionate impacts on low-income, Black, Brown, older, and female populations.",high,success
W2475886832,False,[],[],[],other,"[""South Africa"", ""Southern Africa""]",regional,none,[],[],[],"[""Net ecological response to multiple changes poorly constrained"", ""Important land-use dynamics remain unquantified""]","Southern African woodlands provide $9 billion annually in provisioning services to 150 million people, but face uncertain futures under climate change and land-use pressures.",medium,success
W4386820754,False,[],[],[],systematic_review,[],global,none,[],[],[],"[""Fungal diversity estimates remain contentious"", ""Global distribution patterns remain elusive"", ""Conservation of fungi remains neglected"", ""Over 90% of fungal species unnamed""]","Approximately 2.5 million fungal species exist globally, with over 90% remaining undescribed and requiring large-scale sampling.",medium,success
W4387894154,False,[],[],[],other,"[""global""]",global,none,[],[],[],[],"Global climate records are breaking at unprecedented rates, indicating humanity has entered uncharted territory regarding climate crisis severity.",low,success
W3080691225,False,[],[],[],systematic_review,[],not_specified,none,[],[],[],[],Water scarcity requires revised management strategies including technological solutions and alternative water resources.,low,success
W4383312630,False,[],[],[],time_series,"[""China""]",national,none,[],[],[],[],Renewable energy reduces air pollution while non-renewable energy increases it in China.,medium,success
W4224217004,False,[],[],"[""indigenous"", ""rural"", ""other""]",systematic_review,[],global,explicit,[],"[""indigenous knowledge systems"", ""local fire management practices"", ""community engagement in research"", ""research bias and representation""]",[],"[""Gap in research on local fire knowledge among non-Indigenous populations"", ""Need for inclusion of indigenous and non-indigenous local voices""]",Traditional fire knowledge from indigenous and local communities is underrepresented in wildfire research and management literature.,medium,success
W2802074053,False,[],[],[],systematic_review,[],global,none,[],[],[],"[""Improved awareness of space technology applications needed"", ""Training and collaboration gaps in research community""]","Space technology has health applications but awareness, training, and research collaboration require improvement.",low,success
W3207506077,False,[],[],"[""outdoor_workers""]",other,"[""Europe""]",regional,none,[],[],[],"[""Complex relationship between occupational and nonoccupational exposures"", ""Limited evidence on interrelated exposures and health outcomes"", ""Need for high-resolution exposure characterization methods""]",The Exposome Project for Health and Occupational Research aims to develop comprehensive methods and knowledge on working life exposures in relation to noncommunicable diseases.,medium,success
W4400520325,True,"[""wildfire_smoke"", ""direct_fire""]","[""respiratory"", ""mental_health"", ""other""]","[""low_income"", ""rural"", ""outdoor_workers"", ""racial_minorities""]",qualitative,"[""United States""]",local,explicit,[],"[""low socioeconomic status"", ""monolingual non-English"", ""unincorporated community status"", ""limited emergency preparedness access"", ""agricultural worker employment"", ""limited healthcare access""]","[{""subject"": ""wildfire smoke"", ""relation"": ""causes"", ""object"": ""respiratory health impacts""}, {""subject"": ""wildfire smoke"", ""relation"": ""causes"", ""object"": ""mental health impacts""}, {""subject"": ""wildfire event"", ""relation"": ""causes"", ""object"": ""evacuation displacement""}, {""subject"": ""wildfire event"", ""relation"": ""causes"", ""object"": ""home loss""}]","[""Emergency preparedness information gaps in Spanish"", ""Limited postfire resource availability"", ""Inadequate bilingual communication channels""]","Unincorporated Southern California communities experience disproportionate wildfire and smoke burden with acute physical and mental health impacts, compounded by inequities and communication gaps.",high,success
W2000529827,False,[],[],[],other,"[""Europe""]",regional,none,[],[],[],"[""Little known about certain feeding preferences"", ""Larvae and tropical species underexplored"", ""Sampling and data evaluation unresolved""]","Carabid beetles are valuable model organisms for ecology, bioindication, and conservation biology.",medium,success
W4362523711,False,"[""wildfire_smoke""]",[],[],modelling,"[""United States""]",regional,none,[],[],[],[],"Wildfires reduce gross primary production, with large fires requiring over two decades for carbon uptake recovery.",high,success
W4389121675,True,"[""heat_stress""]","[""mortality"", ""cardiovascular"", ""reproductive"", ""other""]","[""general"", ""elderly"", ""children"", ""outdoor_workers"", ""low_income"", ""rural"", ""pregnant""]",other,"[""United States"", ""Europe""]",global,explicit,"[""hyperthermia"", ""heatstroke"", ""thermoregulatory system failure""]","[""socioeconomic status"", ""limited air conditioning access"", ""employment conditions"", ""housing quality"", ""urban heat islands"", ""reduced green space access"", ""healthcare access disparities""]","[{""subject"": ""wildfire event"", ""relation"": ""increases_risk_of"", ""object"": ""heat stress""}, {""subject"": ""heat stress"", ""relation"": ""causes"", ""object"": ""hyperthermia""}, {""subject"": ""heat stress"", ""relation"": ""causes"", ""object"": ""heatstroke""}, {""subject"": ""heat stress"", ""relation"": ""increases_risk_of"", ""object"": ""mortality""}, {""subject"": ""heat stress"", ""relation"": ""exacerbates"", ""object"": ""cardiorespiratory disease""}, {""subject"": ""heat stress"", ""relation"": ""exacerbates"", ""object"": ""diabetes complications""}, {""subject"": ""heat stress"", ""relation"": ""increases_risk_of"", ""object"": ""vector-borne disease spread""}, {""subject"": ""urban heat islands"", ""relation"": ""exacerbates"", ""object"": ""heat stress""}]","[""Limited research on heat impact on fertility and birth outcomes"", ""Mechanisms linking temperature with fertility remain debated"", ""Insufficient studies on compound effects of simultaneous environmental disasters"", ""Need for climate change attribution research"", ""Limited demographic research on climate-induced challenges""]","Extreme heat represents the leading environmental disaster death toll, with impacts amplified for vulnerable populations lacking air conditioning and adaptation resources.",medium,success
W1985547247,False,[],[],[],cohort,"[""United States""]",local,none,[],[],[],[],Long-term drought and predator recovery disproportionately reduced migratory elk productivity compared to resident elk in Yellowstone.,high,success
W2151784695,False,"[""direct_fire""]",[],[],other,"[""United States""]",regional,none,[],[],[],"[""Little published about caribou response to burned habitat in tundra"", ""Better understanding of regional fire regime distribution needed""]","Caribou strongly avoided burned tundra areas for up to 55 years, threatening winter habitat availability.",high,success
W3094346830,False,"[""fire_weather""]",[],[],systematic_review,[],global,none,[],[],[],[],Pastoral systems face pressure from climate change and rising demand; adaptation strategies include breed selection and grazing management.,low,success
W3201538020,True,"[""PM2.5"", ""other""]","[""neurological"", ""mortality""]","[""general"", ""elderly""]",modelling,"[""Europe""]",regional,implicit,"[""neurodegeneration""]","[""aging population"", ""climate change vulnerability""]","[{""subject"": ""wildfire smoke"", ""relation"": ""causes"", ""object"": ""PM2.5""}, {""subject"": ""PM2.5"", ""relation"": ""increases_risk_of"", ""object"": ""Alzheimer's disease""}, {""subject"": ""PM2.5"", ""relation"": ""increases_risk_of"", ""object"": ""dementia""}, {""subject"": ""climate change"", ""relation"": ""exacerbates"", ""object"": ""air pollution""}]","[""Literature scarce on atmospheric pollutants and neurodegenerative diseases under climate change""]","Air pollution exposure causes ~498,000 annual dementia cases in Europe, projected to increase 72% by 2050 due to aging and climate change.",high,success
W2171812510,False,"[""PM2.5"", ""other""]",[],[],other,"[""Mexico""]",regional,none,[],[],[],[],"MILAGRO campaign characterized Mexico City emissions, transport, and transformation with comprehensive atmospheric measurements across ground, aircraft, and satellite platforms.",medium,success
W3192115282,False,[],[],[],qualitative,"[""Pakistan""]",local,none,[],[],[],[],Indigenous medicinal plant knowledge is declining among younger generations in Harighal.,low,success
W2558185728,False,[],[],[],other,"[""United States""]",regional,none,[],[],[],"[""More data needed to validate bark thickness equations"", ""Regional bark thickness models require refinement"", ""Fire effects models need better calibration for California""]","Bark thickness equations in fire models underpredict most California conifer species, potentially overestimating fire-caused mortality.",medium,success
W4385417286,False,"[""fire_weather""]",[],[],modelling,"[""United States""]",local,none,[],[],"[{""subject"": ""fire_weather"", ""relation"": ""causes"", ""object"": ""large_fire_occurrence""}, {""subject"": ""ignition_frequencies"", ""relation"": ""is_associated_with"", ""object"": ""area_burned""}, {""subject"": ""fuel_contagion"", ""relation"": ""is_associated_with"", ""object"": ""fire_spread_limitation""}]",[],"Fire weather drives large fires, but fuel mosaics and recovery provide stabilizing feedbacks limiting future fire severity.",high,success
W1903271931,False,[],[],[],systematic_review,"[""Canada""]",regional,none,[],[],[],"[""Lack of long-term spatial population data"", ""Inability to monitor forest changes on ecosystems""]",Natural resource development alters boreal forest biodiversity through habitat loss and landscape changes; few species face extirpation but woodland caribou and grizzly bear show range contractions.,high,success
W146506476,False,[],[],[],qualitative,[],not_specified,none,[],[],[],[],Paper addresses transparency and implications of identifying invisible factors in ecological systems.,low,success
W4400798808,True,"[""wildfire_smoke"", ""PM2.5""]","[""respiratory"", ""cardiovascular"", ""other""]","[""general""]",systematic_review,"[""Africa"", ""Asia"", ""North America""]",global,implicit,[],"[""poorly managed areas""]","[{""subject"": ""wildfire event"", ""relation"": ""causes"", ""object"": ""greenhouse gas emissions""}, {""subject"": ""wildfire event"", ""relation"": ""causes"", ""object"": ""air pollutant emissions""}, {""subject"": ""wildfire event"", ""relation"": ""is_associated_with"", ""object"": ""human health""}]","[""need to understand wildfire contributors"", ""impacts in high-latitude regions underexplored"", ""health risks in poorly managed areas unclear""]","Wildfires pose significant threats to climate, ecosystems, and human health; high-latitude regions show increased interannual variability.",low,success
W4206207580,False,[],[],"[""rural"", ""low_income""]",qualitative,"[""United States"", ""India""]",regional,explicit,[],"[""low socioeconomic status"", ""food insecurity"", ""limited food access"", ""agricultural policy differences"", ""wealth inequality""]",[],[],Food security adaptation to climate change requires different strategies in Global North versus South based on socio-economic contexts.,medium,success
W3000049009,False,[],[],[],systematic_review,"[""China"", ""United States"", ""United Kingdom"", ""Germany"", ""Australia""]",global,none,[],[],[],"[""New technologies for land degradation monitoring"", ""Ecological restoration methods and models"", ""Policy guarantee systems for degraded land"", ""Land resource engineering approaches"", ""Multidisciplinary integrated system research""]","Land degradation research spans 93 countries with increasing publication volume; research focuses on restoration, sustainable management, and environmental governance.",medium,success
W2945033051,False,[],[],[],systematic_review,[],not_specified,none,[],[],[],"[""Advancing big data analytics in natural resources"", ""Integration of emerging data science themes in fire management"", ""Optimization of positioning systems in remote areas""]","Hierarchical data collection model using wearable devices, smartphones, and satellite systems improves forest and fire management in connectivity-limited environments.",medium,success
W2137664388,False,"[""PM2.5"", ""other""]",[],[],modelling,"[""Finland"", ""Norway"", ""Denmark""]",local,none,[],[],[],"[""Integration of separate meteorological and air quality models"", ""Accurate forecasting of air pollution episodes and population exposure"", ""Indoor-outdoor pollutant relationship modelling""]","Integrated systems combining meteorological, air quality, and exposure modelling improve urban air pollution forecasting and emergency preparedness.",medium,success
W1583712616,False,[],[],"[""general""]",cross_sectional,"[""Thailand""]",local,implicit,[],"[""community participation"", ""prior disaster experience"", ""gender"", ""education level"", ""social networks""]",[],[],Community participation increases likelihood of disaster risk reduction behaviors by 5.2% among tsunami-prone households.,high,success
W4367049346,False,"[""heat_stress""]",[],[],systematic_review,[],global,none,[],[],[],"[""Physical drivers of heat waves not well understood"", ""Lack of understanding of dynamical aspects"", ""Regional forcings and feedbacks poorly characterised"", ""Attribution of regional trends and individual events hampered"", ""Accurate forecasts and regional projections limited""]","Heat wave physical drivers remain poorly understood, limiting attribution, forecasting, and regional climate projections.",high,success
W4315781210,False,"[""direct_fire""]",[],[],cross_sectional,"[""Mozambique""]",regional,none,[],[],[],"[""consequences of fire impacts yet to be understood""]",Tree species diversity and composition in miombo woodlands vary significantly with fire frequency and intensity regimes.,high,success
W2780205515,False,[],[],[],other,"[""Russia"", ""Northern Eurasia""]",regional,none,[],[],[],[],NEFI proposes integrated assessment models to evaluate coupled Earth-human system feedbacks across Northern Eurasia including mega-fires and environmental extremes.,low,success
W2976626953,True,"[""PM2.5"", ""other""]","[""respiratory"", ""cardiovascular""]","[""outdoor_workers"", ""general""]",systematic_review,[],not_specified,implicit,"[""reactive oxygen species generation"", ""oxidative stress"", ""airway inflammation"", ""antioxidant response"", ""epithelial cell damage"", ""metal deposition in airways""]","[""occupational exposure to underground PM"", ""commuter exposure patterns"", ""limited mitigation strategies available""]","[{""subject"": ""PM2.5"", ""relation"": ""causes"", ""object"": ""reactive oxygen species generation""}, {""subject"": ""reactive oxygen species generation"", ""relation"": ""causes"", ""object"": ""airway inflammation""}, {""subject"": ""PM2.5"", ""relation"": ""increases_risk_of"", ""object"": ""asthma exacerbation""}, {""subject"": ""PM2.5"", ""relation"": ""increases_risk_of"", ""object"": ""chronic obstructive pulmonary disease exacerbation""}, {""subject"": ""PM2.5"", ""relation"": ""increases_risk_of"", ""object"": ""lung cancer""}, {""subject"": ""underground railway PM"", ""relation"": ""causes"", ""object"": ""greater epithelial inflammation than urban PM""}]","[""Lack of research on effects of underground PM in exposed individuals"", ""Knowledge gap regarding health effects in those with underlying conditions"", ""Limited understanding of mitigation strategies for underground railway exposure""]","Underground railway PM is compositionally distinct and more inflammogenic than urban PM, but research on health effects in exposed workers and commuters is lacking.",medium,success
W4390827838,True,"[""other""]","[""neurological""]","[""general""]",systematic_review,[],global,none,"[""mitochondrial dysfunction"", ""neurotoxicity""]",[],"[{""subject"": ""air pollution"", ""relation"": ""increases_risk_of"", ""object"": ""Parkinson's disease""}, {""subject"": ""air pollution"", ""relation"": ""causes"", ""object"": ""mitochondrial dysfunction""}]","[""Relative contributions of each toxicant to disease burden unclear""]","Environmental toxicants including pesticides, trichloroethylene, and air pollution are principal causes of Parkinson's disease and potentially preventable.",medium,success
W2107768736,True,"[""wildfire_smoke"", ""other""]","[""other""]","[""rural"", ""outdoor_workers""]",case_control,"[""Brazil""]",local,explicit,"[""genomic instability"", ""genotoxicity""]","[""occupational exposure"", ""agricultural practices"", ""lack of worker protection""]","[{""subject"": ""wildfire_smoke"", ""relation"": ""causes"", ""object"": ""genotoxicity""}, {""subject"": ""wildfire_smoke"", ""relation"": ""causes"", ""object"": ""genomic instability""}]",[],"Sugarcane burning emissions induce genomic instability in rural harvesters, suggesting need for safer harvesting techniques.",medium,success
W2894783781,False,"[""fire_weather""]",[],[],time_series,"[""China""]",national,none,[],[],[],[],Urbanization contributes more to heat wave trends in wet climates than arid regions due to smaller urban heat island variability.,high,success
W4293152239,False,"[""heat_stress"", ""fire_weather""]",[],[],qualitative,"[""European countries"", ""African countries"", ""Australia""]",global,none,[],[],"[{""subject"": ""concurrent heat and drought events"", ""relation"": ""causes"", ""object"": ""cascading impacts across sectors""}, {""subject"": ""concurrent heat and drought events"", ""relation"": ""increases_risk_of"", ""object"": ""health sector impacts""}, {""subject"": ""concurrent heat and drought events"", ""relation"": ""increases_risk_of"", ""object"": ""energy sector disruption""}, {""subject"": ""concurrent heat and drought events"", ""relation"": ""increases_risk_of"", ""object"": ""agriculture and food production impacts""}, {""subject"": ""cascading sector impacts"", ""relation"": ""causes"", ""object"": ""economic impacts""}, {""subject"": ""cascading sector impacts"", ""relation"": ""causes"", ""object"": ""public services disruption""}]","[""Understanding of concurrent extreme events without historical precedent"", ""Integration of asset and sector interlinkages in adaptation planning"", ""Accounting for system resilience in response mechanisms""]","Concurrent heat and drought events cascade through health, energy, and agriculture sectors, with potential to destabilize entire socio-economic systems.",medium,success
W4405269042,False,[],[],[],systematic_review,[],global,none,[],[],[],"[""Empirical evidence on climate hazards and resistant fungi"", ""Knowledge on antimicrobial resistant helminths, protists, viruses"", ""Disciplinary integration between climate and AMR research"", ""Equal intersection of both topics in primary literature""]","Climate change and antimicrobial resistance intersect through multiple synergistic pathways, but research remains nascent and disciplinarily isolated.",high,success
W2800336546,False,[],[],[],modelling,"[""Canada""]",local,none,[],[],[],[],Reinforcement learning algorithms successfully predict wildfire spread dynamics from satellite imagery in Northern Alberta.,high,success
W3180620813,False,[],[],[],experimental,[],not_specified,none,[],[],[],[],Pyrogenic carbon from wildfire reduces post-fire methane production by 13-24% through electron transfer mechanisms.,high,success
W2394413942,False,[],[],[],other,"[""Brazil""]",local,none,[],[],[],[],"Forest fragmentation effects on Amazonian biodiversity are exacerbated by large-scale environmental drivers including droughts, windstorms, and global climate change.",medium,success
W4226024848,False,[],[],[],systematic_review,[],global,none,[],[],[],[],Technology innovation enables sustainable recovery of tourism post-COVID-19 pandemic.,low,success
W4386786779,False,[],[],[],modelling,"[""Europe""]",regional,none,[],[],[],"[""Local-scale implementation factors beyond suitability mapping"", ""Socio-cultural appropriateness of land management strategies"", ""Viability of incentive schemes for fuel management"", ""Trade-offs with carbon storage and biodiversity goals""]","Over one-quarter of Europe has opportunities for multiple land management strategies to reduce fire risk, with regional variation in strategy suitability.",medium,success
W4283705050,False,[],[],[],other,[],not_specified,none,[],[],[],[],Soil fungi are key drivers of carbon cycling in forest ecosystems through organic matter decomposition and plant-fungal symbiosis.,low,success
W4320735582,False,[],[],[],other,[],global,none,[],[],[],[],"Academic global surgery partnerships can reduce surgical inequities, but face barriers including resource limitations and mentorship deficits.",low,success
W4388705970,True,"[""heat_stress"", ""fire_weather""]","[""respiratory"", ""cardiovascular"", ""other""]","[""general"", ""elderly"", ""other""]",qualitative,"[""China""]",national,implicit,[],"[""urbanization trends"", ""aging population"", ""non-communicable disease burden"", ""limited green space access""]","[{""subject"": ""wildfire event"", ""relation"": ""is_associated_with"", ""object"": ""heat_stress""}, {""subject"": ""heat_stress"", ""relation"": ""increases_risk_of"", ""object"": ""mortality""}]","[""effectiveness of location-specific early warning systems"", ""health co-benefits quantification of carbon neutrality""]",China requires urgent climate adaptation strategies prioritizing urban green space and early warning systems to protect vulnerable populations from heat and extreme weather.,medium,success
W2908508484,False,"[""heat_stress""]",[],[],modelling,"[""United States""]",local,none,[],[],[],[],Integration of satellite and ground-based measurements accurately predicts spatial variation in extreme urban heat across metropolitan regions.,medium,success
W4220804590,False,"[""wildfire_smoke"", ""direct_fire"", ""fire_weather""]",[],[],other,"[""Mediterranean region"", ""temperate regions"", ""boreal regions""]",global,none,[],[],[],"[""Integrated drivers of fire impacts and risks poorly understood"", ""Effective risk reduction strategies need development"", ""Lack of inter-disciplinary fire management approaches"", ""Need for transdisciplinary research integration""]",Traditional fire suppression approaches are insufficient; integrated inter-disciplinary fire management and landscape resilience strategies are urgently needed.,medium,success
W2800411242,False,[],[],[],cross_sectional,"[""Italy""]",national,explicit,[],"[""socioeconomic factors"", ""low socioeconomic status""]",[],[],"Social vulnerability clusters persisted in central and southern Italy from 1991–2011, with increasing medium-vulnerability municipalities.",high,success
W3188709410,False,[],[],[],other,"[""Canada"", ""United States""]",national,none,[],[],[],[],COVID-19 containment measures caused forest supply chain disruptions and increased near-urban forest visitation with wildfire ignition risks.,medium,success
W2163869197,False,[],[],[],systematic_review,"[""Europe""]",regional,none,[],[],[],[],Review of Acacia dealbata invasive biology and control methods in European ecosystems.,low,success
W2969821167,False,"[""wildfire_smoke"", ""direct_fire"", ""fire_weather"", ""other""]",[],[],systematic_review,[],not_specified,none,[],[],[],"[""Additional context-specific valuation studies needed"", ""Lack of accurate value estimates for decision making""]",Non-market valuation studies provide monetary estimates for intangible health and environmental benefits from natural hazard mitigation.,medium,success
W4210800925,False,[],[],[],systematic_review,[],global,none,[],[],[],"[""Extent of pastoral traditional ecological knowledge change globally"", ""Understudied adaptation and hybridization of knowledge"", ""Impact of knowledge changes on pastoral practices""]",Pastoral traditional ecological knowledge is predominantly eroding rather than adapting or hybridizing despite its potential for resilience.,high,success
W4390777288,False,"[""fire_weather""]",[],[],modelling,"[""Australia""]",national,none,[],[],"[{""subject"": ""wildfire event"", ""relation"": ""is_associated_with"", ""object"": ""climate regime shifts""}, {""subject"": ""climate change"", ""relation"": ""causes"", ""object"": ""fire regime reorganization""}, {""subject"": ""warming world"", ""relation"": ""increases_risk_of"", ""object"": ""no-analogue fire regimes""}]","[""Limited understanding of fire regime reorganization extent in warming world"", ""Challenges predicting regime shifts due to complex climate-vegetation-fire feedbacks""]",65% of Australian pyroregions will shift beyond historical climate niches by 2081-2100 under SSP2-4.5 projections.,high,success
W3135599020,False,[],[],[],systematic_review,"[""Australia""]",local,none,[],[],[],"[""Integration of research across ecological disciplines"", ""Mechanisms critical to ecosystem management"", ""Conservation strategies for urban-threatened ecosystems""]",Banksia Woodlands ecosystem faces continued fragmentation from urban expansion; integrated ecological research advances understanding of critical management mechanisms.,medium,success
W2990880757,False,"[""wildfire_smoke""]",[],[],qualitative,"[""Indonesia""]",regional,none,[],"[""local socio-political context"", ""community support"", ""government capacity"", ""economic incentives""]","[{""subject"": ""wildfire event"", ""relation"": ""is_associated_with"", ""object"": ""tropical forest and peatland ecosystems""}, {""subject"": ""wildfire event"", ""relation"": ""is_associated_with"", ""object"": ""peatland drainage""}]","[""Integration of fire reduction into conservation planning"", ""Local context-specific conservation approaches"", ""Interdependency of conservation challenges""]",Forest and peatland conservation in Indonesia requires integrating fire reduction with rewetting and revegetation under adaptive management.,high,success
W3009526937,False,[],[],[],other,"[""European Union""]",regional,none,[],[],[],[],EU Common Agricultural Policy fails on sustainability; enhanced implementation and urgent action needed.,low,success
W4391896453,False,[],[],[],systematic_review,[],global,none,[],[],[],"[""Effects of climate change on entire food supply chain"", ""Various forms of climatic variability beyond production"", ""Socio-economic consequences of food chain disruption""]","Climate change weakens food supply chains; research focused narrowly on production, missing broader chain impacts.",high,success
W4396883654,True,"[""wildfire_smoke"", ""displacement""]","[""respiratory"", ""mental_health"", ""other""]","[""indigenous"", ""general""]",qualitative,"[""Canada""]",regional,explicit,[],"[""limited healthcare access"", ""displacement from territory"", ""disruption of traditional practices"", ""climate change vulnerability""]","[{""subject"": ""wildfire event"", ""relation"": ""causes"", ""object"": ""air quality degradation""}, {""subject"": ""wildfire event"", ""relation"": ""causes"", ""object"": ""community displacement""}, {""subject"": ""wildfire event"", ""relation"": ""exacerbates"", ""object"": ""First Nation health vulnerabilities""}, {""subject"": ""wildfire smoke"", ""relation"": ""causes"", ""object"": ""respiratory health impacts""}]","[""detailed health impact quantification for First Nations"", ""long-term psychological consequences of displacement"", ""mechanism of climate-wildfire interaction in boreal regions""]","2023 Québec wildfires caused severe air quality and displacement impacts on First Nation communities, requiring unified climate-adaptive risk management strategies.",medium,success
W4301394544,True,"[""PM2.5"", ""other""]","[""respiratory"", ""cardiovascular"", ""reproductive"", ""neurological"", ""other""]","[""general"", ""children"", ""elderly"", ""pregnant"", ""low_income"", ""other""]",systematic_review,[],global,explicit,"[""oxidative stress"", ""airway inflammation"", ""systemic inflammation""]","[""low socioeconomic status"", ""lower education levels"", ""limited healthcare access"", ""gender inequality""]","[{""subject"": ""wildfire smoke"", ""relation"": ""causes"", ""object"": ""PM2.5""}, {""subject"": ""PM2.5"", ""relation"": ""increases_risk_of"", ""object"": ""respiratory disease""}, {""subject"": ""PM2.5"", ""relation"": ""increases_risk_of"", ""object"": ""cardiovascular disease""}, {""subject"": ""PM2.5"", ""relation"": ""is_associated_with"", ""object"": ""diabetes mellitus""}, {""subject"": ""PM2.5"", ""relation"": ""is_associated_with"", ""object"": ""Alzheimer's disease""}, {""subject"": ""PM2.5"", ""relation"": ""is_associated_with"", ""object"": ""Parkinson's disease""}]","[""Understanding novel pathways between air pollution and neurodegenerative disease"", ""Quantifying heterogeneous policy synergies across sectors and regions"", ""Evaluating adaptation strategies for vulnerable populations""]",Climate change and air pollution disproportionately affect vulnerable groups; policy action on emissions provides health co-benefits across multiple outcomes.,medium,success
W2990357374,False,[],[],[],systematic_review,[],global,none,[],[],[],"[""Lack of consensus on measuring EbA success"", ""Need to articulate adaptation outcomes clearly"", ""Long-term EbA project monitoring underfunded""]",Ecosystem-based adaptation projects achieve 13 measurable adaptation outcomes; seven indicators can track success across diverse contexts.,medium,success
W4210268110,True,"[""wildfire_smoke"", ""direct_fire"", ""heat_stress""]","[""respiratory"", ""cardiovascular"", ""mental_health"", ""burns_injury"", ""other""]","[""outdoor_workers""]",qualitative,[],not_specified,explicit,[],"[""occupational hazard exposure"", ""limited protective equipment access"", ""shift work stress""]",[],"[""Research priorities for wildland firefighter health""]",Modified Delphi study identifies priority health research gaps for wildland firefighters through stakeholder engagement.,low,success
W4318465118,False,"[""wildfire_smoke""]",[],[],experimental,"[""United States""]",not_specified,none,[],[],[],"[""Understanding fate of PAHs during atmospheric oxidation requires further investigation""]","Gas-phase PAHs dominate biomass-burning emissions (>80%), reduce 70% during atmospheric aging, with toxicity underestimated if particle-phase only.",high,success
W2766948832,True,"[""heat_stress""]","[""mental_health"", ""other""]","[""general""]",cross_sectional,"[""United States""]",national,explicit,[],"[""substance abuse vulnerability"", ""mental illness comorbidity""]","[{""subject"": ""heat_stress"", ""relation"": ""increases_risk_of"", ""object"": ""mental_illness_hospitalizations""}, {""subject"": ""heat_stress"", ""relation"": ""increases_risk_of"", ""object"": ""heat-related_illness_hospitalizations""}]","[""Understanding relative risks across different mental disorders""]",Mental illness and substance abuse are significant risk factors for heat-related illness hospitalizations in the U.S.,medium,success
W3023207641,False,"[""fire_weather""]",[],[],modelling,"[""Chile""]",regional,none,[],[],"[{""subject"": ""wildfire event"", ""relation"": ""is_associated_with"", ""object"": ""El Niño events""}, {""subject"": ""wildfire event"", ""relation"": ""is_associated_with"", ""object"": ""Southern Annular Mode positive phases""}, {""subject"": ""wildfire event"", ""relation"": ""is_associated_with"", ""object"": ""below-average summer precipitation""}]",[],Araucaria forest fires linked to climate variability and human land-use; recent wildfires suggest climate-driven regime shift.,high,success
W3048184269,False,[],[],[],time_series,"[""Angola""]",national,none,[],[],[],[],Angola experienced 30% annual burnt area with decreasing trends in northeast/southeast and increasing trends in central regions from 2001–2019.,high,success
W4388565618,False,[],[],[],other,"[""United States""]",local,none,[],[],[],[],Combined mechanical and prescribed fire treatments most effectively restored forest structure and reduced wildfire hazard in Sierra Nevada forests.,high,success
W1971695596,True,"[""heat_stress"", ""direct_fire""]",[],"[""outdoor_workers""]",case_control,"[""United States""]",local,none,"[""elevated core temperature"", ""heat exhaustion"", ""thermoregulatory failure""]",[],"[{""subject"": ""wildfire event"", ""relation"": ""causes"", ""object"": ""high ambient temperatures""}, {""subject"": ""high ambient temperatures"", ""relation"": ""increases_risk_of"", ""object"": ""elevated core temperature""}, {""subject"": ""high work output"", ""relation"": ""increases_risk_of"", ""object"": ""elevated core temperature""}, {""subject"": ""elevated core temperature"", ""relation"": ""causes"", ""object"": ""heat exhaustion""}]","[""mechanisms of heat exhaustion despite high fluid intake""]",Heat exhaustion occurred in a wildland firefighter despite aggressive fluid intake due to combined high work output and extreme ambient temperatures.,high,success
W2159019200,False,"[""direct_fire""]",[],[],case_control,"[""United States""]",local,none,[],[],[],[],Northern bats tolerate prescribed fire and adapt foraging and roosting behaviour by tracking changes in insect availability and roost tree characteristics.,high,success
W4220861191,False,[],[],[],systematic_review,[],global,none,[],[],[],"[""Disparate spatio-temporal scales complicate net impact evaluation"", ""Carbon-centric metrics inadequately capture forest climate importance""]",Tropical deforestation causes net global warming through CO2 and biophysical effects; boreal deforestation causes cooling via albedo dominance.,high,success
W2978797591,False,[],[],[],qualitative,"[""Canada""]",national,none,[],[],[],"[""Wildfire management adaptation remains early stage"", ""Integration of climate change into forest planning incomplete"", ""Landscape-scale climate effects poorly addressed""]","Canadian forest managers have begun climate adaptation but recognize significant further progress needed in wildfire, pest, and industry management.",medium,success
W1939563378,True,"[""other""]","[""neurological"", ""other""]","[""children"", ""indigenous"", ""low_income""]",cohort,"[""South Africa""]",national,explicit,[],"[""low socioeconomic status"", ""limited migration options"", ""geographic confinement""]","[{""subject"": ""drought exposure in infancy"", ""relation"": ""increases_risk_of"", ""object"": ""later-life disabilities""}, {""subject"": ""drought exposure in infancy"", ""relation"": ""increases_risk_of"", ""object"": ""physical disabilities""}, {""subject"": ""drought exposure in infancy"", ""relation"": ""increases_risk_of"", ""object"": ""mental disabilities""}]","[""mechanisms underlying drought-disability associations unclear""]","Early childhood drought exposure increases later-life disability rates by 3.5–5.2%, with effects concentrated in physical and mental disabilities.",high,success
W4390745092,False,[],[],[],systematic_review,"[""India""]",national,implicit,[],[],[],"[""Future recommendations for climate change-related research from Indian perspective""]","Climate change in India causes extreme weather events, air pollution, and socio-economic impacts requiring mitigation strategies.",medium,success
W2796296057,False,[],[],[],systematic_review,[],not_specified,none,[],[],[],[],Plants respond to heavy metal stress through transcriptional and epigenetic mechanisms to maintain genome stability and resist oxidative damage.,medium,success
W4377565664,True,"[""heat_stress""]","[""mortality"", ""other""]","[""general""]",modelling,"[""United States""]",regional,implicit,"[""heat stress"", ""hyperthermia""]","[""electrical grid infrastructure failure"", ""limited cooling access"", ""urban heat island effect""]","[{""subject"": ""heat wave event"", ""relation"": ""increases_risk_of"", ""object"": ""heat-related mortality""}, {""subject"": ""heat wave event"", ""relation"": ""increases_risk_of"", ""object"": ""heat-related morbidity""}, {""subject"": ""concurrent electrical grid failure"", ""relation"": ""exacerbates"", ""object"": ""heat-related mortality""}, {""subject"": ""concurrent electrical grid failure"", ""relation"": ""exacerbates"", ""object"": ""heat-related morbidity""}, {""subject"": ""tree canopy cover"", ""relation"": ""protects_against"", ""object"": ""heat exposure""}, {""subject"": ""high albedo roofing materials"", ""relation"": ""protects_against"", ""object"": ""heat exposure""}]","[""Enhanced understanding of grid resilience needs during compound extreme events""]",Concurrent blackouts during heat waves more than double heat-related mortality and require medical attention for 3-50% of urban populations.,high,success
W4319294071,True,"[""other""]","[""respiratory"", ""other""]",[],systematic_review,[],not_specified,none,"[""immune system dysregulation""]",[],"[{""subject"": ""environmental exposures"", ""relation"": ""is_associated_with"", ""object"": ""allergic diseases""}, {""subject"": ""environmental exposures"", ""relation"": ""is_associated_with"", ""object"": ""asthma""}]","[""Integration of complex environmental data streams"", ""Personalized medicine implementation through AI"", ""Full exposome representation in models""]",Machine learning and AI can develop causality models linking environmental exposures to allergic diseases and asthma through exposomics approaches.,medium,success
W2321271692,False,[],[],[],qualitative,[],not_specified,none,[],[],[],[],Conservation must incorporate social recognition justice frameworks to respect local knowledge and achieve equitable protected area management.,medium,success
W3185863955,False,[],[],"[""indigenous"", ""other""]",qualitative,[],global,explicit,[],"[""globalization"", ""government policies"", ""colonialism"", ""suppression of indigenous knowledge"", ""cultural appropriation"", ""disconnection from lands and waters""]",[],[],"Indigenous and local knowledge systems face erosion from globalization, colonialism, and policy changes, threatening planetary stewardship.",medium,success
W4213104394,False,"[""wildfire_smoke"", ""direct_fire""]",[],[],time_series,"[""United States""]",regional,none,[],[],"[{""subject"": ""wildfire event"", ""relation"": ""is_associated_with"", ""object"": ""human ignitions on private lands""}, {""subject"": ""wildfire event"", ""relation"": ""causes"", ""object"": ""cross-boundary fire transmission""}, {""subject"": ""wildfire event"", ""relation"": ""causes"", ""object"": ""structure loss""}]","[""empirical knowledge gaps regarding cross-boundary fire activity in western US"", ""understanding of multijurisdictional landscape fire management""]","Human-caused ignitions on private lands drive cross-boundary wildfires and community impacts, concentrated in California with increasing transmission rates.",high,success
W3120776228,True,"[""other""]","[""mental_health""]","[""children"", ""elderly"", ""other""]",qualitative,"[""Canada"", ""South Africa""]",local,implicit,"[""cortisol stress response"", ""DHEA production""]","[""oil and gas industry dependence"", ""community resources"", ""socio-economic development"", ""cultural context""]",[],"[""Multisystemic resilience operationalization in psychological research""]","Multisystemic resilience can be researched using longitudinal mixed methods integrating biological, psychological, social, and environmental protective factors.",medium,success
W4322622428,False,"[""fire_weather""]",[],[],modelling,"[""Pakistan""]",national,implicit,[],"[""high poverty rates"", ""low socioeconomic status"", ""gender inequality"", ""inadequate infrastructure"", ""limited risk reduction capacity"", ""outdated river management system""]","[{""subject"": ""climate change"", ""relation"": ""increases_risk_of"", ""object"": ""extreme monsoon rainfall""}, {""subject"": ""extreme monsoon rainfall"", ""relation"": ""causes"", ""object"": ""flooding""}, {""subject"": ""flooding"", ""relation"": ""causes"", ""object"": ""displacement""}]","[""quantifying overall role of human-induced climate change"", ""long-term variability processes in climate models"", ""improving simulation of extreme rainfall characteristics""]","Climate change increased extreme monsoon rainfall intensity by up to 50% in Pakistan's 2022 flooding, affecting highly vulnerable communities.",medium,success
W4308049127,False,[],[],[],other,[],global,none,[],[],[],"[""Need for consistent large-scale data products for high-integrity forests"", ""Operationalization of ecosystem integrity framework in policy""]","Primary forests have higher ecosystem integrity and lower risk profiles than human-modified forests, requiring enhanced protection.",medium,success
W1924329527,False,"[""fire_weather"", ""heat_stress""]",[],[],systematic_review,"[""Brazil"", ""Argentina"", ""Colombia"", ""Peru"", ""Chile"", ""Mexico"", ""Central America"", ""Caribbean""]",regional,none,[],[],[],"[""Uncertainty in precipitation projections direction"", ""Differences in hydrological model outputs""]","LAC faces severe multi-sector climate impacts including temperature increases, extreme weather, and reduced agricultural productivity, compounding across regions.",high,success
W4363652130,True,[],"[""mental_health"", ""other""]","[""general"", ""low_income""]",other,"[""United States""]",local,implicit,[],"[""income volatility"", ""financial insecurity"", ""socioeconomic status""]","[{""subject"": ""income volatility"", ""relation"": ""is_associated_with"", ""object"": ""poor health outcomes""}, {""subject"": ""guaranteed income"", ""relation"": ""is_associated_with"", ""object"": ""income volatility""}, {""subject"": ""guaranteed income"", ""relation"": ""is_associated_with"", ""object"": ""mental distress""}, {""subject"": ""guaranteed income"", ""relation"": ""increases_risk_of"", ""object"": ""physical functioning""}, {""subject"": ""guaranteed income"", ""relation"": ""increases_risk_of"", ""object"": ""agency""}]",[],"Guaranteed income of $500/month reduced income volatility, mental distress, and improved physical functioning and agency.",high,success
W4296908024,False,[],[],[],other,"[""United States""]",regional,none,[],[],[],[],Conservation genomics can identify resilient species and regions needing conservation intervention at scale.,low,success
W2943205018,True,"[""fire_weather""]","[""mental_health""]","[""general"", ""indigenous"", ""low_income"", ""racial_minorities"", ""other""]",systematic_review,"[""Canada""]",national,explicit,[],"[""social_capital"", ""sense_of_community"", ""government_assistance"", ""access_to_resources"", ""community_preparedness"", ""mental_health_literacy"", ""culturally_relevant_resources"", ""intersectoral_collaboration""]","[{""subject"": ""wildfire_event"", ""relation"": ""increases_risk_of"", ""object"": ""mental_health_outcomes""}, {""subject"": ""climate_change"", ""relation"": ""increases_risk_of"", ""object"": ""mental_health_consequences""}]",[],Eleven key factors including social capital and community preparedness influence adaptation capacity to mental health consequences of climate change.,medium,success
W1995240245,True,"[""fire_weather"", ""other""]","[""other""]","[""pregnant""]",systematic_review,[],global,explicit,[],[],[],[],Climate change poses direct and indirect health risks to women through physical system disturbances and ecosystem disruptions.,low,success
W2955137117,False,[],[],[],qualitative,"[""Israel""]",local,none,[],[],[],"[""Fire-regulating services rarely accounted for in literature"", ""Fire-regulating services excluded from ecosystem service classifications"", ""Human capital integration in fire-regulating services definition underexplored""]",Fire-regulating ecosystem services are overlooked in socio-ecological assessments; human capital integration is essential for urban-wildland interface management.,medium,success
W4386070357,False,"[""fire_weather""]",[],[],modelling,"[""United States""]",regional,none,[],[],"[{""subject"": ""wildfire event"", ""relation"": ""causes"", ""object"": ""altered fire regimes""}, {""subject"": ""altered fire regimes"", ""relation"": ""causes"", ""object"": ""conifer forest transformation""}, {""subject"": ""2 °C warming"", ""relation"": ""increases_risk_of"", ""object"": ""fire-regime change exposure""}]","[""Where and when vegetation-fire feedbacks mediate forest transformation"", ""Forest adaptation trajectories to future disturbance regimes""]",Sixty-five percent of western US conifer forests projected to face altered fire regimes under 2°C warming.,high,success
W1968233852,False,[],[],[],systematic_review,"[""United States""]",national,none,[],[],[],[],"Nitrogen cycle alterations from human activity have widespread climate impacts across terrestrial, aquatic, agricultural, and health sectors in the US.",low,success
W4386242133,True,"[""heat_stress""]","[""mortality"", ""other""]","[""general"", ""other""]",modelling,"[""India"", ""Pakistan""]",regional,explicit,"[""heat stress exceeding human survivability""]","[""vulnerability to heat exposure"", ""limited adaptive capacity""]","[{""subject"": ""wildfire event"", ""relation"": ""is_associated_with"", ""object"": ""heat stress""}, {""subject"": ""heat stress"", ""relation"": ""increases_risk_of"", ""object"": ""mortality""}, {""subject"": ""climate change"", ""relation"": ""exacerbates"", ""object"": ""heat stress intensity""}]","[""Regional vulnerability assessment protocols remain incomplete"", ""Preparedness measures need strengthening in developing regions""]",Human-caused climate change made the 2022 India-Pakistan heatwave 30 times more likely and 1°C hotter; future warming will increase frequency and intensity.,high,success
W4220855741,False,"[""fire_weather""]",[],[],other,[],global,none,[],[],"[{""subject"": ""fire_weather"", ""relation"": ""causes"", ""object"": ""soil degradation""}, {""subject"": ""fire_weather"", ""relation"": ""causes"", ""object"": ""water quality deterioration""}]",[],"Biochar can repair soil-plant system damages from extreme weather by improving fertility, water retention, and nutrient capacity.",low,success
W4377139138,False,[],[],[],modelling,"[""China""]",local,none,[],[],[],"[""In-depth study of wildfire causes and mechanisms"", ""Quantifying impacts and losses to ecological environment"", ""Understanding impacts on urban development""]","XGBoost model achieves best wildfire susceptibility prediction (AUC 0.927) using machine learning on environmental and geographic factors in Guilin, China.",high,success
W4387774085,True,"[""wildfire_smoke"", ""PM2.5""]","[""respiratory""]","[""general"", ""low_income""]",time_series,"[""United States""]",regional,explicit,"[""particulate matter deposition"", ""airway inflammation""]","[""social vulnerability index"", ""low socioeconomic status"", ""geographic inequity""]","[{""subject"": ""wildfire smoke"", ""relation"": ""causes"", ""object"": ""PM2.5""}, {""subject"": ""PM2.5"", ""relation"": ""increases_risk_of"", ""object"": ""respiratory hospitalization""}, {""subject"": ""wildfire-derived PM2.5"", ""relation"": ""is_associated_with"", ""object"": ""non-wildfire PM2.5""}]","[""Limited understanding of differential composition health effects""]","Wildfire PM2.5 causes 13% higher respiratory hospitalizations than non-wildfire PM2.5, with greater underestimation in high-vulnerability areas.",high,success
W2948014955,False,[],[],"[""indigenous"", ""rural""]",qualitative,"[""Ethiopia""]",local,explicit,[],"[""indigenous knowledge systems"", ""traditional governance structures"", ""limited modern forecasting access"", ""pastoral livelihoods""]",[],"[""Limited documentation of indigenous forecasting systems"", ""Unclear synergies with modern systems""]",Afar pastoralists use dynamic indigenous weather forecasting through bio-physical observation and traditional institutions to adapt to climate variability.,medium,success
W4387879800,False,"[""fire_weather""]",[],"[""indigenous""]",systematic_review,"[""East Africa"", ""Southern Africa"", ""Australia""]",regional,implicit,[],"[""colonial institutional legacies"", ""hierarchies in agrarian politics"", ""limited indigenous participation"", ""unequal carbon benefit distribution"", ""institutional asymmetries""]","[{""subject"": ""wildfire event"", ""relation"": ""causes"", ""object"": ""carbon emissions""}, {""subject"": ""late dry-season wildfires"", ""relation"": ""exacerbates"", ""object"": ""ecosystem functioning threats""}, {""subject"": ""early-dry season burns"", ""relation"": ""increases_risk_of"", ""object"": ""woody thickening in mesic savannas""}]","[""Lack of long-term ecological and emissions data"", ""Insufficient species response metrics to fire regime changes"", ""Limited understanding of institutional transfer barriers""]","Savanna burning emissions abatement schemes in East and Southern Africa require context-specific legal frameworks and indigenous leadership to balance climate, biodiversity, and equitable livelihood outcomes.",high,success
W4206221841,False,[],[],"[""elderly"", ""rural"", ""other""]",time_series,"[""Brazil""]",regional,implicit,[],"[""social vulnerabilities"", ""limited healthcare access"", ""healthcare system collapse""]",[],[],"COVID-19 mortality in Amazonas disproportionately affected elderly and rural populations, exacerbated by healthcare collapse and syndemic interactions.",high,success
W4392353381,False,[],[],[],systematic_review,[],global,none,[],[],[],"[""Which hydrological process dominates when and where"", ""How human intervention influences storage and runoff"", ""Socio-economic impacts of drought-to-flood events"", ""When and where certain adaptation processes occur"", ""Why certain processes dominate in interactions""]",Drought-to-flood interactions increase water quality problems and alter vulnerability through hydrological and socio-economic processes.,high,success
W2163295355,False,[],[],"[""indigenous""]",qualitative,[],not_specified,explicit,[],"[""cultural contexts"", ""legal frameworks"", ""governance structures"", ""informed consent practices""]",[],"[""implications of cultural, legal, risk-benefit and governance contexts""]","Multiple cultural, legal, and governance contexts of knowledge exchange require explicit consideration in indigenous-researcher adaptation partnerships.",low,success
W2468060670,False,[],[],[],other,"[""Europe""]",regional,none,[],[],[],[],A voluntary Code of Conduct with 14 principles aims to prevent invasive alien tree species impacts from plantation forestry in Europe.,medium,success
W3197501256,False,[],[],[],other,[],global,none,[],[],[],[],Editorial calling for urgent global action to limit temperature rise to 1.5°C and restore biodiversity to protect population health.,low,success
W2955488516,True,"[""other""]","[""respiratory""]","[""general""]",other,[],not_specified,none,"[""lung function decline""]",[],[],[],"ELF tool integrates chemical exposure, location, and lung function measurement for environmental health assessment.",low,success
W4361279001,True,"[""wildfire_smoke"", ""heat_stress"", ""fire_weather""]","[""respiratory"", ""cardiovascular"", ""mental_health"", ""burns_injury"", ""other""]","[""outdoor_workers""]",other,"[""United States""]",national,explicit,"[""thermoregulatory impairment"", ""energy depletion"", ""sleep disruption effects"", ""heat stress responses"", ""oxidative stress from smoke""]","[""occupational hazard exposure"", ""limited nutrient replenishment access"", ""inadequate recovery time"", ""family emotional strain"", ""hazardous work environment""]","[{""subject"": ""wildfire event"", ""relation"": ""causes"", ""object"": ""smoke exposure for wildland firefighters""}, {""subject"": ""wildfire event"", ""relation"": ""causes"", ""object"": ""heat stress""}, {""subject"": ""wildfire event"", ""relation"": ""increases_risk_of"", ""object"": ""respiratory health concerns""}, {""subject"": ""wildfire event"", ""relation"": ""increases_risk_of"", ""object"": ""cardiovascular injury""}, {""subject"": ""smoke exposure"", ""relation"": ""exacerbates"", ""object"": ""thermoregulatory impairment""}, {""subject"": ""heat stress"", ""relation"": ""increases_risk_of"", ""object"": ""mental health strain""}, {""subject"": ""compromised sleep"", ""relation"": ""increases_risk_of"", ""object"": ""injury risk""}]","[""Long-term health implications of repeated wildfire exposure unclear"", ""Strategies to protect WLFF health in expanding fire seasons needed""]","Wildland firefighters face extreme physical and environmental demands including heat, smoke, and altitude, increasing short and long-term injury and health risks.",medium,success
W2000632749,True,"[""other""]","[""respiratory"", ""cardiovascular"", ""reproductive"", ""other""]","[""general""]",systematic_review,[],not_specified,none,"[""vitamin D synthesis"", ""nitric oxide release"", ""immediate pigment darkening"", ""photoimmunosuppression"", ""photocarcinogenesis""]",[],"[{""subject"": ""solar radiation exposure"", ""relation"": ""causes"", ""object"": ""vitamin D synthesis""}, {""subject"": ""solar radiation exposure"", ""relation"": ""causes"", ""object"": ""nitric oxide release""}, {""subject"": ""vitamin D deficiency"", ""relation"": ""increases_risk_of"", ""object"": ""cardiovascular disease""}, {""subject"": ""vitamin D deficiency"", ""relation"": ""increases_risk_of"", ""object"": ""multiple sclerosis""}, {""subject"": ""vitamin D deficiency"", ""relation"": ""increases_risk_of"", ""object"": ""diabetes""}, {""subject"": ""vitamin D deficiency"", ""relation"": ""increases_risk_of"", ""object"": ""adverse pregnancy outcomes""}, {""subject"": ""solar radiation exposure"", ""relation"": ""causes"", ""object"": ""erythema""}, {""subject"": ""solar radiation exposure"", ""relation"": ""causes"", ""object"": ""photocarcinogenesis""}]","[""roles of nitric oxide release still unknown"", ""roles of pigment darkening still unknown""]","Moderate sun exposure provides vitamin D synthesis and cardiovascular benefits, while deficiency increases disease risk across multiple conditions.",medium,success
W2022568896,False,[],[],[],cross_sectional,"[""China""]",local,none,[],"[""farmer livelihoods"", ""household income decline"", ""climate adaptation capacity""]",[],"[""management practices for climate adaptation"", ""long-term climate scenario validation""]","Extreme precipitation events reduce tea secondary metabolite concentrations and farmer income, validating indigenous knowledge of climate-quality relationships.",high,success
W4401876117,False,[],[],[],other,"[""United States""]",national,none,[],[],[],[],Fire exclusion has altered fire-adapted wilderness ecosystems; intentional burning and Indigenous cultural burning may restore natural conditions.,low,success
W1520116973,False,"[""fire_weather""]",[],[],modelling,[],not_specified,none,[],[],"[{""subject"": ""wildfire event"", ""relation"": ""is_associated_with"", ""object"": ""fuel moisture content""}, {""subject"": ""wildfire event"", ""relation"": ""is_associated_with"", ""object"": ""fuel load""}, {""subject"": ""wildfire event"", ""relation"": ""is_associated_with"", ""object"": ""hydrological processes""}, {""subject"": ""wildfire event"", ""relation"": ""exacerbates"", ""object"": ""soil moisture depletion""}]","[""Model parameterization for fire regime prediction under climate change"", ""Integration of land use changes in fire management models""]",Coupled hydrological-biological processes determine fire regime; fire regime compatibility depends on ecohydrological site characterization.,medium,success
W4292186588,False,[],[],[],modelling,"[""Russia""]",local,none,[],[],[],"[""Long-term relationships between fire regime and forest structure remain unknown""]","Fire regimes have mediated shifts in boreal forest structure over 10,800 years, with open woodlands in the Early Holocene associated with high fire activity.",high,success
W3128629820,True,"[""other""]","[""respiratory""]","[""general"", ""children"", ""elderly""]",systematic_review,"[""Europe""]",regional,implicit,"[""specific sensitization"", ""airway sensitization""]",[],"[{""subject"": ""diisocyanates"", ""relation"": ""causes"", ""object"": ""asthma""}, {""subject"": ""hexavalent chromium"", ""relation"": ""causes"", ""object"": ""asthma""}, {""subject"": ""polyaromatic hydrocarbons"", ""relation"": ""is_associated_with"", ""object"": ""asthma""}, {""subject"": ""organophosphate insecticides"", ""relation"": ""is_associated_with"", ""object"": ""asthma""}, {""subject"": ""phthalates"", ""relation"": ""increases_risk_of"", ""object"": ""asthma""}, {""subject"": ""per- and polyfluoroalkyl substances"", ""relation"": ""increases_risk_of"", ""object"": ""asthma""}, {""subject"": ""pyrethroid insecticides"", ""relation"": ""increases_risk_of"", ""object"": ""asthma""}, {""subject"": ""mercury"", ""relation"": ""increases_risk_of"", ""object"": ""asthma""}, {""subject"": ""cadmium"", ""relation"": ""increases_risk_of"", ""object"": ""asthma""}, {""subject"": ""arsenic"", ""relation"": ""increases_risk_of"", ""object"": ""asthma""}, {""subject"": ""lead"", ""relation"": ""increases_risk_of"", ""object"": ""asthma""}]","[""contradicting results for many environmental chemicals"", ""more research needed on chemical exposure and asthma risk""]",PAHs and pesticides are associated with increased asthma risk; diisocyanates and chromium cause sensitization-mediated asthma.,high,success
W4367677075,True,"[""wildfire_smoke"", ""PM2.5""]","[""respiratory"", ""other""]","[""general"", ""rural""]",systematic_review,"[""India""]",national,implicit,[],"[""proximity to forests"", ""increased settlement near forests"", ""forest destruction""]","[{""subject"": ""wildfire event"", ""relation"": ""causes"", ""object"": ""PM2.5""}, {""subject"": ""PM2.5"", ""relation"": ""increases_risk_of"", ""object"": ""respiratory health problems""}, {""subject"": ""wildfire event"", ""relation"": ""is_associated_with"", ""object"": ""air quality degradation""}, {""subject"": ""climate change"", ""relation"": ""exacerbates"", ""object"": ""wildfire occurrence""}]",[],"Wildfires in India, driven by climate change and human settlement expansion, cause serious health and air quality impacts.",low,success
W4317751872,False,"[""fire_weather""]",[],"[""indigenous""]",case_control,"[""Ecuador""]",local,none,[],[],[],[],Indigenous fire management practices inform ecosystem management and national wildfire strategy in southern Ecuador paramo.,low,success
W2010855222,True,"[""heat_stress""]","[""other""]","[""outdoor_workers""]",cross_sectional,[],not_specified,none,"[""dehydration"", ""hydration status""]","[""worker education"", ""meal break scheduling"", ""shift duration""]","[{""subject"": ""heat_stress"", ""relation"": ""increases_risk_of"", ""object"": ""dehydration""}, {""subject"": ""heat_stress"", ""relation"": ""exacerbates"", ""object"": ""fluid loss""}]","[""optimal meal break duration and spacing for long shifts""]",Well-informed workers maintain hydration during heat exposure; urinary specific gravity effectively monitors hydration status.,medium,success
W4394949145,False,"[""wildfire_smoke"", ""direct_fire""]",[],"[""elderly"", ""other""]",qualitative,"[""Canada""]",national,explicit,[],"[""hazard vulnerability misperceptions"", ""cost-related barriers"", ""lack of hazard awareness"", ""limited social connections""]",[],"[""awareness and preparedness levels among older adults"", ""tailored emergency preparedness materials for elderly""]",Older adults in Canada show low wildfire preparedness; geographic risk perception and community engagement strengthen preparedness.,medium,success
W2129734753,False,[],[],[],modelling,[],not_specified,none,[],[],[],[],Asymmetric AAAs with variable wall thickness exhibit higher mechanical stress and rupture risk than uniform fusiform aneurysms.,medium,success
W4323661946,False,[],[],"[""rural"", ""other""]",qualitative,"[""Spain"", ""Italy"", ""France""]",regional,none,[],"[""local fire knowledge"", ""sustainable economic development"", ""governance structures"", ""community relationships"", ""sociopolitical context""]","[{""subject"": ""wildfire event"", ""relation"": ""exacerbates"", ""object"": ""community vulnerability in rural areas""}, {""subject"": ""local fire knowledge"", ""relation"": ""increases_risk_of"", ""object"": ""adaptive capacity""}, {""subject"": ""sustainable economic development"", ""relation"": ""increases_risk_of"", ""object"": ""adaptive capacity""}]","[""deepened empirical transdisciplinary research needed"", ""fire management tailored to local characteristics"", ""connection between fire management and social context""]","Local social contexts including fire knowledge, economic development, and governance structures critically influence rural communities' adaptive capacity to wildfire.",medium,success
W3193928738,False,"[""fire_weather""]",[],[],experimental,"[""Spain""]",local,none,[],[],[],[],Prescribed burning had minimal short-term effects on tree growth; maximum scorch height was the primary fire severity predictor.,high,success
W4220952637,False,[],[],[],systematic_review,[],global,none,[],[],[],[],"Native forests deliver superior climate, water, soil, and biodiversity benefits compared to plantations, which excel only in wood production.",high,success
W3149313779,False,[],[],[],modelling,[],not_specified,none,[],[],[],[],"Housing markets reveal discount rates for climate investments, with downward-sloping term structure reaching 2.6% beyond 100 years.",medium,success
W4393854775,True,"[""fire_weather"", ""heat_stress"", ""other""]","[""other""]","[""elderly""]",systematic_review,"[""Canada""]",national,explicit,[],"[""limited_healthcare_access"", ""social_isolation"", ""poor_housing_quality"", ""low_socioeconomic_status""]","[{""subject"": ""wildfire event"", ""relation"": ""increases_risk_of"", ""object"": ""health consequences in elderly""}, {""subject"": ""climate crisis"", ""relation"": ""increases_risk_of"", ""object"": ""health impacts in older adults""}]","[""Risk metrics and evaluation methods for climate impacts on elderly"", ""Vulnerability mapping in Canadian context"", ""Physician training on climate health impacts""]","Climate crisis significantly impacts elderly health; early warning systems, infrastructure enhancement, and community engagement reduce consequences.",medium,success
W2921817413,False,[],[],[],qualitative,"[""Zimbabwe""]",local,none,[],[],[],[],Local ecological knowledge informs ecosystem-based adaptation strategies enhancing community resilience to climate change.,medium,success
W2069792428,False,[],[],[],systematic_review,[],not_specified,none,[],[],[],[],Heavy metals in wastewater cause environmental and health impacts; biological remediation processes are effective treatments.,medium,success
W3016330235,False,"[""heat_stress""]",[],[],modelling,[],global,none,[],[],[],"[""Few studies examine joint spatial-temporal heatwave extent"", ""Sensitivity of heatwave characteristics to threshold definitions unclear"", ""Dynamic versus thermodynamic contributions to extreme warming need clarification""]",Spatiotemporal heatwave projections are highly sensitive to threshold definitions; fully moving thresholds show minimal future changes.,high,success
W2122082157,False,[],[],[],other,[],not_specified,none,[],[],[],[],"Protected areas fail to protect species from climate change impacts including range shifts, disease expansion, and population declines.",low,success
W3130421427,True,"[""other""]","[""mental_health""]","[""general""]",cross_sectional,"[""Norway"", ""multiple countries""]",global,none,[],"[""climate change anxiety"", ""climate-related psychological stressors"", ""negative climate emotions"", ""existential threat perception""]","[{""subject"": ""negative climate-related emotions"", ""relation"": ""is_associated_with"", ""object"": ""insomnia symptoms""}, {""subject"": ""negative climate-related emotions"", ""relation"": ""is_associated_with"", ""object"": ""poor mental health""}, {""subject"": ""climate change awareness"", ""relation"": ""increases_risk_of"", ""object"": ""anxiety and worry""}]","[""Rigorous empirical assessments of climate emotions and mental health"", ""Cross-disciplinary research on climate-related psychological impacts"", ""Biological mechanisms linking climate anxiety to sleep disruption""]",Negative climate-related emotions are associated with insomnia symptoms and poorer mental health across 25 countries.,medium,success
W2106063726,False,[],[],[],experimental,[],not_specified,none,[],[],[],[],"Individual plants show variable dormancy-breaking temperature thresholds, enabling seed bank variation and population persistence under fire regime variability.",medium,success
W2899305043,True,"[""other""]","[""other""]","[""rural"", ""low_income"", ""other""]",qualitative,"[""Brazil""]",regional,explicit,[],"[""low socioeconomic status"", ""limited healthcare access"", ""water scarcity"", ""agricultural dependency"", ""limited infrastructure""]","[{""subject"": ""drought"", ""relation"": ""increases_risk_of"", ""object"": ""health impacts""}, {""subject"": ""drought"", ""relation"": ""is_associated_with"", ""object"": ""vulnerability""}]",[],Drought in Brazilian Semiarid region creates health vulnerabilities mediated by local social and structural factors.,low,success
W2883553866,True,"[""displacement"", ""direct_fire""]","[""mental_health""]","[""general""]",cross_sectional,"[""Canada""]",local,implicit,[],"[""pre-existing anxiety disorder"", ""witnessing homes destroyed"", ""displacement from home"", ""limited governmental support"", ""limited family support"", ""access to counseling""]","[{""subject"": ""wildfire event"", ""relation"": ""increases_risk_of"", ""object"": ""generalized anxiety disorder symptoms""}, {""subject"": ""wildfire event"", ""relation"": ""causes"", ""object"": ""home destruction exposure""}, {""subject"": ""home destruction exposure"", ""relation"": ""increases_risk_of"", ""object"": ""generalized anxiety disorder symptoms""}, {""subject"": ""wildfire event"", ""relation"": ""causes"", ""object"": ""residential displacement""}, {""subject"": ""residential displacement"", ""relation"": ""increases_risk_of"", ""object"": ""generalized anxiety disorder symptoms""}, {""subject"": ""limited social support"", ""relation"": ""exacerbates"", ""object"": ""generalized anxiety disorder symptoms""}]","[""Limited research on post-disaster generalized anxiety in Canadian populations""]",19.8% of Fort McMurray residents had GAD symptoms 6 months post-wildfire; home destruction and displacement were key risk factors.,high,success
W2023224355,False,"[""heat_stress""]",[],[],systematic_review,[],not_specified,none,[],[],[],[],Geospatial technologies can improve heat-wave mitigation and response systems in urban areas.,low,success
W4400588737,True,"[""other""]","[""other""]","[""rural"", ""indigenous""]",time_series,"[""Brazil""]",regional,explicit,[],"[""limited_healthcare_access"", ""limited_food_access"", ""geographic_isolation"", ""limited_education_access""]","[{""subject"": ""wildfire event"", ""relation"": ""is_associated_with"", ""object"": ""severe droughts""}, {""subject"": ""severe droughts"", ""relation"": ""causes"", ""object"": ""reduced river navigability""}, {""subject"": ""reduced river navigability"", ""relation"": ""causes"", ""object"": ""community isolation""}, {""subject"": ""community isolation"", ""relation"": ""increases_risk_of"", ""object"": ""limited access to medicine""}, {""subject"": ""community isolation"", ""relation"": ""increases_risk_of"", ""object"": ""limited access to healthcare""}]","[""Long-term mitigation and adaptation strategies needed"", ""Disaster response planning for isolated communities""]","Severe droughts in 2005, 2010, and 2016 caused prolonged river isolation, disrupting access to food, fuel, medicine, and healthcare services.",medium,success
W4386068998,True,"[""wildfire_smoke""]","[""neurological"", ""other""]",[],experimental,[],not_specified,none,"[""neuroinflammation"", ""microglial activation"", ""neutrophil infiltration"", ""endothelial dysfunction"", ""glutamate dysregulation"", ""quinolinic acid elevation"", ""NAD+ depletion"", ""oxidative stress pathway""]",[],"[{""subject"": ""wildfire smoke"", ""relation"": ""causes"", ""object"": ""neuroinflammation in hippocampus""}, {""subject"": ""wildfire smoke"", ""relation"": ""causes"", ""object"": ""microglial activation""}, {""subject"": ""wildfire smoke"", ""relation"": ""causes"", ""object"": ""neutrophil infiltration""}, {""subject"": ""wildfire smoke"", ""relation"": ""causes"", ""object"": ""endothelial phenotype alteration""}, {""subject"": ""wildfire smoke"", ""relation"": ""causes"", ""object"": ""glutamate dysregulation""}, {""subject"": ""wildfire smoke"", ""relation"": ""causes"", ""object"": ""NAD+ depletion""}, {""subject"": ""neuroinflammation"", ""relation"": ""increases_risk_of"", ""object"": ""long-term behavioral changes""}]","[""Resolution of neuroinflammation extending past 28 days unclear"", ""Long-term behavioral and systemic sequelae mechanisms unknown""]","Biomass smoke inhalation causes sustained neuroinflammation and metabolomic alterations in mouse hippocampus, with microglial activation persisting 28 days post-exposure.",high,success
W3001403324,False,[],[],[],other,[],not_specified,none,[],[],[],[],Forest management models vary in carbon residence time and climate mitigation potential.,low,success
W4221083213,False,[],[],[],case_control,"[""Australia""]",national,none,[],[],[],[],Long-unburnt habitat protection is critical for threatened vertebrate conservation in contemporary fire-altered Australian landscapes.,medium,success
W2802390004,False,[],[],[],experimental,"[""United States""]",regional,none,[],[],[],[],"Charcoal reflectance distinguishes crown fires from surface fires in southwest forests, with masticated fuel fires resembling crown fire severity.",high,success
W3213725340,True,"[""PM2.5"", ""other""]","[""cardiovascular"", ""respiratory"", ""other""]","[""general""]",systematic_review,[],global,implicit,"[""improved air quality"", ""increased physical activity"", ""noise reduction effects""]","[""urban infrastructure quality"", ""access to green space"", ""low- and middle-income country context"", ""community participation in policy""]","[{""subject"": ""wildfire smoke"", ""relation"": ""causes"", ""object"": ""PM2.5""}, {""subject"": ""PM2.5"", ""relation"": ""increases_risk_of"", ""object"": ""respiratory disease""}, {""subject"": ""PM2.5"", ""relation"": ""increases_risk_of"", ""object"": ""cardiovascular disease""}, {""subject"": ""wildfire event"", ""relation"": ""is_associated_with"", ""object"": ""air quality deterioration""}]","[""Epidemiological evidence primarily from high-income countries"", ""Uncertain transferability of evidence to LMICs"", ""Need for LMIC-specific urban health evidence""]","Urban climate mitigation actions offer substantial health benefits through air quality improvement, active transport promotion, green space exposure, and noise reduction.",high,success
W3143512363,True,"[""wildfire_smoke"", ""other""]","[""respiratory"", ""other""]","[""outdoor_workers"", ""general""]",other,"[""Ukraine"", ""Belarus""]",local,implicit,"[""inhalation of radioactive particles""]","[""occupational exposure""]","[{""subject"": ""wildfire smoke"", ""relation"": ""causes"", ""object"": ""inhalation of radionuclides""}, {""subject"": ""wildfire smoke"", ""relation"": ""is_associated_with"", ""object"": ""radionuclide mobility""}]","[""further experimental and modeling work to evaluate potential doses to firefighters from inhaled radioactive particles needed""]","Risk to firefighters and public from radionuclide inhalation in CEZ wildfire smoke likely low, but further dosimetry work warranted.",medium,success
W3081015070,False,[],[],[],other,"[""Europe""]",regional,none,[],[],[],"[""Field-based evidence for informed decision-making"", ""Limited AFS product marketing strategies"", ""Lack of education and awareness programs"", ""Need for financial incentive policies""]","Agroforestry systems offer environmental benefits but face adoption barriers including high costs, lack of incentives, and limited awareness in Europe.",medium,success
W2790696469,False,[],[],[],other,[],not_specified,implicit,[],[],[],[],Strategic expansion of urban forests delivers ecosystem services to improve human wellbeing and biodiversity.,low,success
W2179098968,False,[],[],[],other,[],not_specified,none,[],[],[],"[""Invasive species poorly integrated into sustainable forestry frameworks"", ""Cost estimates for pest suppression efforts inadequate"", ""Lack of distributed risk information systems"", ""Need improved molecular identification technologies"", ""Limited understanding of invasions and global change interactions""]",Invasive species threaten sustainable forestry; integrated science strategy needed for prevention and management.,low,success
W2749263306,False,[],[],[],other,[],not_specified,none,[],[],[],[],Nonhuman primates are essential to medical research despite comprising <1% of research animals.,low,success
W3206749897,True,"[""heat_stress""]","[""mortality""]","[""general""]",systematic_review,"[""Russia""]",national,none,[],[],"[{""subject"": ""heat waves"", ""relation"": ""causes"", ""object"": ""all-cause mortality""}, {""subject"": ""cold waves"", ""relation"": ""causes"", ""object"": ""all-cause mortality""}]","[""Need city-specific air temperature threshold values"", ""Limited understanding of regional climate-mortality variation""]",Heat waves increase mortality more in temperate continental cities; cold waves dominate in northern regions.,medium,success
W3127728556,True,"[""other""]","[""respiratory"", ""other""]","[""general""]",time_series,"[""Vietnam""]",regional,implicit,[],"[""climate vulnerability"", ""downstream environmental exposure"", ""limited water access""]","[{""subject"": ""wildfire event"", ""relation"": ""is_associated_with"", ""object"": ""river drought""}, {""subject"": ""river drought"", ""relation"": ""increases_risk_of"", ""object"": ""respiratory hospitalization""}, {""subject"": ""river drought"", ""relation"": ""increases_risk_of"", ""object"": ""renal hospitalization""}, {""subject"": ""river drought"", ""relation"": ""increases_risk_of"", ""object"": ""all-cause hospitalization""}, {""subject"": ""hydropower dam operation"", ""relation"": ""causes"", ""object"": ""river drought""}]","[""Influence of drought on residents' health not previously examined""]",River drought attributed to hydropower dams caused 2–7% increased hospitalization risk and 1134 all-cause cases (1995–2014).,high,success
W4319751373,False,[],[],[],cross_sectional,"[""Portugal""]",regional,none,[],[],[],[],Fire regimes in central Portugal shifted between 1975–2018; higher fire incidence associated with lower population densities and natural vegetation.,high,success
W4401350595,True,"[""wildfire_smoke""]","[""respiratory"", ""cardiovascular""]","[""general""]",other,[],not_specified,none,"[""airway inflammation"", ""oxidative stress"", ""coagulation""]",[],"[{""subject"": ""wildfire smoke"", ""relation"": ""causes"", ""object"": ""airway inflammation""}, {""subject"": ""wildfire smoke"", ""relation"": ""causes"", ""object"": ""oxidative stress""}, {""subject"": ""wildfire smoke"", ""relation"": ""causes"", ""object"": ""coagulation""}]",[],"Wildfire smoke inhalation causes inflammation, oxidative stress and coagulation.",low,success
W4393938262,True,"[""PM2.5"", ""wildfire_smoke""]","[""respiratory""]","[""outdoor_workers""]",cohort,"[""Thailand""]",local,explicit,"[""pulmonary function decline"", ""airway obstruction"", ""oxidative stress to DNA""]","[""occupational exposure to wildfire smoke"", ""inadequate respiratory protection"", ""seasonal air pollution patterns""]","[{""subject"": ""wildfire smoke"", ""relation"": ""causes"", ""object"": ""PM2.5""}, {""subject"": ""PM2.5"", ""relation"": ""is_associated_with"", ""object"": ""FVC% predicted""}, {""subject"": ""PM2.5"", ""relation"": ""is_associated_with"", ""object"": ""pulmonary function decline in firefighters""}]","[""Need to explore DNA damage alterations with PM2.5"", ""Further research on long-term respiratory effects needed""]",PM2.5 exposure significantly reduces pulmonary function (FVC% predicted) in wildland firefighters during wildfire season.,high,success
W3137125108,False,[],[],[],other,[],not_specified,none,[],[],[],[],"Interpretable machine learning requires fundamental principles addressing 10 technical challenges spanning sparse models, causal inference, and neural network disentanglement.",low,success
W3005809162,False,[],[],[],modelling,"[""Brazil""]",regional,none,[],[],[],[],Forest degradation reduces evapotranspiration and gross primary production while increasing sensible heat flux and ground temperature during dry seasons.,high,success
W2122388183,False,"[""direct_fire""]",[],[],case_control,"[""Brazil""]",local,none,[],"[""subsistence hunting dependence"", ""forest resource reliance""]","[{""subject"": ""wildfire event"", ""relation"": ""causes"", ""object"": ""vertebrate mortality""}, {""subject"": ""wildfire event"", ""relation"": ""causes"", ""object"": ""understory light environment change""}, {""subject"": ""wildfire event"", ""relation"": ""causes"", ""object"": ""game vertebrate species decimation""}, {""subject"": ""wildfire event"", ""relation"": ""causes"", ""object"": ""crop losses""}]","[""Long-term vertebrate community recovery trajectories"", ""Fire-mediated ecosystem transformation mechanisms"", ""Climate-fire frequency interaction effects on fauna""]","Surface wildfire in central Amazonia caused high vertebrate mortality, 36% large tree death, and decimated game species and forest resources for local subsistence users.",high,success
W4392563612,False,[],[],[],other,[],not_specified,none,[],[],[],[],Airway epithelial barrier disruption is a key pathophysiological mechanism in asthma pathology.,low,success
W4404345692,True,"[""PM2.5""]","[""reproductive""]","[""pregnant"", ""low_income""]",other,[],not_specified,explicit,[],"[""low socioeconomic status"", ""environmental exposures""]","[{""subject"": ""PM2.5"", ""relation"": ""increases_risk_of"", ""object"": ""spontaneous preterm birth""}, {""subject"": ""PM2.5 constituents"", ""relation"": ""increases_risk_of"", ""object"": ""spontaneous preterm birth""}]",[],"PM2.5 exposure during pregnancy associated with increased spontaneous preterm birth risk, modified by socioeconomic status.",low,success
W2167221070,False,[],[],"[""indigenous""]",qualitative,"[""Nepal""]",local,none,[],[],[],[],Tamang community uses diverse medicinal plants with ethnopharmacological validation for local economic development.,low,success
W2482345306,False,[],[],"[""general""]",cross_sectional,"[""China""]",local,none,[],"[""socioeconomic status"", ""environmental knowledge"", ""proximity to pollution source"", ""family health experience"", ""family size""]",[],"[""Limited studies on air pollution perception in China""]","Air pollution perception is two-dimensional, influenced by environmental knowledge, socioeconomic status, and proximity to pollution sources.",medium,success
W3172940781,True,"[""other""]","[""respiratory"", ""other""]","[""general""]",qualitative,"[""Cyprus"", ""Greece"", ""Israel""]",regional,implicit,[],"[""limited public awareness"", ""weak policy implementation"", ""inadequate action plans""]","[{""subject"": ""desert dust storm events"", ""relation"": ""causes"", ""object"": ""health effects""}]","[""Limited implementation of action plans"", ""Insufficient public awareness""]",Stakeholders understand desert dust health risks but lack effective implementation of protective action plans.,medium,success
W2149762536,False,[],[],[],qualitative,"[""Burkina Faso"", ""Ghana""]",regional,none,[],[],[],"[""Adaptation rarely studied in African forest policies"", ""Generic recommendations mostly from temperate countries""]","Forest policies in Burkina Faso and Ghana lack explicit climate adaptation but contain relevant risk management elements in fire, genetic resources, and silvicultural practices.",medium,success
W4362579326,False,"[""direct_fire""]",[],[],other,"[""United States""]",regional,none,[],[],[],"[""Responses of many species to fire at longer time scales remain ambiguous"", ""Little-understood management responses of mountain quail to fire""]","Mountain quail occupancy increased after high-severity fire, peaking 6–10 years post-fire and remaining elevated for 35+ years.",high,success
W2947424902,False,[],[],[],cross_sectional,"[""Austria"", ""Belgium"", ""Bulgaria"", ""Croatia"", ""Cyprus"", ""Czech Republic"", ""Denmark"", ""Estonia"", ""Finland"", ""France"", ""Germany"", ""Greece"", ""Hungary"", ""Ireland"", ""Italy"", ""Latvia"", ""Lithuania"", ""Luxembourg"", ""Malta"", ""Netherlands"", ""Poland"", ""Portugal"", ""Romania"", ""Slovakia"", ""Slovenia"", ""Spain"", ""Sweden""]",regional,none,[],"[""sociodemographic factors"", ""macroeconomic variables"", ""geographical factors""]",[],"[""Need wider range of sociodemographic variables"", ""Need more macroeconomic factors"", ""Need wider geographical coverage""]",Study examined environmental and sociodemographic associations with life satisfaction across 27 European countries.,low,success
W4310779924,True,"[""other""]","[""mental_health""]","[""general""]",systematic_review,[],global,implicit,[],"[""climate change exposure"", ""limited climate action""]","[{""subject"": ""climate change"", ""relation"": ""causes"", ""object"": ""mental health impacts""}]","[""mechanisms of climate change affecting mental health need clarification""]",Climate change affects mental health through multiple mechanisms; countries must accelerate climate action to address psychosocial impacts.,low,success
W3176771911,True,"[""wildfire_smoke"", ""heat_stress"", ""other""]","[""respiratory"", ""cardiovascular"", ""mortality"", ""other""]","[""general"", ""low_income""]",systematic_review,"[""United States""]",national,explicit,[],"[""low socioeconomic status"", ""limited climate resilience"", ""geographic vulnerability""]","[{""subject"": ""wildfire_event"", ""relation"": ""causes"", ""object"": ""air pollution""}, {""subject"": ""wildfire_event"", ""relation"": ""causes"", ""object"": ""health impacts""}, {""subject"": ""climate change"", ""relation"": ""increases_risk_of"", ""object"": ""wildfires""}]","[""Local health impacts of climate change underappreciated in policy"", ""Health-related costs of climate delay largely absent from debates""]",Climate-driven health impacts including wildfires and heat are serious and costly; localized health messaging enhances climate action advocacy.,medium,success
W3098424670,False,[],[],[],systematic_review,[],not_specified,none,[],[],[],"[""Interactions between floods and droughts poorly understood"", ""Unintended consequences of single-hazard DRR measures unexplored""]",Integrated flood-drought risk reduction requires examining unintended cross-hazard impacts of traditional DRR measures.,medium,success
W2137624759,False,[],[],[],cross_sectional,"[""Russia""]",regional,none,[],[],[],"[""fire return frequency not fully explained by climate and land cover""]","Fire is the primary driver of larch dominance and soil carbon stocks in central Siberia, superseding climate effects.",high,success
W4385398161,False,[],[],[],systematic_review,[],global,none,[],[],[],"[""NBS poorly represented outside Europe"", ""Few landscape-scale implementations documented""]",Nature-based solutions addressing natural hazards and climate change are predominantly implemented locally in Europe with documented environmental and social co-benefits.,medium,success
W3119802274,False,[],[],[],systematic_review,"[""United States"", ""Canada"", ""Mexico""]",regional,none,[],[],[],[],Protocol outlines methods for systematic review of climate-health literature in North America.,low,success
W2188239937,True,"[""heat_stress""]","[""respiratory""]","[""children"", ""elderly"", ""indigenous"", ""general""]",time_series,"[""Australia""]",regional,explicit,[],"[""indigenous status"", ""socioeconomic health disparities"", ""existing health burden""]","[{""subject"": ""temperature extremes"", ""relation"": ""increases_risk_of"", ""object"": ""respiratory hospital admissions""}, {""subject"": ""extreme cold"", ""relation"": ""increases_risk_of"", ""object"": ""acute respiratory disease admissions""}, {""subject"": ""extreme heat"", ""relation"": ""increases_risk_of"", ""object"": ""acute respiratory disease admissions""}]","[""Mechanisms underlying differential vulnerability patterns unclear"", ""Long-term climate change impacts on Indigenous respiratory health unknown""]","Indigenous Australians show higher baseline respiratory hospital admissions, but temperature extremes do not produce disproportionate effects compared to non-Indigenous populations.",high,success
W2920628506,True,"[""heat_stress""]","[""mortality""]","[""general""]",modelling,"[""Europe""]",regional,none,[],[],"[{""subject"": ""fire_weather"", ""relation"": ""increases_risk_of"", ""object"": ""heat-related human mortality""}]","[""How well impact models capture extremes"", ""Model uncertainty in extreme impact projections""]",Global impact models systematically underestimate heat-related mortality and other extreme climate impacts across sectors.,medium,success
W2956317085,False,[],[],[],modelling,[],global,none,[],[],[],"[""Integration of historical and archaeological data with paleofire records needed"", ""Detection of patch burning in tree-ring records at modest sampling"", ""Statistical identification of fire regime shifts remains challenging""]","High-frequency patch burning can be detected in tree-ring records, but standard filtering methods systematically bias against anthropogenic pyrodiversity.",medium,success
W2769728402,False,[],[],[],cross_sectional,"[""Germany"", ""France""]",regional,none,[],"[""socioeconomic characteristics"", ""observational learning from social environment"", ""social norms and networks"", ""risk communication access""]",[],"[""Factors influencing coping appraisals of natural hazards""]",Social environment and observational learning are stronger predictors of flood-coping appraisals than socioeconomic characteristics alone.,medium,success
W4387057118,False,[],[],[],modelling,"[""India""]",regional,none,[],[],[],[],Forest fire susceptibility mapping in Indian Western Himalayas using Fuzzy-AHP identified high vulnerability in tropical moist deciduous forests and seventeen districts.,high,success
W3092362201,False,[],[],[],other,[],global,none,[],[],[],"[""Understanding of TGB restoration methods limited"", ""TGB often undervalued and misunderstood"", ""Seed quality and germination requirements unclear"", ""Seedling establishment limiting factors unknown"", ""Long-term management validation needed"", ""Monitoring of restoration outcomes insufficient""]",Research priorities identified for restoring tropical and subtropical grasslands and savannas to advance conservation and ecosystem resilience.,medium,success
W4405616625,False,"[""wildfire_smoke"", ""fire_weather""]",[],[],modelling,"[""Canada"", ""United States""]",regional,none,[],[],"[{""subject"": ""human-induced climate change"", ""relation"": ""increases_risk_of"", ""object"": ""large area burned""}, {""subject"": ""human-induced climate change"", ""relation"": ""increases_risk_of"", ""object"": ""long fire season""}, {""subject"": ""human-induced climate change"", ""relation"": ""increases_risk_of"", ""object"": ""synchronous extreme fire weather""}, {""subject"": ""wildfire event"", ""relation"": ""causes"", ""object"": ""wildfire_smoke emissions""}]",[],"Human-induced climate change increased likelihood of 2023 Canada record wildfires at least two-fold, with long fire season five times more likely.",high,success
W4381248860,False,"[""direct_fire""]",[],[],modelling,"[""Brazil""]",regional,none,[],[],[],"[""Need to broaden fire vulnerability assessment methods""]",Framework identifies animal species most vulnerable to fire extinction risk using physiological traits and fire exposure.,high,success
W3032385177,True,"[""PM2.5"", ""other""]","[""neurological""]","[""general""]",other,[],not_specified,none,"[""neuroinflammation"", ""blood-brain barrier disruption"", ""neurodegeneration""]",[],"[{""subject"": ""air pollution"", ""relation"": ""causes"", ""object"": ""neurological outcomes""}]",[],Air pollution threatens brain health through multiple pathways including neuroinflammation and neurodegeneration.,low,success
W4211228497,False,[],[],[],experimental,[],not_specified,none,[],[],[],[],"AR significantly increased subjective workload, particularly mental demand and effort, while VR showed no effect.",medium,success
W4293279693,False,[],[],"[""indigenous""]",qualitative,"[""Canada"", ""Russia"", ""United States""]",regional,implicit,[],"[""indigenous knowledge integration"", ""community engagement"", ""local healthcare access concerns""]",[],"[""integrated socio-ecological impact assessment frameworks"", ""climate change adaptation for transport infrastructure"", ""indigenous knowledge incorporation in planning""]",Arctic transport infrastructure expansion creates cumulative socio-ecological changes requiring integrated assessment and indigenous knowledge integration.,medium,success
W1804776353,False,[],[],[],other,"[""Mexico""]",regional,none,[],[],[],[],New forest management combining functional zoning and multispecies plantations can enhance adaptive capacity of Mexican temperate forests.,medium,success
W4229070846,False,[],[],[],systematic_review,[],global,none,[],[],[],[],Global avian biodiversity shows consistent negative trends with deteriorating conservation status due to synergistic threats including habitat loss and climate change.,medium,success
W2377419607,False,[],[],[],other,"[""China""]",global,none,[],[],[],[],Poverty reduction is inseparable from sustainable development and should be a top priority for achieving SDGs.,low,success
W4283121123,True,"[""fire_weather"", ""heat_stress"", ""other""]","[""respiratory"", ""cardiovascular"", ""mortality"", ""other""]","[""indigenous"", ""low_income"", ""rural""]",systematic_review,"[""Australia""]",regional,explicit,[],"[""low socioeconomic status"", ""limited healthcare access"", ""poor housing quality"", ""cultural disconnection"", ""geographic isolation""]","[{""subject"": ""wildfire event"", ""relation"": ""exacerbates"", ""object"": ""climate-sensitive health conditions""}, {""subject"": ""wildfire event"", ""relation"": ""increases_risk_of"", ""object"": ""health inequities in Aboriginal populations""}, {""subject"": ""heat_stress"", ""relation"": ""increases_risk_of"", ""object"": ""mortality in Aboriginal populations""}]","[""Cultural impacts of climate change on Aboriginal health"", ""Aboriginal-led adaptation responses and traditional knowledge integration"", ""Long-term health service preparedness for climate extremes""]",Aboriginal populations in NSW face disproportionate climate and heat exposure with limited adaptive capacity due to socioeconomic disadvantages and health inequities.,medium,success
W4404191719,True,"[""wildfire_smoke"", ""PM2.5"", ""heat_stress""]","[""mortality"", ""respiratory""]","[""general""]",time_series,"[""Brazil"", ""Argentina"", ""Paraguay""]",regional,implicit,"[""airway inflammation"", ""oxidative stress""]","[""limited air quality monitoring"", ""inadequate governance systems"", ""cross-border air pollution exposure""]","[{""subject"": ""wildfire smoke"", ""relation"": ""causes"", ""object"": ""PM2.5 elevation""}, {""subject"": ""PM2.5"", ""relation"": ""increases_risk_of"", ""object"": ""respiratory disease""}, {""subject"": ""wildfire smoke"", ""relation"": ""is_associated_with"", ""object"": ""heatwave""}, {""subject"": ""wildfire smoke"", ""relation"": ""exacerbates"", ""object"": ""health risks during heatwave""}, {""subject"": ""PM2.5"", ""relation"": ""increases_risk_of"", ""object"": ""premature mortality""}]","[""long-range ripple effects of large fire events remain unknown"", ""governance frameworks for multi-scale telecoupled hazards lacking""]","Pantanal 2020 fire smoke elevated PM2.5 600% above WHO guidelines in South America's most populated regions, coinciding with heatwaves and causing 2150 estimated premature deaths over 14 days.",high,success
W2900373313,False,[],[],[],modelling,"[""global""]",global,none,[],[],[],[],Nine future emissions scenarios with radiative forcing ranging from 1.9 to 8.5 W m−2 provided for climate modelling.,high,success
W4293231014,False,[],[],[],other,[],not_specified,none,[],[],[],[],"Citizen science is a valuable methodological approach for environmental and ecological research, with applications spanning biodiversity to forest health monitoring.",medium,success
W2593865548,True,"[""other""]","[""mental_health"", ""other""]","[""general"", ""other""]",qualitative,"[""United States""]",regional,implicit,"[""stress-related physiological responses""]","[""ecosystem services degradation"", ""livelihood disruption"", ""community health impacts""]","[{""subject"": ""wildfire event"", ""relation"": ""causes"", ""object"": ""ecosystem services degradation""}, {""subject"": ""ecosystem services degradation"", ""relation"": ""causes"", ""object"": ""acute and chronic stress""}, {""subject"": ""acute and chronic stress"", ""relation"": ""increases_risk_of"", ""object"": ""psychological and physiological health effects""}]","[""Few frameworks connect disaster environmental injuries to ecosystem service impacts and health effects"", ""Limited understanding of cumulative stress pathways from ecosystem degradation to health outcomes""]",A new conceptual model demonstrates how disaster-degraded ecosystem services produce cumulative stress increasing adverse health outcomes in individuals and communities.,medium,success
W4394816250,False,"[""fire_weather""]",[],"[""indigenous""]",modelling,"[""United States""]",local,none,[],[],[],"[""Cultural burning extent and purpose absent from landscape-fire modeling"", ""Understanding of ecosystem processes lacking regarding Indigenous fire stewardship""]","Cultural burning prior to colonization involved approximately 6,972 annual ignitions, shaping historical fire regimes and ecosystems in Karuk Territory.",high,success
W2074497447,False,"[""direct_fire""]",[],[],cross_sectional,"[""Brazil""]",local,none,[],[],[],"[""Few studies on soil arthropod fire response"", ""Long-term effects of short fire intervals unknown""]","Fire reduces litter arthropod abundance and diversity through direct mortality, reduced litter cover, and microclimate change; short fire intervals may threaten long-term community persistence.",high,success
W2152914396,False,"[""direct_fire""]",[],[],cross_sectional,"[""Chile""]",local,none,[],[],[],[],Anthropogenic fires increased annual plant species richness but did not change alien-to-native ratios in Chilean coastal matorral.,high,success
W1972273955,False,[],[],[],systematic_review,"[""India""]",national,none,[],"[""land shortage"", ""poverty"", ""population increase"", ""economic pressure on land""]",[],[],Soil degradation affects 147 million hectares in India; causes include natural events and human practices; conservation approaches can improve soil health.,medium,success
W2994234628,False,[],[],[],time_series,"[""Ethiopia""]",local,none,[],[],[],[],Fire-exclusion policy in Bale Mountains National Park altered fire size patterns compared to surrounding unprotected heathland over 50 years.,medium,success
W4207024770,True,"[""wildfire_smoke""]","[""respiratory""]","[""general""]",cohort,[],local,none,"[""allergic sensitization"", ""delayed immune response""]",[],"[{""subject"": ""wildfire smoke"", ""relation"": ""causes"", ""object"": ""decreased respiratory peak flow""}, {""subject"": ""wildfire smoke"", ""relation"": ""is_associated_with"", ""object"": ""enhanced allergic sensitization""}, {""subject"": ""wildfire smoke"", ""relation"": ""is_associated_with"", ""object"": ""delayed immune response""}]","[""Multiple reasons for delayed respiratory effects unclear"", ""Air quality measurements not available""]",Allergy clinic patients showed decreased respiratory peak flow one year after wildfire smoke exposure.,high,success
W3111648983,True,"[""fire_weather"", ""other""]","[""respiratory"", ""mental_health"", ""other""]","[""general"", ""other""]",qualitative,"[""United Kingdom""]",national,explicit,"[""heat stress""]","[""climate change vulnerability"", ""water scarcity"", ""food insecurity"", ""limited sanitation access""]","[{""subject"": ""wildfire event"", ""relation"": ""causes"", ""object"": ""heat stress""}, {""subject"": ""wildfire event"", ""relation"": ""increases_risk_of"", ""object"": ""respiratory effects""}, {""subject"": ""wildfire event"", ""relation"": ""is_associated_with"", ""object"": ""mental health effects""}]","[""Limited understanding of drought-health linkages in developed countries"", ""Need for cross-sectoral drought and health risk assessment"", ""Better adaptation planning for at-risk groups""]","Drought in the UK presents multi-faceted health effects including heat, wildfire, water quality, and mental health impacts, particularly for vulnerable populations.",medium,success
W4327807959,True,"[""other""]","[""neurological"", ""respiratory"", ""cardiovascular"", ""reproductive"", ""mortality"", ""other""]","[""general""]",systematic_review,[],global,none,"[""reactive oxygen species generation"", ""enzyme inhibition"", ""antioxidant defense attenuation"", ""DNA structural impairment"", ""carcinogenesis initiation"", ""apoptosis"", ""endocrine system disruption"", ""central nervous system dysfunction""]","[""anthropogenic and industrial activities"", ""occupational exposure""]","[{""subject"": ""heavy metal exposure"", ""relation"": ""causes"", ""object"": ""reactive oxygen species generation""}, {""subject"": ""heavy metal exposure"", ""relation"": ""causes"", ""object"": ""enzyme inhibition""}, {""subject"": ""heavy metal exposure"", ""relation"": ""causes"", ""object"": ""antioxidant defense attenuation""}, {""subject"": ""heavy metal exposure"", ""relation"": ""causes"", ""object"": ""DNA damage""}, {""subject"": ""heavy metal exposure"", ""relation"": ""causes"", ""object"": ""carcinogenesis""}, {""subject"": ""heavy metal exposure"", ""relation"": ""causes"", ""object"": ""neurological dysfunction""}, {""subject"": ""heavy metal exposure"", ""relation"": ""causes"", ""object"": ""endocrine system dysfunction""}, {""subject"": ""heavy metal exposure"", ""relation"": ""causes"", ""object"": ""organ dysfunction""}]",[],"Heavy metals cause toxicity through multiple mechanisms including ROS generation, enzyme inhibition, and DNA damage, resulting in widespread organ and neurological dysfunction.",medium,success
W4224282190,True,"[""wildfire_smoke"", ""direct_fire""]","[""respiratory"", ""cardiovascular"", ""mortality"", ""other""]","[""general"", ""low_income"", ""other""]",other,"[""Israel""]",national,explicit,[],"[""low socioeconomic status"", ""underlying morbidity""]","[{""subject"": ""wildfire event"", ""relation"": ""increases_risk_of"", ""object"": ""hospitalization in populations with morbidity""}, {""subject"": ""wildfire event"", ""relation"": ""increases_risk_of"", ""object"": ""hospitalization in low socioeconomic populations""}]","[""specific mechanisms underpinning long-term wildfire exposure effects""]",Wildfire exposure increases hospitalization rates for two years post-fire in vulnerable populations with morbidity and low socioeconomic status.,medium,success
W2786022849,False,[],[],[],other,[],not_specified,none,[],[],[],[],Prize lecture on behavioral economics evolution from cashew consumption to nudge theory.,low,success
W2767116445,False,[],[],[],modelling,"[""United States""]",regional,none,[],[],[],[],California's natural lands projected to decline 139 km²/year by 2100 due to developed land doubling and anthropogenic land use increasing 28%.,medium,success
W1965859094,False,[],[],[],cross_sectional,"[""Australia""]",local,none,[],[],[],"[""Buffalo interactions with fire and vegetation require further study"", ""Long-term effects of buffalo on savanna ecology unclear""]",Aboriginal cultural burning and buffalo integration in central Arnhem Land maintain greater savanna diversity than prescribed burning and eradication in Kakadu.,high,success
W4388621366,True,"[""heat_stress""]","[""mortality"", ""respiratory"", ""cardiovascular"", ""mental_health"", ""other""]","[""general"", ""low_income"", ""outdoor_workers"", ""elderly"", ""children""]",systematic_review,[],global,explicit,"[""heat stroke"", ""dehydration"", ""cardiovascular strain""]","[""low socioeconomic status"", ""limited access to cooling"", ""poor housing quality"", ""urban inequality""]","[{""subject"": ""wildfire event"", ""relation"": ""exacerbates"", ""object"": ""urban heat island effect""}, {""subject"": ""wildfire event"", ""relation"": ""increases_risk_of"", ""object"": ""heat-related mortality""}, {""subject"": ""wildfire event"", ""relation"": ""increases_risk_of"", ""object"": ""heat-related morbidity""}]","[""synergies between urban overheating and wildfire impacts"", ""heat mitigation effectiveness in vulnerable populations"", ""long-term adaptation strategies for extreme heat events""]","Urban overheating significantly increases heat-related mortality and morbidity, with disproportionate impact on low-income populations; mitigation and adaptation technologies can offset these impacts.",medium,success
W3006533592,False,[],[],[],systematic_review,"[""Southeast Asia""]",regional,none,[],[],[],"[""Challenges in achieving universal access to high-quality education""]","Education influences disaster vulnerability through direct knowledge acquisition and indirect access to resources, with inclusiveness critical.",medium,success
W2791555003,False,"[""fire_weather"", ""heat_stress""]",[],[],modelling,"[""Spain"", ""Portugal"", ""Europe""]",regional,none,[],[],"[{""subject"": ""wildfire event"", ""relation"": ""is_associated_with"", ""object"": ""record-breaking subtropical ridge""}, {""subject"": ""wildfire event"", ""relation"": ""is_associated_with"", ""object"": ""thermodynamical atmospheric changes""}]",[],"June 2017 European mega-heatwave was unprecedented in timing and intensity, driven by atmospheric circulation and thermodynamical changes.",high,success
W2403935142,False,[],[],"[""elderly""]",cross_sectional,"[""Italy""]",local,implicit,[],"[""social isolation"", ""cultural participation"", ""social engagement"", ""transportation access""]",[],[],Social and cultural engagement associated with higher well-being and resilience in females over 60.,medium,success
W4393409576,True,"[""PM2.5"", ""other""]","[""respiratory"", ""other""]","[""general""]",systematic_review,[],global,implicit,"[""airway inflammation""]","[""air quality standards"", ""healthcare access"", ""emission reduction policies""]","[{""subject"": ""wildfire smoke"", ""relation"": ""causes"", ""object"": ""PM2.5""}, {""subject"": ""PM2.5"", ""relation"": ""increases_risk_of"", ""object"": ""asthma hospital admissions""}, {""subject"": ""PM2.5"", ""relation"": ""increases_risk_of"", ""object"": ""asthma emergency department visits""}, {""subject"": ""outdoor air pollutants"", ""relation"": ""increases_risk_of"", ""object"": ""asthma-related adverse outcomes""}]","[""limited evidence on traffic-related air pollution effects"", ""limited evidence on outdoor pesticide exposure effects"", ""limited evidence on emission reduction interventions""]",Short-term exposure to outdoor air pollutants increases asthma hospital admissions and emergency visits; clean air measures needed.,high,success
W3097993451,False,[],[],[],other,[],global,none,[],[],[],[],Tree planting policies risk ecological and social harm without people-centered design and careful implementation.,low,success
W2914602838,False,"[""direct_fire""]",[],"[""children""]",cross_sectional,"[""Australia""]",regional,implicit,[],"[""social disruption"", ""educational opportunity interruption""]","[{""subject"": ""wildfire event"", ""relation"": ""causes"", ""object"": ""social disruption""}, {""subject"": ""social disruption"", ""relation"": ""exacerbates"", ""object"": ""reduced academic performance""}]","[""Children's learning outcomes in years following disaster""]",Bushfire exposure reduced expected academic gains in reading and numeracy 2-4 years post-disaster.,high,success
W4285388157,True,"[""wildfire_smoke"", ""direct_fire""]","[""cardiovascular""]","[""other""]",case_control,[],not_specified,none,"[""platelet activation"", ""platelet priming"", ""platelet-derived microvesicles"", ""intracardiac thrombosis""]",[],"[{""subject"": ""wildfire smoke"", ""relation"": ""causes"", ""object"": ""platelet priming""}, {""subject"": ""wildfire smoke"", ""relation"": ""causes"", ""object"": ""platelet activation""}, {""subject"": ""wildfire event"", ""relation"": ""causes"", ""object"": ""thermal burn injuries""}, {""subject"": ""thermal burn injuries"", ""relation"": ""causes"", ""object"": ""platelet priming""}, {""subject"": ""platelet activation"", ""relation"": ""causes"", ""object"": ""intracardiac thrombosis""}, {""subject"": ""platelet-derived microvesicles"", ""relation"": ""is_associated_with"", ""object"": ""intracardiac thrombosis""}]",[],"Wildfire smoke and thermal burns trigger platelet activation in cats, associated with intracardiac thrombosis.",medium,success
W308242653,False,[],[],[],other,"[""United States""]",regional,none,[],[],[],[],Historical fire variability in Southern Coastal Plain forests is essential for maintaining biodiversity under climate change.,low,success
W2047458151,False,[],[],[],modelling,"[""United States""]",local,none,[],[],[],"[""Mechanisms causing species range shifts uncertain"", ""Fire effects seldom included in range projections""]","Fire frequency driven by climate change is central to projecting ponderosa pine range shifts, contrasting with niche-based models.",high,success
W4287732656,False,[],[],[],systematic_review,[],global,none,[],[],[],"[""Mechanisms of fungal dispersal across scales"", ""Consequences of fungal dispersal for ecosystems"", ""Social implications of fungal dispersal"", ""Fungal community assembly mechanisms"", ""Fungal biogeography patterns""]",Review identifies knowledge gaps in fungal dispersal mechanisms and ecological consequences across local to global scales.,medium,success
W3000355235,False,"[""fire_weather""]",[],[],other,[],not_specified,none,[],[],[],"[""Knowledge of SES adaptation to climate extremes"", ""Methods to measure coupled social-ecological response variables"", ""Understanding of ecosystem service supply changes post-extreme events""]",Social-ecological systems require enhanced adaptive capacity strategies to absorb climate extremes impacts.,low,success
W2913419594,True,"[""direct_fire""]","[""other""]","[""outdoor_workers""]",cross_sectional,"[""Canada""]",local,none,"[""PAH absorption through skin""]","[""occupational hygiene practices""]","[{""subject"": ""wildfire event"", ""relation"": ""causes"", ""object"": ""PAH skin contamination""}, {""subject"": ""PAH skin contamination"", ""relation"": ""causes"", ""object"": ""urinary 1-hydroxypyrene""}]",[],Firefighters deployed to Fort McMurray fire showed skin PAH contamination measurable as urinary 1-hydroxypyrene metabolite.,medium,success
W2026954012,False,[],[],[],time_series,"[""United States""]",national,none,[],[],[],[],"Direct losses from natural hazards in the US are rising, with hurricane and flood losses tripling over fifty years.",medium,success
W4322588491,True,[],"[""mental_health""]","[""general""]",cross_sectional,"[""China"", ""India"", ""Japan"", ""United States""]",global,implicit,[],"[""climate change vulnerability"", ""societal resilience"", ""cultural context""]","[{""subject"": ""climate change perception"", ""relation"": ""causes"", ""object"": ""climate change anxiety""}, {""subject"": ""climate change anxiety"", ""relation"": ""increases_risk_of"", ""object"": ""cognitive-emotional impairment""}, {""subject"": ""climate change anxiety"", ""relation"": ""increases_risk_of"", ""object"": ""functional impairment""}, {""subject"": ""climate change anxiety"", ""relation"": ""is_associated_with"", ""object"": ""climate action engagement""}]","[""Climate anxiety research lacking in non-Western societies"", ""Inconsistent demographic correlate patterns across countries"", ""Complexities of cross-cultural anxiety experience underexplored""]","Climate change anxiety is measurable across four major emitter nations and positively associated with climate action engagement, particularly sustainable behaviours.",high,success
W4360605214,False,[],[],[],modelling,"[""Canada""]",regional,none,[],[],[],[],"Climate change will alter Quebec's forest ecosystems and landscapes, requiring adaptation measures to maintain ecosystem services and resilience.",medium,success
W2625360441,False,[],[],[],cross_sectional,"[""Nigeria""]",local,none,[],[],[],[],Non-timber forest products contribute significantly to household income in communities adjacent to Falgore Game Reserve.,medium,success
W4281661648,False,[],[],[],other,"[""Australia""]",local,none,[],[],[],[],Loss of traditional Aboriginal fire management and institutional burning disrupted fire-sensitive conifer recruitment and caused population collapse.,high,success
W4364374583,False,[],[],[],systematic_review,[],global,none,[],"[""healthcare system disruption"", ""drug supply chain disruption"", ""limited healthcare access"", ""healthcare infrastructure vulnerability""]",[],"[""Impacts of climate change on patient care and safety""]","Climate change disrupts healthcare systems, drug supply chains, and patient safety through facility loss and medical errors.",medium,success
W2125132456,True,"[""other""]","[""respiratory"", ""other""]","[""general""]",time_series,"[""Brazil""]",regional,none,[],"[""environmental protection policies"", ""land-use change"", ""road infrastructure"", ""mining activities""]","[{""subject"": ""wildfire event"", ""relation"": ""is_associated_with"", ""object"": ""ecosystem degradation""}, {""subject"": ""ecosystem degradation"", ""relation"": ""increases_risk_of"", ""object"": ""acute respiratory infection""}, {""subject"": ""ecosystem degradation"", ""relation"": ""increases_risk_of"", ""object"": ""malaria""}, {""subject"": ""ecosystem degradation"", ""relation"": ""increases_risk_of"", ""object"": ""diarrhea""}, {""subject"": ""strict environmental protection"", ""relation"": ""protects_against"", ""object"": ""malaria incidence""}, {""subject"": ""strict environmental protection"", ""relation"": ""protects_against"", ""object"": ""acute respiratory infection""}, {""subject"": ""strict environmental protection"", ""relation"": ""protects_against"", ""object"": ""diarrhea""}]","[""limited empirical evidence on health benefits of nature"", ""little evidence on conservation policy health impacts""]","Strict environmental protection in Brazilian Amazon reduces malaria, acute respiratory infection, and diarrhea incidence significantly.",high,success
W2640469343,True,"[""PM2.5"", ""other""]","[""respiratory""]","[""children""]",time_series,"[""China""]",local,implicit,"[""airway inflammation"", ""respiratory tract irritation""]",[],"[{""subject"": ""PM10"", ""relation"": ""increases_risk_of"", ""object"": ""childhood lower respiratory disease""}, {""subject"": ""NO2"", ""relation"": ""increases_risk_of"", ""object"": ""childhood lower respiratory disease""}, {""subject"": ""SO2"", ""relation"": ""increases_risk_of"", ""object"": ""childhood lower respiratory disease""}]","[""Inconsistency in association between air pollution and childhood respiratory disease""]","Short-term exposure to PM10, NO2, and SO2 increases childhood lower respiratory disease risk, with stronger effects in cool seasons.",high,success
W2896720313,True,"[""other""]","[""respiratory""]","[""children"", ""general"", ""racial_minorities""]",case_crossover,"[""United States""]",regional,explicit,"[""airway inflammation"", ""oxidative stress""]","[""racial disparities in exposure"", ""geographic variation in pollution""]","[{""subject"": ""ozone exposure"", ""relation"": ""increases_risk_of"", ""object"": ""asthma emergency department visits""}, {""subject"": ""ozone exposure"", ""relation"": ""increases_risk_of"", ""object"": ""asthma exacerbation in children aged 6-18""}, {""subject"": ""ozone exposure"", ""relation"": ""increases_risk_of"", ""object"": ""asthma exacerbation in Black populations""}]",[],"Ozone exposure three days prior increased odds of asthma ED visits by 6.6%, with stronger effects in children and Black populations.",high,success
W3163017003,False,[],[],[],other,[],global,none,[],[],[],[],"Extreme event attribution methodology developed by WWA highlights critical choices and common pitfalls across event definition, observation, modelling, and communication steps.",medium,success
W4386029709,False,[],[],[],modelling,[],global,none,[],[],[],"[""Uncertainties in forecasting future climate harms"", ""Limitations to death toll calculations from emissions""]",Approximately 1 billion mainly poorer humans could be killed by climate change if warming exceeds 2°C this century.,medium,success
W1998477064,False,[],[],[],modelling,"[""Spain""]",national,none,[],[],[],[],"Vegetation recovery time after high-severity wildfires ranges from 2 years for grasslands to 100 years for tree communities, varying by biogeographic region.",medium,success
W1625798363,False,[],[],[],time_series,"[""Mexico""]",local,none,[],[],[],[],"Deforestation and forest degradation affected 2179 ha in the Monarch Butterfly Biosphere Reserve from 2001-2012, with illegal logging as the primary driver.",high,success
W4205115608,False,[],[],[],systematic_review,[],global,none,[],[],[],[],Climate mitigation benefits to human and nature health justify policy costs; fire extremes and tipping points pose additional risks.,low,success
W3126553959,False,"[""wildfire_smoke""]",[],[],qualitative,"[""Greece""]",local,explicit,[],"[""gender inequality"", ""lack of preparedness"", ""absence in decision-making"", ""limited capacity building"", ""poor housing quality""]",[],"[""gender-sensitive approaches in fire management"", ""women's role in wildfire preparedness"", ""capacity building for resilience""]",Women lack preparedness and decision-making roles in wildfire management; gender-sensitive approaches are essential for community resilience.,medium,success
W4313471954,True,"[""wildfire_smoke""]","[""other""]","[""general""]",cross_sectional,"[""United States""]",local,implicit,[],"[""risk perception"", ""environmental awareness"", ""gender differences"", ""knowledge of wildfire victims""]","[{""subject"": ""wildfire smoke"", ""relation"": ""increases_risk_of"", ""object"": ""health threats to residents""}]","[""knowledge gap concerning wildfire perception and risk-reducing behaviors""]","Female gender, knowing wildfire victims, and environmental interest strongly predict threat perception, evacuation willingness, and policy support.",high,success
W2037504066,True,"[""wildfire_smoke"", ""other""]","[""mortality"", ""other""]","[""general"", ""rural"", ""other""]",modelling,"[""Ukraine"", ""Belarus"", ""Russia"", ""Europe""]",regional,implicit,"[""radioactive cesium-137 inhalation"", ""internal radiation exposure"", ""cancer initiation from ionizing radiation""]","[""local dietary habits"", ""rural population proximity to forests"", ""limited emergency preparedness""]","[{""subject"": ""wildfire event"", ""relation"": ""causes"", ""object"": ""radioactive cesium-137 remobilization""}, {""subject"": ""radioactive cesium-137 remobilization"", ""relation"": ""causes"", ""object"": ""atmospheric transport of radionuclides""}, {""subject"": ""atmospheric transport of radionuclides"", ""relation"": ""causes"", ""object"": ""human inhalation exposure""}, {""subject"": ""human inhalation exposure"", ""relation"": ""increases_risk_of"", ""object"": ""solid cancers""}, {""subject"": ""wildfire event"", ""relation"": ""increases_risk_of"", ""object"": ""cancer mortality""}]","[""Long-term health impacts of radionuclide remobilization"", ""Effectiveness of intervention strategies in contaminated areas"", ""Population exposure pathways beyond inhalation""]","Hypothetical wildfires in Chernobyl forests could remobilize cesium-137 across Europe, causing 20-240 solid cancers and 10-170 fatalities depending on burn area scenario.",high,success
W4303696555,True,"[""fire_weather"", ""heat_stress"", ""other""]","[""other""]","[""general"", ""low_income"", ""racial_minorities"", ""other""]",other,[],not_specified,explicit,[],"[""systems of privilege and oppression"", ""structural determinants of climate change"", ""socioeconomic inequalities"", ""individual and collective vulnerability"", ""vulnerable economies and societies""]","[{""subject"": ""wildfire event"", ""relation"": ""increases_risk_of"", ""object"": ""health inequalities""}, {""subject"": ""climate change"", ""relation"": ""exacerbates"", ""object"": ""ecosystem stress in Mediterranean cities""}, {""subject"": ""climate change"", ""relation"": ""increases_risk_of"", ""object"": ""health disparities in vulnerable populations""}]","[""Role of climate justice in health equity""]","Climate change in Mediterranean cities exacerbates health inequalities through structural determinants and vulnerability, requiring climate justice approaches.",medium,success
W4282048153,False,[],[],[],qualitative,[],not_specified,none,[],[],[],[],"Mutual aid during COVID-19 reveals tensions between solidarity practices and political activism, with potential appropriation by states to avoid welfare funding.",low,success
W4390154287,False,[],[],[],other,"[""India""]",national,none,[],[],[],[],"Crop-based, resource conservation, and socio-economic interventions can mitigate climate change agricultural impacts.",low,success
W4391360548,False,[],[],"[""indigenous""]",systematic_review,"[""Russia""]",local,explicit,[],"[""indigenous knowledge systems"", ""cultural practices and language"", ""traditional livelihoods disruption"", ""economic and resource extraction pressures""]",[],[],"Indigenous sustainability in Sakha Republic is threatened by climate change, pollution, and resource extraction impacting traditional livelihoods.",medium,success
W4393122913,True,"[""fire_weather"", ""displacement"", ""heat_stress""]","[""mortality"", ""mental_health"", ""other""]","[""general"", ""indigenous"", ""other""]",other,"[""Australia""]",national,implicit,[],"[""climate change vulnerability"", ""healthcare sector emissions"", ""food system carbon footprint"", ""displacement from flooding""]","[{""subject"": ""wildfire event"", ""relation"": ""is_associated_with"", ""object"": ""displacement""}, {""subject"": ""wildfire event"", ""relation"": ""is_associated_with"", ""object"": ""mortality""}]","[""Better measurement of mental health impacts"", ""Indigenous health tracking in climate context"", ""Regional climate-health dynamics in Australia""]","Australian climate-related disasters in 2022 caused 23 deaths and mass displacement, with substantial health and economic costs requiring urgent mitigation and adaptation.",medium,success
W4404594416,False,[],[],"[""indigenous"", ""rural"", ""low_income"", ""other""]",qualitative,"[""China"", ""Honduras"", ""United States"", ""Sahel region""]",global,explicit,[],"[""low socioeconomic status"", ""cultural displacement"", ""resource competition"", ""loss of social cohesion"", ""traditional livelihood disruption""]","[{""subject"": ""wildfire event"", ""relation"": ""causes"", ""object"": ""displacement""}, {""subject"": ""wildfire event"", ""relation"": ""is_associated_with"", ""object"": ""economic disruption""}, {""subject"": ""climate change"", ""relation"": ""causes"", ""object"": ""environmental degradation""}, {""subject"": ""climate change"", ""relation"": ""increases_risk_of"", ""object"": ""resource scarcity""}, {""subject"": ""climate change"", ""relation"": ""exacerbates"", ""object"": ""social inequality""}]","[""Social dimensions of climate-induced migration receive less attention"", ""Need for understanding multifaceted effects on migration decision-making""]","Climate-induced migration results from interconnected environmental, economic and social dimensions rather than linear pathways.",medium,success
W4383874723,False,[],[],[],other,[],not_specified,none,[],[],[],[],"Modular, adaptive, decentralized water systems offer alternatives to centralized infrastructure for climate resilience.",low,success
W2963320215,False,[],[],[],other,"[""Europe""]",regional,none,[],[],[],[],European dairy goat sector faces profitability and generational challenges requiring market value recognition and economic valuation of social-environmental roles.,low,success
W2554463361,False,[],[],[],other,[],not_specified,none,[],[],[],"[""Need for external validation of big data findings"", ""Bridging identification of asthma subtypes with personalized prevention"", ""Translating causal mechanisms into clinical practice""]",Big data and hypothesis-driven research must combine synergistically to understand asthma heterogeneity and enable personalized medicine.,low,success
W2163595660,False,[],[],[],other,"[""Canada""]",regional,none,[],[],[],[],Climate change is driving forest health epidemics in BC including needle blight and mountain pine beetle infestations.,low,success
W2116400529,False,[],[],[],systematic_review,"[""Australia""]",regional,none,[],[],[],"[""Degree of anthropogenic environmental modification remains uncertain"", ""Relative importance of human versus natural climate forcing"", ""Need for integrated multidisciplinary assessment approaches""]",Anthropogenic fire regimes may have driven ecosystem state shifts in tropical Australia through vegetation-fire-climate feedbacks over millennia.,high,success
W4206467288,False,"[""fire_weather""]",[],[],modelling,"[""Eurasia""]",global,none,[],[],[],"[""Response of compound events to climate change mostly unexplored""]",Heatwaves and drought compound events increase everywhere under all emission scenarios; extreme wind and precipitation events increase in many regions.,high,success
W2559909861,False,[],[],[],other,"[""Australia"", ""Global""]",global,none,[],[],[],[],"Eucalypt plantations globally face pathogen invasions absent in native forests, requiring biosecurity measures to protect forest ecosystems and plantation sustainability.",low,success
W2622052922,False,"[""PM2.5""]",[],[],experimental,"[""Nepal""]",local,none,[],[],[],[],"NAMaSTE characterized PM2.5 emission factors from diverse South Asian combustion sources, with damp garbage burning producing highest emissions (125 g kg−1).",high,success
W4281568379,False,"[""fire_weather""]",[],[],modelling,"[""Indonesia""]",regional,none,[],[],"[{""subject"": ""wildfire event"", ""relation"": ""is_associated_with"", ""object"": ""ENSO phases""}, {""subject"": ""El-Nino"", ""relation"": ""increases_risk_of"", ""object"": ""peatland fire vulnerability""}, {""subject"": ""hydrological drought"", ""relation"": ""increases_risk_of"", ""object"": ""peatland fire occurrence""}]",[],"Peatland fire vulnerability in Sumatra increases during El-Niño conditions, with NBR and anthropogenic variables as primary drivers.",high,success
W3196160229,True,"[""PM2.5"", ""other""]","[""respiratory""]","[""general""]",modelling,"[""Iran""]",local,none,[],"[""proximity to traffic"", ""urban air quality""]","[{""subject"": ""PM2.5"", ""relation"": ""is_associated_with"", ""object"": ""asthma occurrence""}, {""subject"": ""traffic volume"", ""relation"": ""is_associated_with"", ""object"": ""asthma occurrence""}, {""subject"": ""air pollution"", ""relation"": ""is_associated_with"", ""object"": ""asthma occurrence""}]",[],AdaBoost ensemble algorithm achieved highest accuracy (AUC=0.849) for spatial mapping of asthma-prone areas in Tehran.,medium,success
W3208357610,True,"[""wildfire_smoke"", ""PM2.5""]","[""respiratory""]","[""general""]",other,"[""Australia""]",regional,implicit,[],"[""sociodemographic risk factors""]","[{""subject"": ""wildfire smoke"", ""relation"": ""increases_risk_of"", ""object"": ""COVID-19 incidence""}, {""subject"": ""wildfire smoke"", ""relation"": ""causes"", ""object"": ""PM2.5""}]","[""Individual responses to specific wildfire airborne particles and pollutants"", ""Causal links between SARS-CoV-2 infection and wildfire smoke""]",Higher proportional wildfire burned area was associated with increased COVID-19 incidence in New South Wales after adjustment for sociodemographic factors.,high,success
W4292651721,False,[],[],"[""general"", ""low_income"", ""racial_minorities""]",cross_sectional,"[""United States""]",local,explicit,[],"[""low socioeconomic status"", ""racial inequity"", ""unequal greenspace access""]",[],[],Greenspace exposure varies by sociodemographic factors; different metrics yield different conclusions.,low,success
W4297037715,False,[],[],"[""children"", ""racial_minorities"", ""low_income""]",systematic_review,"[""United States""]",national,explicit,[],"[""low socioeconomic status"", ""systemic racism"", ""historical racism"", ""poverty"", ""limited healthcare access"", ""neighborhood disadvantage""]",[],[],Children of color in poverty experience compounded physical and mental health disparities driven by systemic racism and structural inequities.,medium,success
W3005623080,False,[],[],[],qualitative,"[""United States""]",regional,none,[],[],[],[],"Effective community-engaged research requires alignment between engagement approach, context, researcher/community capacities, and sociopolitical environment.",medium,success
W4295866155,False,[],[],[],systematic_review,[],not_specified,none,[],[],[],[],Umbrella review protocol for ENDS risk and safety profile to inform health communication strategies.,low,success
W3207532973,False,[],[],[],systematic_review,"[""United States""]",global,none,[],"[""social_cultural_environmental_context"", ""demographic_variables"", ""previous_earthquake_experience"", ""building_type_location""]",[],"[""consistency in global injury data collection and reporting"", ""understanding demographic cultural seismic engineering interactions""]","Evidence-based earthquake protective action guidelines must consider social context, demographics, and seismic factors to reduce harm.",medium,success
W3130537020,False,[],[],"[""rural""]",cross_sectional,"[""United States""]",national,explicit,[],"[""social determinants of health""]",[],[],Social determinants of health explain differential COVID-19 mortality between rural and urban counties.,low,success
W2106389330,False,[],[],[],systematic_review,[],global,none,[],[],[],[],Spatial multi-criteria modelling combined with other methods is most effective for forest fire risk and hazard assessment.,medium,success
W2944536909,False,[],[],[],systematic_review,"[""India""]",regional,none,[],[],[],"[""cost-benefit analyses for eradication decisions""]","Lantana camara invasiveness in India has ecological impacts, but economic uses may outweigh negative effects.",medium,success
W3128053152,True,"[""PM2.5""]","[""mortality""]","[""general""]",time_series,"[""China""]",local,implicit,[],"[""smoking prevalence""]","[{""subject"": ""PM2.5"", ""relation"": ""increases_risk_of"", ""object"": ""non-accidental death""}, {""subject"": ""PM2.5"", ""relation"": ""is_associated_with"", ""object"": ""sex differences in mortality risk""}]","[""underlying mechanisms of sex difference in PM2.5 effects""]",Women showed lower risk for non-accidental death from PM2.5 exposure compared to men in Shanghai.,high,success
W2898176146,False,"[""heat_stress""]",[],[],modelling,[],global,none,[],[],[],[],GHWR provides a multi-method global heatwave database with standardized metrics for identifying heatwaves across varying spatial and temporal scales.,medium,success
W4282825836,False,"[""fire_weather"", ""other""]",[],"[""low_income"", ""other""]",qualitative,"[""United States""]",regional,implicit,[],"[""competing demands"", ""limited resources"", ""staff turnover"", ""partnership fragmentation"", ""uncertain impacts on at-risk populations""]",[],"[""Implementation strategies for climate health adaptation"", ""Resources for sustained adaptation work""]","State and local health agencies face barriers including competing demands, resource constraints, and staff turnover in implementing climate adaptation.",medium,success
W4390608168,True,"[""other""]","[""other""]",[],systematic_review,[],not_specified,none,"[""oxidative stress"", ""apoptosis"", ""endoplasmic reticulum stress"", ""mitochondrial stress"", ""cellular senescence""]",[],"[{""subject"": ""heavy metal exposure"", ""relation"": ""causes"", ""object"": ""oxidative stress""}, {""subject"": ""heavy metal exposure"", ""relation"": ""causes"", ""object"": ""apoptosis""}, {""subject"": ""heavy metal exposure"", ""relation"": ""causes"", ""object"": ""endoplasmic reticulum stress""}, {""subject"": ""heavy metal exposure"", ""relation"": ""causes"", ""object"": ""mitochondrial stress""}, {""subject"": ""oxidative stress"", ""relation"": ""is_associated_with"", ""object"": ""cellular senescence""}]","[""interplay between antioxidants and heavy metals""]",Heavy metal toxicity causes cellular damage via oxidative stress and cellular senescence pathways; antioxidants show protective effects beyond chelation therapy.,medium,success
W3179091579,True,"[""heat_stress"", ""other""]","[""mental_health"", ""other""]","[""homeless"", ""general""]",cross_sectional,"[""United States""]",local,explicit,[],"[""homelessness"", ""limited social support"", ""social conflict"", ""indoor shelter access"", ""gender disparities""]","[{""subject"": ""winter cold exposure"", ""relation"": ""is_associated_with"", ""object"": ""general health""}, {""subject"": ""indoor shelter nights"", ""relation"": ""increases_risk_of"", ""object"": ""improved general health""}, {""subject"": ""social conflict"", ""relation"": ""is_associated_with"", ""object"": ""emotional well-being""}]","[""Few studies empirically assess biophysical drivers among unsheltered homeless"", ""Climate change health impacts on homeless populations understudied""]",Unsheltered homeless persons report worst health in winter; indoor shelter access and social support strongly predict health and emotional well-being.,high,success
W2994029228,False,[],[],[],modelling,[],not_specified,none,[],[],[],[],Landscape ecology tools and simulation models quantify ecosystem resilience metrics and measure resistance to disturbance across management scales.,medium,success
W3158845258,False,[],[],[],systematic_review,[],not_specified,none,[],[],[],[],Framework developed to classify digital technologies' impacts on agriculture and rural areas.,low,success
W3208700839,False,[],[],[],other,[],global,explicit,[],"[""climate justice"", ""shared differentiated responsibilities"", ""vulnerable community exposure""]",[],"[""lack of clear definition of loss and damage"", ""lack of measurability of loss and damage"", ""compensation mechanisms not specified in agreements"", ""interdisciplinary research agenda needed""]",Climate change loss and damage disproportionately affects vulnerable communities; current international mechanisms lack clear definitions and compensation frameworks.,medium,success
W2101208294,False,[],[],[],other,"[""Canada""]",regional,none,[],"[""demographic trends"", ""economic complexity"", ""local geography""]",[],"[""How climate impacts transmit to human activity"", ""Community-level responses to environmental change"", ""Integration of social science with climate research"", ""Local factors conditioning climate impacts""]","Community-level climate impacts in northern Canada depend on local geography, demographics, and economic factors, requiring enhanced social science research.",low,success
W2123204955,True,"[""PM2.5""]","[""neurological"", ""cardiovascular""]","[""children""]",experimental,"[""Mexico""]",local,implicit,"[""endothelial dysfunction"", ""systemic inflammation"", ""neuroinflammation"", ""oxidative stress"", ""cerebral hypoperfusion"", ""tau hyperphosphorylation"", ""amyloid-beta accumulation""]","[""urban residence"", ""high air pollution exposure""]","[{""subject"": ""wildfire smoke"", ""relation"": ""causes"", ""object"": ""PM2.5""}, {""subject"": ""PM2.5"", ""relation"": ""causes"", ""object"": ""endothelial dysfunction""}, {""subject"": ""PM2.5"", ""relation"": ""causes"", ""object"": ""systemic inflammation""}, {""subject"": ""PM2.5"", ""relation"": ""causes"", ""object"": ""neuroinflammation""}, {""subject"": ""endothelial dysfunction"", ""relation"": ""increases_risk_of"", ""object"": ""cognitive deficits""}, {""subject"": ""flavonol-rich cocoa"", ""relation"": ""protects_against"", ""object"": ""endothelial dysfunction""}]","[""Multi-domain intervention effectiveness in larger populations"", ""Long-term neuroprotection duration and sustainability""]",Flavonol-rich dark cocoa significantly reduced plasma endothelin-1 and improved cognition in pollution-exposed urban children.,high,success
W4387563469,True,"[""wildfire_smoke"", ""PM2.5""]","[""mortality""]","[""general""]",modelling,"[""China""]",national,none,[],[],"[{""subject"": ""wildfire smoke"", ""relation"": ""causes"", ""object"": ""PM2.5""}, {""subject"": ""PM2.5"", ""relation"": ""increases_risk_of"", ""object"": ""mortality""}]",[],Study projects mortality risk from landscape fire smoke exposure in China through 2100.,low,success
W2461602404,True,"[""other""]","[""mental_health""]","[""outdoor_workers""]",other,[],not_specified,explicit,"[""inflammatory changes""]","[""occupational exposure reduction"", ""workplace recovery provisions"", ""resilience building strategies""]","[{""subject"": ""occupational exposures"", ""relation"": ""increases_risk_of"", ""object"": ""PTSD""}, {""subject"": ""occupational exposures"", ""relation"": ""increases_risk_of"", ""object"": ""depressive disorders""}, {""subject"": ""inflammatory changes"", ""relation"": ""mediates"", ""object"": ""mental health outcomes""}]","[""mechanisms linking occupational exposures to PTSD in first responders""]",Occupational exposures linked to inflammation increase PTSD and depression risk in first responders; targeted workplace interventions needed.,low,success
W2999601896,False,[],[],[],modelling,"[""Norway""]",regional,none,[],[],[],[],Landscape composition and configuration modifications can enhance Norway spruce climate resilience at its distribution trailing edge.,medium,success
W2108006477,False,[],[],[],other,[],not_specified,none,[],[],[],"[""Lack of rigorous hypothesis testing in invasion ecology"", ""Need for meta-analysis of comparative functional response case studies"", ""Integration of numerical responses in frameworks"", ""Multiple predator effects incorporation"", ""Trait-mediated indirect interactions consideration""]",Comparative functional response analysis between invasive and native species can predict ecological impacts of invasions.,medium,success
W3200134170,True,"[""fire_weather"", ""other""]","[""other""]","[""general""]",systematic_review,"[""Europe""]",regional,implicit,[],"[""climate change policy implementation"", ""healthcare system capacity"", ""socioeconomic resilience""]","[{""subject"": ""wildfire event"", ""relation"": ""is_associated_with"", ""object"": ""extreme weather events""}, {""subject"": ""climate change"", ""relation"": ""causes"", ""object"": ""health impacts""}]","[""Need for region-specific climate-health indicators"", ""Capacity to quantify health impacts of climate change"", ""Monitoring progress on health and climate adaptation""]",Europe requires transdisciplinary monitoring systems to quantify health impacts of climate change and co-benefits of mitigation actions.,medium,success
W3112699413,True,"[""PM2.5""]","[""cardiovascular"", ""mortality""]","[""elderly"", ""other""]",cohort,[],not_specified,explicit,"[""cardiovascular system stress"", ""systemic inflammation""]","[""chronic kidney disease burden"", ""healthcare access during acute events""]","[{""subject"": ""PM2.5"", ""relation"": ""increases_risk_of"", ""object"": ""cardiovascular hospital admissions""}, {""subject"": ""PM2.5"", ""relation"": ""increases_risk_of"", ""object"": ""30-day hospital readmissions""}]",[],Short-term PM2.5 exposure increases cardiovascular hospital admissions and readmission risk in end-stage renal disease patients.,medium,success
W102016979,False,"[""fire_weather""]",[],[],systematic_review,[],global,none,[],[],[],"[""Effects of selection on reproductive effort difficult to detect"", ""Empirical tests needed for extreme weather life history predictions"", ""Need empirical reviews of extreme conditions on life history""]",Extreme weather events increase reproductive failure and reduce survival across organisms; selection patterns may shift toward adaptation.,medium,success
W4378070957,True,"[""heat_stress""]","[""respiratory"", ""cardiovascular"", ""other""]","[""general""]",time_series,"[""United States""]",local,none,[],[],"[{""subject"": ""temperature thresholds"", ""relation"": ""increases_risk_of"", ""object"": ""heat illness emergency visits""}, {""subject"": ""temperature thresholds"", ""relation"": ""increases_risk_of"", ""object"": ""cardiorespiratory emergency visits""}]",[],Temperature thresholds are associated with increased heat illness and cardiorespiratory emergency visits during Alaska summers.,low,success
W3084014573,True,"[""heat_stress""]","[""other""]","[""general"", ""outdoor_workers""]",cross_sectional,"[""China""]",local,explicit,[],"[""outdoor work exposure"", ""population density patterns"", ""socioeconomic vulnerability"", ""limited healthcare access""]","[{""subject"": ""heat stress"", ""relation"": ""increases_risk_of"", ""object"": ""heat-related health outcomes""}, {""subject"": ""heat stress"", ""relation"": ""is_associated_with"", ""object"": ""outdoor worker vulnerability""}]","[""Further study of heat health risk in developing countries needed""]",Suburban areas and outdoor workers show highest heat-related health vulnerability in Northern Jiangxi Province.,medium,success
W2095401775,False,[],[],[],other,"[""United States"", ""Mexico""]",regional,none,[],[],[],[],"Integrated scientist-stakeholder interactions can link monsoon research to decision-making in natural hazards, agriculture, public health, and water management.",low,success
W2591230632,False,[],[],[],qualitative,"[""Sweden"", ""Canada""]",global,none,[],[],[],[],Historical ecology research prioritizes understanding long-term human-environment interactions to mitigate adverse ecological effects.,medium,success
W4382792547,False,[],[],[],other,[],not_specified,none,[],[],[],[],"AI technologies have potential to improve diagnostic accuracy, personalised treatment, disease prevention, and medical imaging in healthcare delivery.",low,success
W3129371263,False,[],[],[],systematic_review,[],global,none,[],[],[],"[""Lack of coherent adaptation theory"", ""Need to consolidate vast research endeavour"", ""Integration of adaptation science with policy""]","Climate change adaptation literature has grown 28.5% annually since 1978, but lacks unified theory to guide policy.",medium,success
W2935662275,True,"[""other""]","[""respiratory"", ""other""]","[""outdoor_workers""]",systematic_review,"[""Ghana""]",national,explicit,"[""cancer development"", ""non-cancer health hazards""]","[""poor safe work practices"", ""weak occupational health legislation"", ""low hazard awareness"", ""inadequate pump infrastructure"", ""poor engineering controls""]","[{""subject"": ""gasoline exposure"", ""relation"": ""causes"", ""object"": ""BTEX compound exposure""}, {""subject"": ""BTEX compound exposure"", ""relation"": ""increases_risk_of"", ""object"": ""cancer""}, {""subject"": ""BTEX compound exposure"", ""relation"": ""increases_risk_of"", ""object"": ""non-cancer health hazards""}, {""subject"": ""poor occupational controls"", ""relation"": ""exacerbates"", ""object"": ""BTEX exposure risk""}]","[""absence of national occupational health and safety legislation in Ghana"", ""lack of specific BTEX exposure standards"", ""poor awareness of gasoline hazards among pump attendants"", ""inadequate infrastructure controls for BTEX mitigation""]",Pump attendants in Ghana face elevated cancer and non-cancer health risks from BTEX exposure due to poor occupational controls and absence of exposure standards.,medium,success
W2593665846,True,"[""other""]","[""reproductive""]","[""general"", ""pregnant""]",cross_sectional,"[""United States""]",local,implicit,[],"[""occupational exposure history"", ""geographic proximity to contamination""]","[{""subject"": ""hexavalent chromium exposure"", ""relation"": ""causes"", ""object"": ""adverse reproductive outcomes""}, {""subject"": ""hexavalent chromium exposure"", ""relation"": ""increases_risk_of"", ""object"": ""infant health effects""}]","[""biological mechanisms of Cr(VI) reproductive toxicity in humans""]",Non-occupational hexavalent chromium exposure is associated with elevated adverse reproductive outcomes in females and infants.,medium,success
W4306993626,True,"[""other""]","[""reproductive"", ""other""]","[""children"", ""pregnant""]",cohort,[],not_specified,implicit,"[""placental function""]","[""early life social exposures""]","[{""subject"": ""early life exposures"", ""relation"": ""is_associated_with"", ""object"": ""middle childhood health outcomes""}]","[""combined impact of early life exposures not yet examined"", ""underlying placental mechanisms unclear""]",ECHO-PATHWAYS cohort established to examine early life exposures and middle childhood health outcomes via placental mechanisms.,low,success
W4242192543,False,[],[],[],other,[],not_specified,none,[],[],[],[],"Island ecosystems show variable human impacts based on physiography, subsistence strategies, technology, and sociopolitical organization.",low,success
W3196247867,False,[],[],[],other,[],global,none,[],[],[],[],Arctic land areas experienced record warming in 2020 with 2.1°C above 1981-2010 average.,low,success
W2044030680,True,"[""heat_stress""]","[""cardiovascular"", ""respiratory"", ""other""]","[""general"", ""elderly"", ""other""]",cross_sectional,"[""Canada""]",regional,explicit,[],"[""air conditioning availability"", ""access to cooling centers"", ""health information access"", ""socioeconomic status""]","[{""subject"": ""heat waves"", ""relation"": ""causes"", ""object"": ""heat-related illness""}, {""subject"": ""heat waves"", ""relation"": ""increases_risk_of"", ""object"": ""cardiovascular symptoms""}, {""subject"": ""heat waves"", ""relation"": ""increases_risk_of"", ""object"": ""respiratory symptoms""}, {""subject"": ""air conditioning access"", ""relation"": ""protects_against"", ""object"": ""heat-related illness""}, {""subject"": ""heat information/warnings"", ""relation"": ""protects_against"", ""object"": ""heat-related illness""}]","[""effectiveness of HARS programs in reducing health impacts"", ""long-term outcomes of heat-related illnesses"", ""disparities in heat risk perception across populations""]",Twenty-one percent reported heat-related illness; vulnerability depends on pre-existing conditions and information access rather than air conditioning alone.,high,success
W3173239150,False,[],[],[],experimental,[],not_specified,none,[],[],[],[],Pyrodiversity-enhanced plant diversity is supported only partially and depends on spatial scale and plant functional groups.,high,success
W2411511578,False,"[""wildfire_smoke"", ""direct_fire"", ""fire_weather""]",[],[],modelling,"[""Bolivia""]",regional,none,[],[],[],[],Fuzzy cognitive mapping models wildfire risk in Chiquitania social-ecological systems to anticipate future outcomes.,low,success
W2945899179,False,[],[],[],systematic_review,[],not_specified,none,[],[],[],"[""Process optimization for in-situ operative conditions"", ""Scale-up implementation challenges"", ""Integration of multiple treatment methods""]",Integrated remediation processes combining two methods achieve synergistic heavy metal removal from various environmental matrices more effectively than individual treatments.,medium,success
W1594637277,False,[],[],[],cross_sectional,"[""Brazil""]",local,none,[],[],[],"[""Long-term effects of hydroelectric dams on biodiversity poorly evaluated""]",Hydroelectric dam-induced habitat fragmentation and fire disturbance caused widespread vertebrate extinctions across Amazonian islands over 26 years.,high,success
W2909902320,True,"[""PM2.5"", ""other""]","[""respiratory"", ""cardiovascular"", ""other""]","[""general"", ""rural"", ""other""]",cross_sectional,"[""Canada""]",national,explicit,[],"[""rural residence"", ""limited risk communication access""]","[{""subject"": ""PM2.5"", ""relation"": ""increases_risk_of"", ""object"": ""adverse health effects""}, {""subject"": ""ozone"", ""relation"": ""increases_risk_of"", ""object"": ""adverse health effects""}]","[""Targeted interventions needed for non-urban regions""]",Substantial Canadian populations have O3/PM2.5 susceptibility factors; non-urban high-exposure regions need targeted interventions.,medium,success
W4306399776,False,"[""displacement""]",[],"[""rural"", ""other""]",cross_sectional,"[""Canada""]",national,explicit,[],"[""remote location"", ""limited road network access"", ""fire-prone landscape expansion"", ""community vulnerability factors""]","[{""subject"": ""wildfire event"", ""relation"": ""causes"", ""object"": ""evacuation""}, {""subject"": ""wildfire event"", ""relation"": ""is_associated_with"", ""object"": ""stress""}, {""subject"": ""wildfire event"", ""relation"": ""increases_risk_of"", ""object"": ""economic costs""}]","[""Understanding community vulnerability drivers and their correlations"", ""Anticipating future fire exposure effects"", ""Spatial variation in risk factors across forested regions""]","Three distinct wildfire evacuation syndromes identified across Canada, differing in geographic distribution, fire characteristics, and evacuation modes.",high,success
W4221115141,False,"[""fire_weather""]",[],[],systematic_review,"[""Australia"", ""United States"", ""Brazil"", ""Siberia"", ""Portugal"", ""South Africa""]",global,none,[],[],[],"[""How ecosystems recover from megafires remains uncertain"", ""Effectiveness of post-megafire interventions poorly understood"", ""Mechanisms of biodiversity recovery following megafires unknown"", ""Clarification and unification of pyrodiversity metrics needed"", ""Role of spatial scale in pyrodiversity-biodiversity relationships unclear"", ""Species trait effects on fire responses need further study"", ""Monitoring data limitations for reptiles and invertebrates"", ""Long-term validation of rapid assessment tools required""]","Megafires demand new conservation approaches focusing on spatial aspects of fire, biodiversity recovery pathways, and prioritisation frameworks for vulnerable species.",high,success
W4367369274,True,"[""other""]","[""other""]","[""general"", ""elderly"", ""low_income"", ""rural""]",cross_sectional,"[""United States""]",national,explicit,[],"[""social vulnerability"", ""low socioeconomic status"", ""electricity-dependent medical equipment use"", ""limited healthcare access""]","[{""subject"": ""power outages"", ""relation"": ""increases_risk_of"", ""object"": ""health threats""}, {""subject"": ""extreme weather events"", ""relation"": ""causes"", ""object"": ""power outages""}]","[""Little known about outage frequency distribution within states"", ""Need for large-scale epidemiology studies on health impacts""]",62% of extended outages co-occur with extreme weather; vulnerable counties show dual burden of frequent outages and high medical equipment dependence.,medium,success
W3188052625,False,"[""displacement""]",[],"[""general"", ""elderly"", ""racial_minorities"", ""low_income""]",qualitative,"[""United States""]",national,explicit,[],"[""climate migration displacement"", ""low socioeconomic status"", ""racial inequities"", ""inadequate government preparation"", ""limited healthcare access"", ""environmental injustice""]","[{""subject"": ""wildfire event"", ""relation"": ""causes"", ""object"": ""displacement""}, {""subject"": ""displacement"", ""relation"": ""exacerbates"", ""object"": ""social inequality""}, {""subject"": ""unplanned migration"", ""relation"": ""increases_risk_of"", ""object"": ""health vulnerability in vulnerable populations""}]","[""Limited guidance for government planning of climate migration"", ""Lack of preparation frameworks for receiving communities"", ""Insufficient resources for planned migration pathways""]",US cities face three climate migration types requiring differentiated planning to protect vulnerable populations from displacement inequities.,medium,success
W3202927809,False,[],[],[],other,"[""Australia""]",national,none,[],[],[],[],"AusTraits database synthesises 448 plant traits across 28,640 Australian taxa from diverse sources.",medium,success
W4399066924,True,"[""wildfire_smoke"", ""PM2.5"", ""heat_stress""]","[""mortality""]","[""general""]",case_crossover,"[""Thailand""]",regional,none,"[""airway inflammation"", ""systemic oxidative stress"", ""cardiovascular strain""]",[],"[{""subject"": ""wildfire smoke"", ""relation"": ""causes"", ""object"": ""PM2.5""}, {""subject"": ""PM2.5"", ""relation"": ""increases_risk_of"", ""object"": ""all-cause mortality""}, {""subject"": ""wildfire event"", ""relation"": ""increases_risk_of"", ""object"": ""all-cause mortality""}, {""subject"": ""heat_stress"", ""relation"": ""increases_risk_of"", ""object"": ""all-cause mortality""}]","[""Interactive or synergistic effects unclear""]","Fire-PM2.5 and extreme heat independently increased all-cause mortality in Upper Northern Thailand, with no synergistic effect.",high,success
W4391557630,False,[],[],[],systematic_review,[],global,none,[],[],[],[],Environmental policy and preventive management are crucial for addressing global pollution and sustainable development.,low,success
W2969311258,False,"[""wildfire_smoke"", ""other""]",[],"[""general""]",cross_sectional,"[""Greece""]",national,none,[],"[""risk perception"", ""disaster experience"", ""awareness activities"", ""gender differences in coping"", ""preparedness motivation""]",[],"[""understanding of hazard types most concerning to public"", ""how climate hazards measured against geophysical hazards"", ""long-term effects of disaster experience on perception""]",Greeks underestimate climate-related hazards like wildfires compared to earthquakes; disaster experience increases threat perception but may fade over time.,medium,success
W2904242549,False,[],[],[],experimental,"[""United States""]",local,none,[],[],[],"[""Inconsistency in prescribed fire outcomes across regimes"", ""Limited information on plant community responses to specific fire regimes"", ""Uncertainty in achieving biodiversity goals with frequent burns""]","Most native perennial plant functional groups resisted or recovered from prescribed burning but showed subtle, ephemeral responses without strong positive outcomes.",high,success
W3152541909,False,[],[],[],other,[],not_specified,none,[],[],[],[],ESSENCE is an adaptable electronic surveillance system for early notification of community epidemics with evolving architecture.,low,success
W4320880726,False,[],[],[],systematic_review,[],global,none,[],[],[],"[""Uncertainties remain associated with many tipping elements"", ""Need for further research and modelling to constrain risks"", ""Better prediction of abrupt versus gradual tipping changes""]","Earth system tipping elements risk crossing critical thresholds this century, but mitigation can reduce many impacts.",high,success
W3194123190,False,[],[],[],other,[],not_specified,none,[],[],[],[],Active-passive restoration dichotomy is false; continuum-based intervention framework better represents ecosystem recovery approaches.,low,success
W1509048661,False,[],[],[],other,"[""United States""]",regional,none,[],[],[],[],Colorado Plateau ecosystems show high sensitivity to climate and land-use changes with cascading societal implications.,low,success
W2796354967,False,[],[],[],other,[],not_specified,none,[],[],[],[],"Multi-stakeholder partnerships address wicked problems through deliberation, decision-making, and enforcement processes.",low,success
W1968819085,False,[],[],[],qualitative,[],not_specified,none,[],[],[],[],"Risk is organized through prospective, real-time, and retrospective modes shaped by dominant discourse that normalizes particular risk identities.",low,success
W4306160801,True,"[""wildfire_smoke"", ""PM2.5"", ""fire_weather"", ""heat_stress""]","[""respiratory"", ""mortality""]","[""children"", ""indigenous"", ""low_income"", ""rural""]",other,"[""Malaysia""]",national,explicit,"[""airway inflammation"", ""respiratory system impairment""]","[""low socioeconomic status"", ""indigenous community status"", ""limited healthcare access"", ""marginalized populations"", ""poor housing quality""]","[{""subject"": ""wildfire smoke"", ""relation"": ""causes"", ""object"": ""PM2.5""}, {""subject"": ""PM2.5"", ""relation"": ""increases_risk_of"", ""object"": ""childhood respiratory hospitalization""}, {""subject"": ""wildfire event"", ""relation"": ""is_associated_with"", ""object"": ""increased rainfall intensity""}, {""subject"": ""haze"", ""relation"": ""increases_risk_of"", ""object"": ""under-five mortality""}]","[""Clear mechanisms linking haze intensity/duration to mortality outcomes"", ""Long-term health effects in marginalized populations"", ""Climate change adaptation strategies for vulnerable children""]",Air pollution and haze linked to increased childhood respiratory hospitalizations; health effects more acute with higher haze intensity and longer duration.,high,success
W3023069240,False,[],[],[],other,"[""Canada""]",regional,none,[],[],[],"[""Need comprehensive forest policy incorporating disturbance"", ""Limited adaptive management options in current policies"", ""Inadequate long-term yield prediction models""]",Current reforestation policies in western Canada limit adaptive management and sustainability under climate change-driven disturbances.,medium,success
W2913518161,False,"[""other""]",[],[],systematic_review,[],global,none,[],"[""low public awareness"", ""limited political responsibility"", ""ineffective water supply systems""]",[],"[""exposure and associated risks via drinking water consumption unclear"", ""public risk perception of EDCs in drinking water unknown"", ""potential health issues of EDCs not fully understood""]",EDCs in drinking water pose health concerns; improved risk communication and governance needed for safe water access.,medium,success
W3083181180,True,"[""fire_weather"", ""wildfire_smoke""]","[""mental_health"", ""other""]","[""general"", ""rural""]",qualitative,"[""United States"", ""Canada""]",regional,implicit,[],"[""agricultural sector vulnerabilities"", ""limited drought early warning"", ""poor interagency coordination""]","[{""subject"": ""wildfire event"", ""relation"": ""causes"", ""object"": ""poor air quality""}, {""subject"": ""wildfire event"", ""relation"": ""causes"", ""object"": ""mental health degradation""}, {""subject"": ""flash drought"", ""relation"": ""increases_risk_of"", ""object"": ""widespread wildfires""}]","[""Lack of early warning for flash droughts"", ""Limited seasonal forecast skill over northern Great Plains"", ""Insufficient understanding of sector decision cycles""]","The 2017 flash drought caused $2.6 billion agricultural losses, wildfires, poor air quality, and mental health degradation across the northern Great Plains and Canadian Prairies.",medium,success
W2567469350,False,[],[],[],other,[],global,none,[],[],[],[],"PREDICTS database contains 3.2 million biodiversity records from 26,000 locations representing 47,000 species for global ecological modelling.",high,success
W4386699921,False,[],[],[],other,[],not_specified,none,[],[],[],[],Satellite technology and economic models reveal tropical deforestation drivers and enable policy assessment.,low,success
W3045176127,True,"[""PM2.5"", ""other""]","[""respiratory""]",[],experimental,[],not_specified,none,"[""oxidative modification of RNA"", ""8-oxoG formation in transcripts"", ""decreased FDFT1 expression"", ""reduced cholesterol synthesis"", ""cytoskeleton disorganization"", ""airway epithelial dysfunction""]",[],"[{""subject"": ""air pollution"", ""relation"": ""causes"", ""object"": ""8-oxoG formation in RNA""}, {""subject"": ""air pollution"", ""relation"": ""causes"", ""object"": ""oxidative modification of FDFT1 transcript""}, {""subject"": ""oxidative modification of FDFT1"", ""relation"": ""causes"", ""object"": ""decreased FDFT1 expression""}, {""subject"": ""decreased FDFT1 expression"", ""relation"": ""causes"", ""object"": ""reduced cholesterol synthesis""}, {""subject"": ""FDFT1 knockdown"", ""relation"": ""causes"", ""object"": ""altered cell size""}, {""subject"": ""FDFT1 knockdown"", ""relation"": ""causes"", ""object"": ""cytoskeleton disorganization""}, {""subject"": ""air pollution"", ""relation"": ""causes"", ""object"": ""pulmonary stress phenotypes""}]","[""Impact of environmentally-induced chemical changes in RNA fairly unexplored""]","Air pollution induces RNA oxidation in FDFT1 transcript, reducing cholesterol synthesis and promoting bronchial epithelial dysfunction.",high,success
W1991199993,False,[],[],[],experimental,[],not_specified,none,[],[],[],[],Inoculation with mixed rhizobacteria increased arsenic phytoextraction efficiency from 13% to 35% and plant biomass by 45%.,high,success
W2134008411,False,[],[],[],other,[],not_specified,none,[],"[""perceived susceptibility to threats"", ""information availability"", ""health framing of discourse""]",[],[],Mitigation motivation depends on perceived threat severity; adaptation depends on information availability.,low,success
W2980912395,False,"[""wildfire_smoke""]",[],[],other,"[""Chile""]",local,none,[],[],[],"[""initial response to fire of Araucaria-Nothofagus forests not well documented""]","Fire severity significantly impacts plant community recovery in old-growth Araucaria-Nothofagus forests, with cattle grazing hindering native species restoration.",high,success
W3188643270,False,[],[],"[""general""]",cross_sectional,"[""United States""]",national,none,[],[],[],[],COVID-19-related stressors are associated with higher prevalence of anxiety disorders in the USA.,medium,success
W4225261408,True,"[""PM2.5""]","[""respiratory"", ""cardiovascular"", ""mortality""]","[""outdoor_workers"", ""low_income""]",cross_sectional,"[""United States""]",local,explicit,"[""airway inflammation"", ""oxidative stress""]","[""low socioeconomic status"", ""occupational exposure"", ""limited workplace safety controls"", ""poor indoor air quality""]","[{""subject"": ""PM2.5"", ""relation"": ""causes"", ""object"": ""respiratory health effects""}, {""subject"": ""PM2.5"", ""relation"": ""causes"", ""object"": ""cardiovascular health effects""}, {""subject"": ""welding activity"", ""relation"": ""causes"", ""object"": ""PM2.5 concentrations""}, {""subject"": ""PM2.5"", ""relation"": ""increases_risk_of"", ""object"": ""hospital admissions""}, {""subject"": ""PM2.5"", ""relation"": ""increases_risk_of"", ""object"": ""mortality""}]","[""need for future air monitoring studies in industrial facilities"", ""lack of basic indoor air pollution control measures""]","Indoor PM2.5 concentrations in the industrial facility were nearly seven times higher than outdoor levels, with welding activities producing the greatest exposures.",high,success
W2049655349,False,[],[],[],experimental,"[""Norway""]",local,none,[],[],[],[],"Smoke and ash promote seed germination in ericads and graminoids from northern heathlands, with stronger responses in long-unburned seed banks.",high,success
W3204046864,True,"[""PM2.5"", ""other""]","[""neurological""]","[""general""]",other,[],not_specified,none,[],[],"[{""subject"": ""air pollution"", ""relation"": ""increases_risk_of"", ""object"": ""sudden sensorineural hearing loss""}]","[""experimental studies needed to validate findings"", ""clinical studies needed to validate findings""]",Long-term air pollution exposure increases risk of sudden sensorineural hearing loss.,low,success
W1831482267,False,"[""fire_weather""]",[],[],modelling,"[""Australia""]",regional,none,[],[],[],[],Increased late-dry season fire frequency predicted to decrease distributions of 98% of tropical savanna bird species.,high,success
W3115749987,True,"[""PM2.5""]","[""mortality""]","[""general""]",time_series,"[""Australia""]",national,none,[],[],"[{""subject"": ""anthropogenic PM2.5"", ""relation"": ""increases_risk_of"", ""object"": ""premature mortality""}, {""subject"": ""anthropogenic PM2.5"", ""relation"": ""causes"", ""object"": ""reduction in life expectancy""}]",[],"Anthropogenic PM2.5 causes 2616 annual deaths in Australia, reducing life expectancy and costing $6.2 billion yearly.",high,success
W4206215795,True,"[""PM2.5"", ""other""]","[""respiratory""]","[""general""]",systematic_review,[],not_specified,none,"[""airway exacerbation""]",[],"[{""subject"": ""environmental pollution"", ""relation"": ""exacerbates"", ""object"": ""chronic airway diseases""}, {""subject"": ""environmental pollution"", ""relation"": ""exacerbates"", ""object"": ""asthma""}, {""subject"": ""environmental pollution"", ""relation"": ""exacerbates"", ""object"": ""chronic obstructive pulmonary disease""}]","[""improving digital health technologies' abilities to reduce adverse effects""]",Digital technologies can track environmental pollution and predict exacerbations of chronic airway diseases like asthma and COPD.,medium,success
W4307235775,True,"[""wildfire_smoke"", ""heat_stress"", ""displacement"", ""fire_weather""]","[""mortality"", ""respiratory"", ""cardiovascular"", ""mental_health"", ""other""]","[""general"", ""elderly"", ""low_income"", ""rural"", ""other""]",systematic_review,"[""Australia""]",national,explicit,"[""heat stress"", ""smoke inhalation effects""]","[""climate change adaptation capacity"", ""health emergency management resources"", ""national policy gaps"", ""healthcare access inequality""]","[{""subject"": ""wildfire event"", ""relation"": ""causes"", ""object"": ""displacement of populations""}, {""subject"": ""wildfire event"", ""relation"": ""causes"", ""object"": ""mortality and morbidity""}, {""subject"": ""heat_stress"", ""relation"": ""increases_risk_of"", ""object"": ""mortality""}, {""subject"": ""wildfire event"", ""relation"": ""exacerbates"", ""object"": ""health system strain""}]","[""National climate change health adaptation plan absent"", ""Health emergency management capacity decline underdocumented"", ""Long-term health impacts of successive disasters unclear""]","Australia's 2019-2022 heatwaves, bushfires, and floods caused deaths and displacement; inadequate national health adaptation planning worsens preparedness.",high,success
W4380422192,True,"[""PM2.5"", ""other""]","[""respiratory"", ""cardiovascular"", ""mortality"", ""other""]","[""general""]",modelling,"[""global""]",global,none,"[""oxidative stress from UV radiation"", ""airway inflammation from ozone"", ""particulate matter deposition""]",[],"[{""subject"": ""stratospheric ozone recovery"", ""relation"": ""increases_risk_of"", ""object"": ""tropospheric ozone in rural areas""}, {""subject"": ""tropospheric ozone"", ""relation"": ""causes"", ""object"": ""premature mortality""}, {""subject"": ""UV radiation"", ""relation"": ""causes"", ""object"": ""tropospheric ozone production""}, {""subject"": ""UV radiation"", ""relation"": ""causes"", ""object"": ""PM2.5 formation""}, {""subject"": ""PM2.5"", ""relation"": ""causes"", ""object"": ""premature mortality""}]","[""fate of decomposition products of hydrofluoroolefins requires investigation"", ""accumulation of trifluoroacetic acid in water bodies needs clarification""]",Stratospheric ozone recovery will slightly improve urban ozone but worsen rural air quality and increase tropospheric ozone transport.,medium,success
W2768593131,False,[],[],[],other,[],global,none,[],[],[],"[""No framework integrates human-nature interactions within, adjacent, and distant systems simultaneously""]","Metacoupling framework integrates intracoupling, pericoupling, and telecoupling to understand human-nature interactions across scales.",medium,success
W4386496142,False,"[""heat_stress""]",[],[],other,[],not_specified,none,[],[],[],[],Thermal resilience of buildings is critical for protecting occupants during extreme weather events and power outages.,low,success
W4295073884,False,"[""fire_weather""]",[],[],modelling,[],global,none,[],[],[],[],Global ecological value could be reduced by 50% due to fire perturbation of poorly adapted ecosystems.,medium,success
W2132181746,True,"[""other""]","[""other""]",[],systematic_review,[],not_specified,none,"[""epigenetic modifications"", ""gene expression changes"", ""DNA methylation"", ""histone modifications""]",[],[],"[""Clarify relationship between epigenetic mechanisms and cancer"", ""Study epigenetic interactions with dietary factors"", ""Improve tissue heterogeneity analysis in epidemiologic studies"", ""Reduce costs of epigenetic assays for epidemiology""]",Epigenetic changes represent reversible targets for cancer prevention through diet and environmental toxicant interactions.,medium,success
W4200005285,True,"[""PM2.5""]","[""respiratory"", ""other""]","[""general"", ""outdoor_workers""]",cohort,"[""China""]",national,implicit,"[""physical functioning impairment"", ""cognitive functioning damage""]","[""education level"", ""occupation type"", ""indoor vs outdoor work""]","[{""subject"": ""PM2.5"", ""relation"": ""causes"", ""object"": ""decreased labor supply""}, {""subject"": ""PM2.5"", ""relation"": ""causes"", ""object"": ""decreased cognitive functioning""}, {""subject"": ""PM2.5"", ""relation"": ""causes"", ""object"": ""decreased working hours""}, {""subject"": ""PM2.5"", ""relation"": ""causes"", ""object"": ""decreased unit wages""}, {""subject"": ""PM2.5"", ""relation"": ""increases_risk_of"", ""object"": ""disease prevalence""}, {""subject"": ""PM2.5"", ""relation"": ""causes"", ""object"": ""reduced physical activity""}]","[""mechanisms linking health impacts to productivity losses unclear""]","PM2.5 exposure reduces labor productivity through decreased labor supply and marginal productivity, with heterogeneous effects by education and occupation.",high,success
W4393858242,False,[],[],"[""other""]",qualitative,[],global,explicit,[],"[""disability status"", ""meaningful participation in decision-making"", ""knowledge diversity inclusion"", ""healthcare access disparities"", ""social exclusion""]",[],"[""absence of climate policy at disability-climate intersection"", ""lack of disability-inclusive climate research"", ""limited understanding of differential climate risks""]",People with disabilities are disproportionately at risk from climate crisis; disability-inclusive climate action and human rights approaches are urgently needed.,medium,success
W4391313201,False,[],[],[],other,"[""Canada""]",global,none,[],[],[],"[""Need for holistic equitable fire research approaches"", ""Integration of diverse knowledge systems in fire management"", ""Long-term solutions prioritized over urgent responses""]","Four transdisciplinary principles—embrace complexity, promote diverse knowing, foster learning, practice problem-centered research—can guide transformative fire research.",medium,success
W2510955202,False,[],[],"[""low_income"", ""general""]",cross_sectional,"[""United States""]",local,implicit,[],"[""social cohesion"", ""informal social control"", ""social exchange"", ""socioeconomic status"", ""neighborhood SES""]",[],[],"Social resources including cohesion, informal control, and social exchange are associated with perceptions of disaster preparedness and recovery resilience.",medium,success
W4311521817,False,[],[],[],other,"[""United States""]",local,none,[],[],[],"[""Long-term monitoring of post-fire recovery dynamics needed"", ""Understanding of spatiotemporal variability in post-fire recovery""]","Post-fire tree establishment abundant but constrained to cool, wet climate periods; management adaptation needed.",high,success
W2157292034,False,[],[],"[""general"", ""low_income"", ""elderly"", ""racial_minorities"", ""other""]",systematic_review,[],global,explicit,[],"[""low socioeconomic status"", ""age-related vulnerability"", ""minority status"", ""limited healthcare access"", ""governance capacity""]",[],"[""socio-demographic factors only partially explain disparities"", ""need for actionable vulnerability indicators""]",Psychological and governance factors refine vulnerability assessments beyond socio-demographic indicators for natural hazards.,medium,success
W2769189947,False,[],[],[],qualitative,[],not_specified,none,[],[],[],[],Bureaucratic institutions remain important in landscape-scale adaptation to mountain pine beetle epidemics despite networked governance models.,low,success
W2885878396,False,"[""wildfire_smoke"", ""fire_weather""]",[],[],modelling,"[""Brazil""]",regional,none,[],[],"[{""subject"": ""wildfire event"", ""relation"": ""increases_risk_of"", ""object"": ""Amazon forest conversion to carbon source""}, {""subject"": ""wildfire event"", ""relation"": ""is_associated_with"", ""object"": ""mega-fires in ADE forests""}, {""subject"": ""wildfire event"", ""relation"": ""is_associated_with"", ""object"": ""increased fire severity in ADE forests""}]","[""Little known about history of human land use in Amazon"", ""Legacy effects of pre-Columbian fire management on modern forest flammability""]","Pre-Columbian fire management and selective forest enrichment altered ADE forest structure, increasing modern drought susceptibility and fire-proneness despite fire suppression policies.",high,success
W3130982013,True,"[""wildfire_smoke"", ""displacement""]","[""other""]","[""general""]",modelling,[],not_specified,implicit,[],"[""healthcare system capacity"", ""resource allocation"", ""access to medical care""]","[{""subject"": ""wildfire event"", ""relation"": ""increases_risk_of"", ""object"": ""loss of healthcare access""}, {""subject"": ""wildfire event"", ""relation"": ""exacerbates"", ""object"": ""pandemic strain on healthcare""}]","[""frameworks for quantifying collective effect nonexistent"", ""analytical methods for dynamic spatiotemporal capacity lacking""]",Wildfire-pandemic compound events substantially reduce healthcare access; mitigation and resource optimization improve outcomes.,medium,success
W3032034527,True,"[""PM2.5"", ""other""]","[""respiratory"", ""neurological"", ""other""]",[],experimental,[],not_specified,none,"[""mitochondrial dysfunction"", ""NPTX1 pathway activation"", ""inflammatory response"", ""apoptosis initiation"", ""oxidative stress""]",[],"[{""subject"": ""PM2.5"", ""relation"": ""causes"", ""object"": ""mitochondrial dysfunction""}, {""subject"": ""PM2.5"", ""relation"": ""causes"", ""object"": ""inflammatory response""}, {""subject"": ""PM2.5"", ""relation"": ""causes"", ""object"": ""apoptosis""}, {""subject"": ""mitochondrial dysfunction"", ""relation"": ""is_associated_with"", ""object"": ""NPTX1 pathway involvement""}]",[],"Urban PM exposure perturbs mitochondrial function in olfactory cells via NPTX1, triggering inflammation and apoptosis.",high,success
W3093119067,True,"[""PM2.5"", ""other""]","[""cardiovascular""]","[""children""]",cross_sectional,[],not_specified,implicit,"[""oxidative stress"", ""acute inflammation"", ""altered hemostasis"", ""endothelial dysfunction"", ""monocyte enrichment""]",[],"[{""subject"": ""ambient air pollution"", ""relation"": ""causes"", ""object"": ""oxidative stress""}, {""subject"": ""ambient air pollution"", ""relation"": ""causes"", ""object"": ""acute inflammation""}, {""subject"": ""ambient air pollution"", ""relation"": ""causes"", ""object"": ""endothelial dysfunction""}, {""subject"": ""oxidative stress"", ""relation"": ""is_associated_with"", ""object"": ""diastolic blood pressure increase""}, {""subject"": ""acute inflammation"", ""relation"": ""is_associated_with"", ""object"": ""diastolic blood pressure increase""}, {""subject"": ""endothelial dysfunction"", ""relation"": ""is_associated_with"", ""object"": ""diastolic blood pressure increase""}]",[],"Ambient air pollution exposure is associated with oxidative stress, inflammation, and diastolic blood pressure elevation in adolescents.",medium,success
W3127446657,False,[],[],[],other,[],global,none,[],[],[],"[""How global environmental change affects demographic processes"", ""Climate feedback effects on population projections"", ""Differential impacts on population subgroups""]","Demographic research must move beyond population size to examine how climate change affects fertility, mortality, and migration dynamics.",medium,success
W3004802603,False,[],[],[],other,"[""Switzerland""]",local,none,[],[],[],[],Digital twin technology enables urban planning through 3D spatial data visualization and climate scenario simulation.,low,success
W4389870109,False,"[""direct_fire""]",[],[],modelling,[],not_specified,none,[],[],"[{""subject"": ""wildfire event"", ""relation"": ""causes"", ""object"": ""thermal radiation exposure""}, {""subject"": ""wildfire event"", ""relation"": ""increases_risk_of"", ""object"": ""Natech scenarios""}, {""subject"": ""Natech scenarios"", ""relation"": ""causes"", ""object"": ""domino effects""}, {""subject"": ""interface fires"", ""relation"": ""causes"", ""object"": ""cascading failures""}]","[""Dynamic behavior of wildfire affecting vulnerability assessment"", ""Emergency response delays on domino effect probability""]",Quantitative methodology for assessing industrial site vulnerability to wildfires accounts for dynamic fire behavior and cascading Natech scenarios.,medium,success
W4324283218,False,[],[],[],qualitative,"[""Spain"", ""Portugal""]",regional,none,[],"[""rural abandonment"", ""landscape management policies"", ""stakeholder engagement"", ""transboundary coordination""]",[],"[""co-design implementation strategies"", ""long-term effectiveness monitoring"", ""transboundary coordination mechanisms""]",Stakeholders support fire prevention and nature-based fuel management strategies except chemical treatments in Iberian biosphere reserves.,high,success
W3006221284,False,[],[],[],modelling,"[""global""]",global,none,[],[],[],"[""Limited technical abatement potential for agricultural emissions"", ""Institutional and behavioural options underexplored""]","Global methane emissions can be reduced 54% by 2050 through technical solutions, but agricultural emissions remain challenging.",medium,success
W4368340911,False,[],[],[],other,[],not_specified,none,[],[],[],"[""Blood eosinophil counts in guiding treatment decisions"", ""Treatment protocols following hospitalizations""]",GOLD 2023 updates expand COPD diagnosis criteria and recommend triple therapy to reduce mortality and exacerbations.,medium,success
W4401072526,False,[],[],[],modelling,[],not_specified,none,[],[],[],[],Abstract incomplete; appears to discuss Mars hydrology rather than California climate or health.,low,success
W3097456873,False,[],[],[],other,[],not_specified,none,[],[],[],[],Tropical tree-sourced foods offer sustainable nutrition and ecosystem services but remain poorly integrated into global food systems.,low,success
W3194507039,False,[],[],[],qualitative,[],not_specified,none,[],[],[],[],Participatory planning can guide local sustainability initiatives using the Sustainable Development Goals framework.,low,success
W4382684012,False,[],[],[],modelling,"[""United States""]",regional,none,[],[],[],[],REBURN model simulates reburn dynamics and shows fire exclusion altered landscape fire regimes and fuel patterns.,medium,success
W2995556928,False,[],[],[],modelling,"[""Canada"", ""United States""]",regional,none,[],[],[],"[""Definitive links between climate and caribou populations remain elusive"", ""Unknown whether caribou respond to immediate phenological cues or anticipate conditions"", ""Unknown role of lagged effects related to physical condition""]","Large-scale ocean-driven climate indices drive spring migration departure timing, while previous summer weather conditions determine arrival timing independently.",high,success
W2293141016,False,[],[],[],systematic_review,[],global,none,[],[],[],"[""Uncertainty in forecasting intensified hydrological regime impacts"", ""Limited prediction of cryospheric change on ecosystem function"", ""Improved understanding of interecosystem interactions needed"", ""Enhanced predictive models required for circumpolar responses""]","Climate-driven hydrological changes in Arctic ecosystems require improved coordinated research to predict impacts on productivity, biogeochemistry, phenology, and species interactions.",medium,success
W2739009555,False,[],[],[],qualitative,[],not_specified,explicit,[],"[""gender inequality"", ""racial discrimination"", ""class stratification"", ""ethnic inequality"", ""inequitable risk distribution""]",[],[],"Anthropological disaster analysis reveals how historical human practices inequitably distribute catastrophe risk by gender, race, class, and ethnicity.",low,success
W2006071252,False,"[""fire_weather""]",[],[],systematic_review,"[""Norway"", ""Arctic"", ""Sub-Arctic""]",regional,none,[],[],[],"[""Long-term effects of lichen overgrazing on competition dynamics"", ""Specific mechanisms linking snow conditions to calf mortality"", ""Regional variation in climate change impacts on winter forage""]",Climate warming may reduce reindeer winter forage accessibility through lichen distribution shifts and increased deep snow frequency despite higher plant productivity.,high,success
W4396888513,True,[],"[""respiratory""]","[""children""]",systematic_review,[],global,none,"[""airway inflammation"", ""immune dysfunction""]",[],[],[],"Asthma development in children involves complex interplay of genetic, environmental, and early-life determinants requiring targeted interventions.",medium,success
W4318332867,True,"[""other""]","[""other""]","[""general"", ""low_income""]",qualitative,"[""Brazil""]",national,implicit,[],"[""urbanization"", ""limited access to sanitation"", ""limited access to sewage"", ""socioeconomic status"", ""geopolitical factors""]","[{""subject"": ""climate change"", ""relation"": ""increases_risk_of"", ""object"": ""public health impacts""}, {""subject"": ""precipitation intensity and frequency changes"", ""relation"": ""is_associated_with"", ""object"": ""public health impacts""}]",[],Climate change impacts Brazilian public health through multiple pathways influenced by socioeconomic and geopolitical factors including urbanization and sanitation access.,low,success
W2189296151,False,"[""direct_fire""]",[],[],experimental,"[""United States""]",local,none,[],[],[],[],"Blackjack oak allocates significantly more bark at the base than other hardwood species, enhancing survival in fire-prone ecosystems.",high,success
W1541561590,False,[],[],[],other,[],not_specified,none,[],[],[],[],Wildfire clearing of terrain may have prevented genetic extinction in narrow endemic S. brachyodon by restoring suitable habitats.,low,success
W4319841800,False,"[""heat_stress""]",[],[],systematic_review,[],global,none,[],"[""risk_perception"", ""behavioral_adaptation"", ""communication_effectiveness""]",[],"[""Testing and evaluation of heat risk communication"", ""Integration of antecedents into interventions""]",Communication approaches targeting behavioral antecedents can improve adaptive responses to increasing heat risks from climate change.,medium,success
W3193845121,False,[],[],[],systematic_review,[],global,none,[],[],[],[],"Land restoration investments generate climate mitigation, adaptation, and ecosystem service co-benefits.",low,success
W2143112956,False,[],[],"[""racial_minorities"", ""low_income""]",cross_sectional,"[""United States""]",national,explicit,[],"[""racial disparities"", ""income-related disparities""]",[],[],Environmental biomonitoring data reveals novel race/ethnicity and income-related disparities in dichlorophenol and metal exposures.,low,success
W3194146037,False,[],[],[],systematic_review,[],not_specified,none,[],[],[],[],Green IoT technologies can reduce energy consumption and pollution in smart cities while improving sustainability and public safety.,low,success
W3011875420,True,"[""wildfire_smoke"", ""PM2.5""]","[""other""]","[""general""]",cohort,"[""Brazil""]",local,none,"[""autoimmune activation"", ""systemic inflammation""]",[],"[{""subject"": ""wildfire smoke"", ""relation"": ""increases_risk_of"", ""object"": ""SLE disease activity""}, {""subject"": ""wildfire event"", ""relation"": ""is_associated_with"", ""object"": ""elevated CO levels""}]","[""mechanism linking air pollution to SLE activity""]",Wildfire activity and CO levels are associated with increased SLE disease activity in Brazilian patients.,medium,success
W3022602045,False,[],[],[],other,[],global,none,[],[],[],"[""inequitable capacity for genomic research across countries"", ""limited access to sequence data globally"", ""need for affordable technology access""]","Ocean genome research capacity and data access are inequitably distributed globally, requiring urgent capacity building and inclusive innovation.",medium,success
W2732390809,False,[],[],[],cross_sectional,"[""Greece""]",regional,implicit,[],"[""risk perception"", ""adaptation capacity"", ""willingness to adapt"", ""socioeconomic context""]",[],"[""integration of public perception in flood risk management""]","Risk perception disconnects between authorities and public, affecting flood management plan effectiveness.",medium,success
W4313488840,False,"[""PM2.5"", ""other""]",[],[],cohort,"[""United States""]",local,none,[],[],[],[],Air pollution and meteorology were associated with COVID-19 death risk in Southern California.,low,success
W3011400606,True,"[""heat_stress""]","[""mortality"", ""other""]","[""elderly"", ""general""]",qualitative,[],not_specified,explicit,[],"[""social isolation"", ""limited social connection"", ""older adult vulnerability"", ""access barriers to interventions""]","[{""subject"": ""extreme heat events"", ""relation"": ""increases_risk_of"", ""object"": ""mortality and morbidity""}, {""subject"": ""extreme heat events"", ""relation"": ""exacerbates"", ""object"": ""social isolation in older adults""}, {""subject"": ""social isolation"", ""relation"": ""increases_risk_of"", ""object"": ""adverse health outcomes in older adults""}]","[""Limitations and barriers to social connection interventions"", ""Applicability of social connection strategies for isolated older adults""]",Social connection interventions may reduce extreme heat health risks in socially isolated older adults.,low,success
W2971686232,False,"[""direct_fire""]",[],[],other,"[""Australia""]",local,none,[],[],"[{""subject"": ""wildfire event"", ""relation"": ""causes"", ""object"": ""habitat change""}, {""subject"": ""habitat change"", ""relation"": ""is_associated_with"", ""object"": ""bird species occurrence changes""}, {""subject"": ""time since fire"", ""relation"": ""is_associated_with"", ""object"": ""post-fire successional habitat changes""}]","[""How animal populations recover post-fire"", ""Functional changes fires cause in ecosystems""]",Bird communities respond to post-fire habitat succession rather than fire timing; long-unburned woodland species are most vulnerable.,high,success
W4206127973,False,[],[],[],cohort,"[""China""]",local,none,[],[],[],[],Delta variant COVID-19 patients showed reduced symptom frequency and shorter disease onset to hospitalization interval compared to wild-type strain.,medium,success
W2025426038,False,"[""fire_weather""]",[],[],other,"[""global""]",global,none,[],[],[],"[""fire management priorities in climate change era"", ""ecological systems dependent on fire for survival"", ""government command-and-control fire management effectiveness""]",Fire and climate interactions drive ecosystem shifts; integrated fire management considering human well-being is essential globally.,low,success
W3097588392,False,"[""fire_weather""]",[],[],modelling,"[""United States""]",national,implicit,[],[],[],[],"Florida, California, Gulf Coast, and North Atlantic face highest multi-hazard climate risk by 2040–2049.",medium,success
W3039344287,False,[],[],[],other,[],not_specified,none,[],[],[],[],A new taxonomy for human-robot interaction enables structured comparison of HRI scenarios and research.,low,success
W2789743293,False,[],[],[],modelling,"[""Europe""]",regional,explicit,[],"[""socioeconomic development patterns"", ""demographic characteristics"", ""urbanization trends"", ""infrastructure quality"", ""health status"", ""living arrangements""]",[],"[""Paucity of socioeconomic projections under SSPs"", ""Lack of future vulnerability assessments in health impacts"", ""Need for sub-national scale projections"", ""Limited sectoral and regional SSP extensions""]",Novel methods for projecting socioeconomic vulnerability drivers under SSPs can enhance future climate-health impact assessments.,medium,success
W4220839231,False,"[""PM2.5"", ""other""]",[],[],time_series,"[""Kenya""]",local,none,[],[],[],"[""Pollutant sources are poorly constrained in Sub-Saharan Africa""]","Black carbon from traffic is a major air pollutant contributor in Nairobi, with particle concentrations exceeding WHO safe limits year-round.",high,success
W2046700854,False,[],[],[],qualitative,[],not_specified,none,[],[],[],[],Bureaucratic structures impose categorical simplifications that create asymmetric imaginative burdens on powerless populations.,low,success
W2966475814,False,"[""wildfire_smoke"", ""fire_weather"", ""heat_stress"", ""other""]",[],[],other,"[""United States""]",global,implicit,[],"[""exposure and vulnerability interactions"", ""social system conditions"", ""biophysical driver interactions""]","[{""subject"": ""wildfire event"", ""relation"": ""is_associated_with"", ""object"": ""extreme biophysical drivers""}, {""subject"": ""wildfire event"", ""relation"": ""is_associated_with"", ""object"": ""extreme social outcomes""}, {""subject"": ""wildfire event"", ""relation"": ""exacerbates"", ""object"": ""community exposure and vulnerability""}]","[""nature and strength of extreme event interactions unknown"", ""novel extremes from biophysical-social interactions understudied"", ""where, when, why communities face high exposure-vulnerability""]",Extreme events emerge from interactions between biophysical and social systems; integrated framework needed for understanding consequences.,medium,success
W3092545670,False,[],[],[],other,[],not_specified,none,[],[],[],[],"IoT system architecture requires integration of energy efficiency, security, interoperability, and edge computing paradigms.",low,success
W2130311519,True,"[""direct_fire""]","[""mental_health"", ""burns_injury""]","[""children""]",cross_sectional,[],not_specified,explicit,[],[],"[{""subject"": ""direct_fire exposure"", ""relation"": ""increases_risk_of"", ""object"": ""posttraumatic stress disorder""}, {""subject"": ""posttraumatic stress disorder"", ""relation"": ""exacerbates"", ""object"": ""health-related quality of life impairment""}]",[],Pediatric burn survivors show high PTSD prevalence with reduced health-related quality of life.,low,success
W2978684981,False,[],[],"[""indigenous""]",systematic_review,"[""United States""]",global,explicit,[],"[""traditional food systems"", ""ecosystem restoration"", ""cultural knowledge revival"", ""dietary diversity access""]",[],[],Traditional plant-based foods offer bioactive compounds to address noncommunicable disease epidemics in indigenous communities.,medium,success
W4206148239,False,[],[],[],time_series,"[""Sub-Saharan Africa""]",regional,none,[],[],[],[],Rainfall positively affects food security dimensions; temperature harms availability and accessibility; CO2 emission shows mixed effects.,medium,success
W1972169875,False,"[""PM2.5""]",[],[],experimental,"[""United States""]",local,none,[],[],[],[],"An automated system successfully measures particle-bound ROS in ambient PM2.5, with higher concentrations after foggy conditions.",medium,success
W3004416215,False,[],[],[],modelling,"[""Belgium""]",national,none,[],[],[],"[""wildfire risk not previously studied in Belgian context""]",Most Belgian wildfires occur in heathlands with military exercises; human-caused ignitions dominate over natural causes.,high,success
W3199707756,False,[],[],[],other,[],not_specified,none,[],[],[],"[""Lack of perfect indicators for green credit measurement"", ""Underdeveloped green credit measurement methodology""]",Green credit measurement using reverse indicators may overestimate environmental and economic impacts.,low,success
W2945687074,False,[],[],[],qualitative,"[""United States""]",regional,none,[],"[""social diversity"", ""local social context"", ""community archetypes""]",[],"[""few coordinated research efforts on FAC utility across disparate communities""]",Local social context significantly influences community support for different wildfire adaptation approaches across Western U.S. locations.,high,success
W4210902902,True,"[""fire_weather""]","[""mortality"", ""respiratory"", ""cardiovascular""]","[""general"", ""children"", ""elderly""]",time_series,"[""Brazil""]",regional,explicit,[],"[""vulnerability to drought"", ""urban population density""]","[{""subject"": ""wildfire event"", ""relation"": ""is_associated_with"", ""object"": ""drought conditions""}, {""subject"": ""drought"", ""relation"": ""increases_risk_of"", ""object"": ""non-external mortality""}, {""subject"": ""drought"", ""relation"": ""increases_risk_of"", ""object"": ""circulatory mortality""}, {""subject"": ""drought"", ""relation"": ""increases_risk_of"", ""object"": ""respiratory mortality""}]","[""Biological mechanisms underlying drought-mortality associations unclear"", ""High heterogeneity between locations requires further investigation""]","Drought exposure increases non-external, circulatory, and respiratory mortality, with females, children, and elderly most affected.",high,success
W4384558963,False,[],[],[],time_series,"[""Ghana""]",regional,none,[],[],[],"[""Little understanding of fire trends due to lack of data"", ""Poor accessibility to existing fire statistics""]","Burned areas and active fires increased in Ghana's Guinea-savanna and Forest-savanna zones from 2001–2021, with Forest-savanna particularly vulnerable.",high,success
W3103692244,False,[],[],[],qualitative,[],not_specified,none,[],[],[],[],Late industrialism conceptualised through breath and atmosphere as sites for reimagining systems toward life-affirming alternatives.,low,success
W4389263883,False,"[""wildfire_smoke""]",[],[],modelling,"[""Portugal"", ""Spain""]",regional,none,[],[],[],[],Strategic prescribed burning integrated with fire-smart land-use policies reduces future wildfires by up to 36%.,medium,success
W2901769721,False,[],[],[],modelling,"[""Canada""]",regional,none,[],[],[],"[""Long-term boreal-wide freshwater monitoring needed"", ""Understanding atmospheric change impacts on water resources""]",Atmospheric change drives ecosystem and productivity changes across Canadian boreal zone; proactive management can reduce undesirable consequences.,medium,success
W2895840970,False,[],[],[],qualitative,"[""United States""]",local,none,[],[],[],[],Climate change beliefs influence forest management decisions and individual adaptive capacity in eastern Oregon.,low,success
W3042727733,False,[],[],"[""indigenous""]",other,[],not_specified,none,[],[],[],[],Indigenous peoples are critical to nature-based climate solutions.,low,success
W4391131447,False,"[""wildfire_smoke"", ""direct_fire"", ""fire_weather""]",[],"[""indigenous"", ""rural"", ""other""]",qualitative,[],not_specified,explicit,[],"[""remoteness"", ""indigenous status"", ""subsistence-based livelihoods"", ""colonial practices"", ""limited adaptive capacity""]","[{""subject"": ""wildfire event"", ""relation"": ""is_associated_with"", ""object"": ""climate warming""}, {""subject"": ""wildfire event"", ""relation"": ""is_associated_with"", ""object"": ""community vulnerability""}, {""subject"": ""remoteness"", ""relation"": ""increases_risk_of"", ""object"": ""community wildfire risk""}, {""subject"": ""indigenous status"", ""relation"": ""increases_risk_of"", ""object"": ""community wildfire risk""}, {""subject"": ""subsistence-based activities"", ""relation"": ""increases_risk_of"", ""object"": ""community wildfire risk""}]","[""Limited conceptual attention to high-latitude community wildfire risk"", ""Missing integrated framework for human–fire–climate relationship"", ""Insufficient understanding of spatial–temporal fire–human–climate interactions""]","High-latitude communities face elevated wildfire risk due to remoteness, indigeneity, subsistence practices, colonialism, and climate warming.",medium,success
W4315781055,False,[],[],[],other,"[""Canada""]",national,none,[],[],[],"[""Deeper understanding of human-animal-environment interface needed"", ""Intersecting factors in zoonotic disease emergence unclear""]","One Health framework needed to address emerging zoonoses through integrated strategy, governance, equity, education and research.",low,success
W4384944384,False,[],[],[],modelling,"[""global""]",global,none,[],[],[],"[""Limited capacity to allocate specific fire regimes worldwide""]",Fifteen global pyromes identified with distinct fire metrics; 62 regimes classified by spatial patterns and driving factors.,medium,success
W2950534216,False,[],[],[],cross_sectional,[],not_specified,none,[],[],[],"[""Understanding of natural lifestyle and dietary habits"", ""Knowledge of enteric adaptations and unique microflora""]",Captivity causes gut dysbiosis gradient in red-shanked doucs associated with dietary and microbial changes.,medium,success
W4404840177,True,"[""PM2.5""]","[""reproductive"", ""other""]","[""pregnant"", ""general""]",cross_sectional,[],not_specified,explicit,"[""epigenetic modification"", ""histone posttranslational modification"", ""cytokine dysregulation"", ""inflammasome pathway activation"", ""immune system pathology"", ""airway inflammation""]",[],"[{""subject"": ""PM2.5"", ""relation"": ""causes"", ""object"": ""histone posttranslational modifications""}, {""subject"": ""PM2.5"", ""relation"": ""causes"", ""object"": ""altered cytokine levels""}, {""subject"": ""PM2.5"", ""relation"": ""increases_risk_of"", ""object"": ""pregnancy complications""}, {""subject"": ""PM2.5"", ""relation"": ""is_associated_with"", ""object"": ""epigenetic modification""}, {""subject"": ""histone posttranslational modifications"", ""relation"": ""mediates"", ""object"": ""immune response dysregulation""}]",[],"PM2.5 exposure associates with altered cytokines and histone modifications in immune cells, potentially mediating pregnancy complications.",high,success
W3137717434,True,"[""direct_fire""]","[""burns_injury"", ""other""]","[""other""]",other,[],not_specified,none,"[""C-reactive protein elevation"", ""albumin reduction""]",[],"[{""subject"": ""severe burn injury"", ""relation"": ""increases_risk_of"", ""object"": ""sepsis""}, {""subject"": ""severe burn injury"", ""relation"": ""is_associated_with"", ""object"": ""C-reactive protein-to-albumin ratio elevation""}]",[],C-reactive protein-to-albumin ratio at admission independently predicts sepsis and prognosis in severe burn patients.,low,success
W3211490689,True,"[""fire_weather""]","[""mental_health""]","[""children"", ""indigenous"", ""other""]",qualitative,"[""Australia""]",regional,explicit,[],"[""loss of place and identity"", ""disconnection from land and culture"", ""lack of systemic mental health support"", ""poor climate communication"", ""colonisation and capitalism"", ""limited access to traditional knowledge""]","[{""subject"": ""wildfire event"", ""relation"": ""increases_risk_of"", ""object"": ""mental health distress in children""}, {""subject"": ""wildfire event"", ""relation"": ""increases_risk_of"", ""object"": ""anxiety and depression in young people""}, {""subject"": ""wildfire event"", ""relation"": ""increases_risk_of"", ""object"": ""loss of cultural identity in Indigenous youth""}, {""subject"": ""climate crisis"", ""relation"": ""increases_risk_of"", ""object"": ""eco-anxiety in children and young people""}]","[""evidence-based approaches for mental health support"", ""culturally appropriate responses for Indigenous youth"", ""mechanisms linking activism to resilience in young people""]","Climate change causes significant mental health impacts on children and young people, particularly First Nations youth; climate activism and cultural connection can enhance resilience.",medium,success
W4393851853,False,[],[],[],systematic_review,[],global,none,[],[],[],"[""Full triad of interactions rarely considered"", ""Mechanisms between certain pressure pairs better understood"", ""Mismatch in scales across disciplines"", ""Data availability limitations for integration"", ""Methods incompatibility across fields""]","Climate change, biodiversity loss, and infectious disease interact through complex non-linear pathways requiring integrated planetary health approaches.",medium,success
W2979619163,False,[],[],[],modelling,[],global,none,[],[],[],[],"Economic damages from extreme natural disasters show statistically significant increases over time, with disproportionate growth in tail damages.",medium,success
W2142230433,False,[],[],[],other,"[""United States""]",national,none,[],[],[],[],"APA president outlines strategic priorities for psychiatry including addressing mental health stigma, integrating science-based care, and advocating for patient equity.",low,success
W2012058338,False,[],[],[],systematic_review,"[""United States""]",regional,none,[],[],[],[],"Pest and pathogen disturbances reduce forest productivity and carbon storage differently by type, with wood borers causing longest recovery.",medium,success
W4395466885,True,"[""wildfire_smoke"", ""heat_stress"", ""direct_fire""]","[""other""]","[""rural""]",systematic_review,"[""Spain"", ""Italy"", ""Greece"", ""Portugal""]",regional,explicit,[],"[""rural depopulation"", ""limited economic resources"", ""weak community infrastructure"", ""abandonment of built environments"", ""cultural heritage loss"", ""limited access to services""]","[{""subject"": ""wildfire event"", ""relation"": ""exacerbates"", ""object"": ""vulnerability in rural communities""}, {""subject"": ""wildfire event"", ""relation"": ""is_associated_with"", ""object"": ""ecosystem disruption""}, {""subject"": ""global warming"", ""relation"": ""increases_risk_of"", ""object"": ""wildfires""}, {""subject"": ""rural depopulation"", ""relation"": ""increases_risk_of"", ""object"": ""wildfire hazards""}]","[""Limited research on vulnerability dynamics in rural Mediterranean areas"", ""Insufficient understanding of interactions among climate hazards"", ""Need for improved risk assessment in depopulating regions""]",Rural depopulation in Mediterranean Europe increases vulnerability to wildfires and climate hazards through resource depletion and infrastructure abandonment.,medium,success
W2791201610,False,[],[],[],qualitative,"[""Nepal""]",local,none,[],[],[],"[""documentation on role of EGS in livelihood adaptation""]","Household, community, and landscape-level adaptation strategies including livelihood diversification and ecosystem-based adaptation help rural mountain communities adapt to climate change.",medium,success
W3010273433,False,[],[],[],qualitative,"[""Japan""]",national,none,[],[],[],[],Society 5.0 integrates disaster and climate change policies using technology innovation for resilience and adaptation.,low,success
W3095308926,False,"[""wildfire_smoke"", ""direct_fire""]",[],[],other,"[""Greece""]",regional,none,[],"[""limited economic resources"", ""socioeconomic vulnerability""]",[],"[""Holistic approach to rank wildfires missing"", ""Complex social and biophysical dimensions underassessed""]",FIRE Index provides comprehensive framework for assessing ecological and socioeconomic effects of wildfires across seven categories and 56 criteria.,high,success
W2063861101,False,[],[],[],experimental,"[""Zimbabwe""]",local,none,[],[],[],[],"Frequent burning of mesic savannas promotes invasions by alien plant species, with highest invasion at annual burn intervals.",high,success
W2012356684,False,"[""wildfire_smoke""]",[],[],experimental,"[""Australia"", ""United States"", ""Canada"", ""South America"", ""Europe""]",global,none,[],[],[],"[""Limited information about smoke effects on grapevines""]",Short-term smoke exposure had minimal or temporary effects on grapevine leaf physiology; full recovery occurred within 48 hours.,high,success
W2298687035,False,[],[],[],cohort,"[""Canada""]",local,none,[],[],[],[],Lynx predation of calves and hunting mortality were the primary factors limiting Newfoundland caribou population growth 1957–1967.,high,success
W3176592997,False,[],[],[],systematic_review,[],not_specified,none,[],[],[],"[""relationships between soil microbial groups and biochar properties"", ""effects vary with biochar types, poorly understood mechanisms"", ""research methodology and subjects still controversial""]","Biochar affects soil microbial communities through porous structure, labile carbon, pH and electrochemical properties, with effects varying by biochar type.",medium,success
W4280515009,False,[],[],[],systematic_review,"[""United States""]",national,none,[],"[""low socioeconomic status"", ""limited access to energy efficient housing"", ""limited access to electric vehicles"", ""racial and ethnic disparities"", ""regressive energy pricing""]",[],[],"Clean energy transition impacts lower-income and BIPOC households disproportionately, but policy choices can mitigate these inequities.",medium,success
W4213129446,False,[],[],[],qualitative,[],global,explicit,[],"[""disability status"", ""exclusion from policy processes"", ""limited access to services"", ""marginalized populations"", ""human rights violations""]",[],"[""Disability largely excluded from climate negotiations"", ""Limited evidence on disability-inclusive adaptation""]",Disabled persons experience disproportionate climate threats due to exclusion from mitigation and adaptation policies; participatory justice approach needed.,medium,success
W3161356346,False,[],[],"[""low_income"", ""rural""]",systematic_review,"[""Indonesia""]",regional,implicit,[],"[""food security"", ""low income"", ""climate change resilience"", ""limited off-farm opportunities""]",[],"[""Few studies focus on financial analysis and food security"", ""Limited explicit assessment of agroforestry health benefits""]","Agroforestry systems in Indonesia contribute to smallholder food security through dietary diversity, income generation, and environmental stability.",high,success
W3211663335,False,"[""fire_weather""]",[],[],modelling,"[""Canada""]",regional,none,[],[],"[{""subject"": ""wildfire event"", ""relation"": ""is_associated_with"", ""object"": ""below-average annual precipitation""}, {""subject"": ""wildfire event"", ""relation"": ""is_associated_with"", ""object"": ""summer drought""}, {""subject"": ""climate change"", ""relation"": ""increases_risk_of"", ""object"": ""blocking high-pressure ridges""}, {""subject"": ""blocking high-pressure ridges"", ""relation"": ""exacerbates"", ""object"": ""wildfire event""}, {""subject"": ""wildfire event"", ""relation"": ""is_associated_with"", ""object"": ""longer fire-seasons""}]",[],Regional drought and below-average precipitation synchronized historical fires in Canadian dry forests; climate change increases susceptibility to synchronous fires.,high,success
W2055686953,False,[],[],[],other,"[""United States""]",regional,none,[],[],[],[],Citrus canker eradication in Florida represents the largest single regulatory agricultural disease control program in US history.,low,success
W2968697874,False,[],[],[],other,"[""Ecuador"", ""South America""]",regional,none,[],[],[],[],"Neotropical tree diversity shaped by intercontinental dispersal, trait filtering, and niche evolution over 100 million years.",medium,success
W4281567868,False,"[""wildfire_smoke""]",[],[],systematic_review,[],global,none,[],[],[],"[""understands why wildfires sometimes increase biodiversity despite destructive impacts"", ""understands importance of biotic factors in forest ecosystem functioning""]",Wildfires reduce biodiversity and forest functions; mosaic patterns from canopy gaps may increase some species but alternative management practices are more effective.,medium,success
W2898694677,False,[],[],"[""outdoor_workers""]",qualitative,"[""Canada""]",local,none,[],"[""gender discrimination"", ""workplace culture"", ""gendered cultural norms""]",[],[],Gender discrimination and gendered workplace culture significantly affect wildland firefighters' experiences and leadership effectiveness.,medium,success
W4390906074,False,"[""wildfire_smoke"", ""fire_weather"", ""heat_stress""]",[],[],other,"[""South Africa""]",regional,none,[],[],"[{""subject"": ""wildfire event"", ""relation"": ""exacerbates"", ""object"": ""tourism accessibility in coastal parks""}, {""subject"": ""wildfire event"", ""relation"": ""increases_risk_of"", ""object"": ""economic viability decline""}, {""subject"": ""fire_weather"", ""relation"": ""causes"", ""object"": ""increased fire intensity and spatial spread""}, {""subject"": ""temperature regime change"", ""relation"": ""exacerbates"", ""object"": ""biophysical environment stress""}]","[""Need to deepen understanding of fire trends and impacts"", ""Appropriate management regimes for coastal parks required""]",Fire intensity and temperature changes threaten coastal park ecosystems and tourism viability in South Africa.,high,success
W4291608079,False,"[""wildfire_smoke"", ""direct_fire""]",[],"[""rural"", ""low_income"", ""other""]",cross_sectional,"[""Australia""]",national,explicit,[],"[""socioeconomic status"", ""housing quality"", ""built environment design"", ""minority language speakers"", ""disability status"", ""population density"", ""distance from services""]",[],"[""lack of vulnerability measuring systems in Australia""]",Urban peri-urban areas show greater wildfire vulnerability inequality than rural areas; require prioritised adaptation.,medium,success
W2319039922,False,[],[],[],other,"[""Russia"", ""Finland"", ""Northern Europe"", ""Arctic""]",global,none,[],[],[],"[""Understanding feedbacks in land-atmosphere-ocean-society continuum"", ""Arctic-boreal system changes and global climate impacts"", ""Multi-scale interactions in northern Eurasian region""]",PEEX establishes a multi-disciplinary research framework to understand feedbacks and interactions in the northern Eurasian land-atmosphere-ocean-society system.,medium,success
W2412937684,True,"[""other""]","[""reproductive""]","[""children""]",other,"[""Nepal""]",national,explicit,[],"[""inequitable health service delivery"", ""limited public health awareness"", ""vaccination access gaps""]","[{""subject"": ""wildfire event"", ""relation"": ""is_associated_with"", ""object"": ""child stunting""}]","[""need for disaster data integration in health surveys"", ""evidence on disaster-stunting mechanisms""]",Disasters impact child stunting in Nepal; integration of disaster data and health interventions needed.,low,success
W3110977802,False,[],[],[],systematic_review,[],not_specified,none,[],[],[],"[""Integration of ML with real-time disaster monitoring systems"", ""Validation of ML models in low-resource settings"", ""Ethical considerations in automated disaster response decisions""]","Machine learning algorithms enable disaster and pandemic prediction, monitoring, and response through data analysis and classification tasks.",medium,success
W4210277219,True,"[""heat_stress""]","[""mortality""]","[""general"", ""elderly""]",time_series,"[""United Kingdom""]",regional,explicit,[],"[""vulnerable_populations""]","[{""subject"": ""heat_stress"", ""relation"": ""increases_risk_of"", ""object"": ""mortality""}, {""subject"": ""extreme_temperature"", ""relation"": ""increases_risk_of"", ""object"": ""lagged_mortality_risk""}]","[""Heat risk not recently updated at rural scale"", ""Temporal variation of temperature-mortality association""]",Heat-mortality risk increased in Southeast England but decreased in Aberdeenshire over 38 years; lagged effects persist after extreme temperature exposure.,high,success
W4385414903,False,"[""fire_weather""]",[],[],modelling,"[""United States""]",regional,none,[],[],[],[],"Climate change will increase simultaneous large wildfires across Western USA, with pronounced increases in Northern Rockies.",high,success
W4313327345,False,[],[],"[""indigenous"", ""racial_minorities"", ""other""]",systematic_review,[],not_specified,explicit,[],"[""risk perception"", ""risk literacy"", ""risk communication"", ""risk governance"", ""marginalization"", ""limited healthcare access"", ""equity and inclusion barriers""]",[],"[""lack of coverage on social aspects of risk in EDMPP"", ""limited engagement with marginalized groups in EDMPP research"", ""insufficient risk perception studies in EDMPP literature"", ""gap in risk governance discussions in EDMPP"", ""limited risk literacy research in EDMPP context"", ""lack of risk communication studies in EDMPP"", ""inadequate risk education coverage in EDMPP"", ""insufficient risk narrative research in EDMPP"", ""limited technology-risk integration in EDMPP"", ""gap in technology engagement with marginalized populations""]","EDMPP literature lacks coverage of social aspects of risk, particularly regarding marginalized populations and technology applications.",high,success
W3213919614,True,"[""direct_fire"", ""wildfire_smoke"", ""heat_stress"", ""other""]","[""reproductive"", ""other""]","[""pregnant"", ""outdoor_workers""]",cross_sectional,"[""United States""]",national,explicit,[],"[""occupational hazard exposure"", ""fire service role variation""]","[{""subject"": ""wildfire event"", ""relation"": ""increases_risk_of"", ""object"": ""miscarriage""}, {""subject"": ""wildfire smoke"", ""relation"": ""increases_risk_of"", ""object"": ""miscarriage""}]","[""Need to clarify associations between firefighting and miscarriage risk"", ""Fire service role variation in miscarriage risk requires further research""]","Age-standardized miscarriage prevalence may be greater in firefighters than non-firefighters, with variation by fire service role.",low,success
W4212786210,False,[],[],"[""indigenous""]",qualitative,"[""Australia""]",regional,explicit,[],"[""indigenous land management rights"", ""research partnership equity"", ""cultural knowledge integration""]",[],"[""how to apply right-way science broadly to Indigenous fire management""]","Right-way science enhances Indigenous cultural fire management through relationship-building, co-development, and ethical research partnerships.",medium,success
W4404734330,True,"[""wildfire_smoke"", ""PM2.5""]","[""respiratory"", ""other""]","[""general"", ""children"", ""elderly"", ""racial_minorities"", ""low_income""]",case_crossover,"[""United States""]",regional,explicit,[],"[""low socioeconomic status"", ""limited air conditioning access"", ""racial disparities""]","[{""subject"": ""wildfire smoke"", ""relation"": ""causes"", ""object"": ""PM2.5""}, {""subject"": ""PM2.5"", ""relation"": ""increases_risk_of"", ""object"": ""emergency department visits""}, {""subject"": ""PM2.5"", ""relation"": ""increases_risk_of"", ""object"": ""respiratory disease""}, {""subject"": ""wildfire smoke"", ""relation"": ""exacerbates"", ""object"": ""health risks in communities without air conditioning""}]","[""Insufficient evidence on risk variation across individual characteristics"", ""Unclear mechanisms of differential susceptibility by race""]","Wildfire PM2.5 increased emergency department visits for respiratory outcomes, with elevated risk among communities lacking residential air conditioning.",high,success
W2134058515,True,"[""fire_weather""]","[""mental_health""]","[""general""]",systematic_review,[],global,implicit,[],"[""limited healthcare access"", ""social vulnerability"", ""poor preparedness""]","[{""subject"": ""wildfire event"", ""relation"": ""causes"", ""object"": ""mental health impacts""}, {""subject"": ""extreme weather events"", ""relation"": ""increases_risk_of"", ""object"": ""psychological distress""}]","[""awareness of climate change mental health impacts"", ""government preparedness for psychosocial support"", ""community institutional mechanisms for psychological support""]",Extreme weather events from climate change cause significant mental health impacts requiring urgent policy and institutional response.,medium,success
W2138540202,False,[],[],[],systematic_review,"[""South Africa""]",regional,none,[],[],[],"[""Extent of propagule supply limiting recovery unknown"", ""Relative importance of seed dispersal vs soil seed banks unclear"", ""Geomorphological and hydrological factors underexplored"", ""Effect of different alien species on recovery unknown"", ""Cost-benefit ratios of re-introduction interventions not determined""]",Riparian restoration in South Africa requires integrated catchment-scale and reach-scale interventions addressing abiotic and biotic barriers to vegetation recovery.,medium,success
W2525709153,False,[],[],"[""elderly""]",other,[],not_specified,none,[],[],[],[],Elderly patients with multiple chronic comorbidities require integrated internistic approach rather than single-disease clinical practice.,low,success
W3047735120,False,"[""wildfire_smoke""]",[],[],systematic_review,[],not_specified,none,[],[],[],"[""Limitations and undesired outcomes of EMF use unclear"", ""EMF integration into forest management underdeveloped""]",Ectomycorrhizal fungi can improve temperate and boreal forest restoration success in wildfire-affected and degraded sites.,medium,success
W2032638453,True,"[""fire_weather"", ""other""]","[""other""]","[""general""]",qualitative,"[""Canada""]",regional,implicit,[],"[""climate change adaptation"", ""health policy development"", ""research capacity""]",[],"[""limited evidence of climate change health impacts"", ""need for adaptation research framework"", ""predictive models for future health impacts""]",Climate change poses health risks to British Columbians; five principles proposed to guide adaptation research and policy development.,low,success
W2731657316,False,[],[],"[""general""]",cross_sectional,[],not_specified,none,[],"[""geographic location"", ""socioeconomic status"", ""dietary patterns""]",[],"[""Limited in-depth profiling of immune compounds in milk across populations"", ""Scarcity of natural variation assessment in healthy women studies""]","IgA, IgG, IgM, EGF, TGFβ2, IL7, IL8, Groα, and MIP1β comprise core soluble immune factors in human milk across populations worldwide.",medium,success
W4367174416,False,[],[],"[""indigenous""]",qualitative,[],global,explicit,[],"[""colonialism"", ""research governance structures"", ""knowledge system equity"", ""cultural autonomy"", ""justice in partnerships""]",[],[],Decolonizing climate research requires integrating Indigenous and local knowledge systems as equal partners in solving climate change.,medium,success
W2130105322,False,[],[],[],cross_sectional,"[""United States""]",local,none,[],[],[],[],"Bacterial diversity on Hawaiian volcanic deposits varies by deposit age and vegetation coverage, governed by local deposit parameters.",high,success
W4389204653,False,[],[],"[""indigenous""]",qualitative,"[""India""]",local,none,[],[],[],"[""full exploration of indigenous knowledge in mountainous regions""]",Local communities in Kashmir retain valuable indigenous medicinal plant knowledge supporting primary healthcare and ecological transition.,low,success
W4313594019,False,[],[],"[""low_income""]",systematic_review,[],global,implicit,[],"[""low_income"", ""food_insecurity"", ""limited_institutional_resources"", ""limited_access_to_finance""]",[],"[""narrow_geographical_and_sectoral_foci"", ""limited_integration_with_climate_risk_assessment""]","Adaptation responses to compound climate hazards are predominantly reactive and maladaptive, constrained by vulnerabilities including low income and limited institutional resources.",medium,success
W2467926261,False,[],[],[],systematic_review,"[""Europe"", ""North America""]",regional,none,[],[],[],"[""Lack of common scientific terms and concepts"", ""Limited fusion of technical sensors and VGI data"", ""Need for general methods for user integration""]","VGI shows promise for natural hazard preparedness and mitigation through community engagement and data fusion, but lacks standardized terminology.",medium,success
W4241161963,False,[],[],[],other,"[""United States""]",national,none,[],[],[],[],USGS strategic planning document outlining organizational science priorities for 2007–2017.,low,success
W4200473907,False,[],[],[],modelling,"[""Africa""]",regional,none,[],[],[],[],Savanna burning methodologies can generate carbon revenues to address protected area funding gaps in Africa.,low,success
W4200436696,False,"[""PM2.5"", ""other""]",[],[],systematic_review,[],not_specified,none,[],"[""awareness and knowledge"", ""self-efficacy regarding exposure mitigation""]",[],"[""More studies on wearable sensors for outdoor air pollution"", ""Effects of personalized feedback on air pollution behaviour"", ""Long-term impacts of exposure feedback interventions""]",Personal exposure feedback increased awareness but showed mixed effects on air pollution behaviour adaptation.,high,success
W4282935963,True,"[""wildfire_smoke""]","[""respiratory"", ""other""]","[""general""]",case_crossover,"[""Australia""]",local,implicit,[],"[""carbon abatement program design"", ""prescribed burning policies""]","[{""subject"": ""wildfire smoke"", ""relation"": ""causes"", ""object"": ""air quality standard exceedances""}, {""subject"": ""wildfire smoke"", ""relation"": ""is_associated_with"", ""object"": ""public health impacts""}, {""subject"": ""early dry season burning"", ""relation"": ""increases_risk_of"", ""object"": ""smoke pollution""}]","[""Smoke pollution absent from fire management program design discussions"", ""Health trade-offs of large-scale prescribed burning poorly understood""]","Early dry season prescribed burning for carbon abatement increased smoke pollution and air quality exceedances in Darwin, Australia.",medium,success
W4304091865,False,[],[],[],qualitative,"[""Spain""]",regional,none,[],[],[],[],"Study explores land manager perceptions of collaborative agroforestry for wildfire mitigation in Extremadura, Spain.",low,success
W3083481736,False,[],[],[],qualitative,"[""Indonesia""]",local,none,[],"[""social capital"", ""community cohesion"", ""institutional support"", ""collective action capacity""]",[],"[""extent of iterative and interdependent relationship between social capital and resilience""]",Social capital enables collective action that enhances community disaster resilience through iteratively co-shaped relationships.,medium,success
W3118919965,False,[],[],[],other,[],not_specified,none,[],[],[],[],Insufficient abstract provided to extract key finding.,low,success
W2946902716,True,"[""PM2.5"", ""other""]","[""respiratory"", ""cardiovascular"", ""mortality""]","[""general"", ""elderly"", ""children""]",time_series,"[""China"", ""South Korea""]",regional,explicit,[],[],"[{""subject"": ""wildfire smoke"", ""relation"": ""causes"", ""object"": ""PM2.5""}, {""subject"": ""PM2.5"", ""relation"": ""increases_risk_of"", ""object"": ""respiratory mortality""}, {""subject"": ""PM2.5"", ""relation"": ""increases_risk_of"", ""object"": ""cardiovascular mortality""}]",[],"Chinese air pollution increases respiratory and cardiovascular mortality in South Korea during Asian dust events, particularly among elderly and young children.",medium,success
W1522326358,False,[],[],[],modelling,[],not_specified,none,[],[],[],[],Toolkit modeling approach balances scientific forest management planning with local stakeholder needs.,low,success
W4307436834,False,"[""direct_fire""]",[],[],meta_analysis,[],global,none,[],[],"[{""subject"": ""wildfire event"", ""relation"": ""causes"", ""object"": ""reduced fauna biomass""}, {""subject"": ""wildfire event"", ""relation"": ""causes"", ""object"": ""reduced fauna abundance""}, {""subject"": ""wildfire event"", ""relation"": ""causes"", ""object"": ""reduced species richness""}, {""subject"": ""wildfire event"", ""relation"": ""causes"", ""object"": ""reduced community diversity""}]","[""fire effects across larger geospatial scales"", ""effects under contrasting global fire regimes"", ""interactions with climate change impacts""]","Global meta-analysis shows fire negatively impacts fauna biomass, abundance, richness, and diversity across ecosystems.",high,success
W3092978201,True,"[""other""]","[""respiratory"", ""cardiovascular"", ""mental_health"", ""mortality"", ""reproductive"", ""neurological"", ""other""]","[""general"", ""children"", ""elderly"", ""indigenous"", ""low_income"", ""rural"", ""pregnant"", ""outdoor_workers"", ""racial_minorities"", ""homeless"", ""other""]",cohort,"[""United States""]",regional,explicit,"[""allostatic load"", ""cumulative stress response""]","[""urban-rural disparity"", ""vulnerable group representation"", ""under-representation in health data"", ""socioeconomic disparities""]",[],"[""Insufficient baseline health information for disaster attribution"", ""Lack of comprehensive health observing systems for disaster preparedness"", ""Need for pre-, during-, and post-disaster data collection""]",A proposed longitudinal community health observing system for GoM region to assess health effects of multiple disaster types.,medium,success
W2570798744,False,[],[],[],modelling,[],global,none,[],[],[],[],ISIMIP provides a framework for multi-sectoral climate risk assessment using standardized scenarios to support adaptation decisions.,medium,success
W3211811702,False,[],[],[],other,"[""South Africa""]",not_specified,none,[],[],[],[],A revised empowerment framework for tourism incorporating environmental and cultural dimensions strengthens sustainable development analysis.,low,success
W3015249256,False,[],[],[],qualitative,"[""United States""]",national,none,[],[],[],"[""archaeology has had limited role in global climate response"", ""structural barriers limit use of archaeology in climate change""]","Archaeology can address climate change through historical data and cultural values, but structural barriers limit its integration into climate response.",medium,success
W2580365266,False,[],[],[],systematic_review,"[""Indonesia"", ""Malaysia"", ""Thailand"", ""Vietnam"", ""Cambodia"", ""Laos""]",regional,none,[],[],[],"[""Limited in situ data on restoration effects"", ""Consequences for peat carbon dynamics unclear"", ""GHG response to restoration varies by land use""]",Tropical peatland restoration reduces wildfire risk and aerobic decomposition but may not achieve zero emissions due to anaerobic processes.,medium,success
W2119810978,False,[],[],[],experimental,"[""Australia""]",local,none,[],[],[],[],"Wallaby browsing suppresses invasive bitou bush but inhibits recruitment of native tree species post-fire, threatening forest diversity.",high,success
W1983272424,True,"[""PM2.5"", ""other""]","[""other""]","[""general""]",systematic_review,[],not_specified,none,"[""oxidative stress"", ""skin aging"", ""airway inflammation"", ""allergic response""]",[],"[{""subject"": ""air pollution"", ""relation"": ""causes"", ""object"": ""oxidative stress in skin""}, {""subject"": ""air pollution"", ""relation"": ""increases_risk_of"", ""object"": ""atopic dermatitis""}, {""subject"": ""air pollution"", ""relation"": ""increases_risk_of"", ""object"": ""eczema""}, {""subject"": ""air pollution"", ""relation"": ""increases_risk_of"", ""object"": ""psoriasis""}, {""subject"": ""air pollution"", ""relation"": ""increases_risk_of"", ""object"": ""skin cancer""}, {""subject"": ""air pollution"", ""relation"": ""causes"", ""object"": ""skin aging""}]",[],"Prolonged air pollutant exposure causes skin aging, inflammatory conditions, and skin cancer risk.",medium,success
W3158427908,True,"[""displacement""]","[""mental_health""]","[""general""]",cross_sectional,"[""Canada""]",local,explicit,[],"[""financial stress or strain"", ""economic decline"", ""decreased work"", ""decreased social life"", ""prior mental health conditions""]","[{""subject"": ""wildfire event"", ""relation"": ""causes"", ""object"": ""displacement""}, {""subject"": ""wildfire event"", ""relation"": ""increases_risk_of"", ""object"": ""post-traumatic stress disorder""}, {""subject"": ""wildfire event"", ""relation"": ""increases_risk_of"", ""object"": ""major depressive disorder""}, {""subject"": ""wildfire event"", ""relation"": ""increases_risk_of"", ""object"": ""insomnia disorder""}, {""subject"": ""wildfire event"", ""relation"": ""increases_risk_of"", ""object"": ""generalized anxiety disorder""}, {""subject"": ""wildfire event"", ""relation"": ""increases_risk_of"", ""object"": ""substance use disorder""}, {""subject"": ""financial stress"", ""relation"": ""exacerbates"", ""object"": ""mental health disorders""}, {""subject"": ""prior mental health conditions"", ""relation"": ""exacerbates"", ""object"": ""post-disaster mental health outcomes""}]",[],"One year after the Fort McMurray wildfires, 38% of evacuees had clinically significant psychological symptoms including PTSD, depression, insomnia, anxiety, or substance use disorder.",high,success
W3139023488,False,[],[],[],qualitative,[],global,none,[],[],[],[],"Rewilding is a conservation tool operating on continua of scale and human influence, aiming to restore self-sustaining ecosystems.",medium,success
W4401693605,True,"[""heat_stress"", ""other""]","[""reproductive"", ""mortality"", ""other""]","[""pregnant"", ""other""]",systematic_review,"[""North America"", ""Asia"", ""Africa"", ""Caribbean""]",global,explicit,[],"[""research disparities by region"", ""limited healthcare resources"", ""food insecurity"", ""malnutrition""]","[{""subject"": ""climate change"", ""relation"": ""increases_risk_of"", ""object"": ""maternal complications""}, {""subject"": ""extreme heat"", ""relation"": ""is_associated_with"", ""object"": ""adverse maternal health outcomes""}]","[""Limited research on drought impacts on maternal health"", ""Underexplored malnutrition and food insecurity in maternal populations"", ""Research disparities between high- and low-resource regions"", ""Need for investigation of multiple climate factors beyond heat"", ""Insufficient attention to maternal health in Africa and Caribbean""]",Evidence gap map identifies geographic research disparities and gaps in climate factors beyond heat affecting maternal health globally.,high,success
W2967426298,False,"[""fire_weather""]",[],[],modelling,"[""Spain""]",local,none,[],[],"[{""subject"": ""climate change"", ""relation"": ""causes"", ""object"": ""lower fuel moisture content""}, {""subject"": ""lower fuel moisture content"", ""relation"": ""causes"", ""object"": ""higher fire intensity""}, {""subject"": ""higher fire intensity"", ""relation"": ""increases_risk_of"", ""object"": ""increased suppression costs""}]",[],Climate change will increase flame length by 4.6–15.69% and suppression costs by 65.67–86.73% in Córdoba Province.,high,success
W2996656423,False,[],[],[],other,[],not_specified,none,[],[],[],[],Complex systems science provides frameworks for understanding systems where standard assumptions fail.,low,success
W4403275886,False,"[""PM2.5"", ""other""]",[],[],modelling,"[""global""]",global,none,[],[],[],[],Machine learning models successfully predict air quality using PM2.5 and other pollutants with 100% accuracy for Random Forest and Decision Tree methods.,medium,success
W1843568503,False,[],[],[],other,"[""United States""]",regional,none,[],[],[],[],"California's 2012–2015 drought impacts varied substantially, with severe effects concentrated in rural, agricultural, and wildfire-prone regions.",low,success
W2551678504,False,"[""direct_fire""]",[],[],modelling,"[""Australia""]",local,none,[],[],[],"[""Impact of increasing fire frequency on long-term frog population persistence unclear""]",Increasing wildfire frequency reduces amphibian genetic diversity and increases extinction risk in fire-prone environments.,high,success
W3164275934,True,"[""heat_stress""]","[""other""]","[""general""]",time_series,"[""Australia""]",local,none,[],"[""limited_healthcare_access"", ""insufficient_heat_adaptation""]","[{""subject"": ""increasing temperature"", ""relation"": ""causes"", ""object"": ""emergency department visits""}, {""subject"": ""increasing temperature"", ""relation"": ""increases_risk_of"", ""object"": ""healthcare costs""}]","[""Few studies evaluate heat-attributable ED visits and healthcare costs"", ""Limited projections of future health and economic burdens""]","Heat-attributable ED visits will increase from 4.6% to 5.0–6.3% by 2050s, with healthcare costs rising from AU$2.9 million to AU$4.6–7.6 million.",high,success
W4391112398,True,"[""PM2.5""]","[""mortality""]","[""general""]",modelling,"[""United States""]",national,none,[],[],"[{""subject"": ""PM2.5"", ""relation"": ""causes"", ""object"": ""premature mortality""}, {""subject"": ""geostationary satellite alert identification"", ""relation"": ""increases_risk_of"", ""object"": ""exposure-reducing behavior""}]","[""Framework to quantify public health benefits of satellite atmospheric composition advances""]","Geostationary satellite data for air quality alerts could avert ~1,200 additional PM2.5-attributable deaths annually versus polar-orbiting satellites.",high,success
W4403827981,True,"[""wildfire_smoke"", ""other""]","[""respiratory"", ""other""]","[""outdoor_workers""]",cross_sectional,"[""Australia""]",regional,explicit,"[""airway irritation from CO exposure"", ""toxic gas inhalation""]","[""occupational exposure"", ""inadequate respiratory protection"", ""poor rest protocols""]","[{""subject"": ""wildfire smoke"", ""relation"": ""causes"", ""object"": ""chemical exposure in firefighters""}, {""subject"": ""smouldering phase fires"", ""relation"": ""increases_risk_of"", ""object"": ""higher chemical concentrations""}, {""subject"": ""peat fires"", ""relation"": ""causes"", ""object"": ""elevated ammonia and sulphur dioxide""}, {""subject"": ""chemical exposure"", ""relation"": ""is_associated_with"", ""object"": ""long-term health risks""}]","[""need for fit-for-purpose respiratory protective equipment"", ""improved rest protocols to minimise exposure"", ""comprehensive health monitoring programs for firefighters""]","Bushfire smoke poses significant chemical hazards to firefighters, with carbon monoxide dominating, peat fires showing distinct profiles, and exposure continuing even in rest zones.",high,success
W4378070128,False,[],[],[],other,"[""United States""]",regional,none,[],[],[],"[""Limited frameworks for drought resilience in semiarid woodlands"", ""Knowledge gaps in adaptive management strategies"", ""Uncertainty in climate suitability projections""]",Pinyon-juniper woodlands require prioritized management frameworks for drought resilience amid woodland contraction and climate change.,medium,success
W2790785417,False,"[""heat_stress""]",[],[],modelling,"[""Global"", ""Eurasia"", ""Australia"", ""France"", ""Russia"", ""United States""]",global,none,[],[],[],[],"Global maximum annual temperatures accelerated 0.25°C per decade over 30 years, with megacities experiencing 0.33°C per decade.",medium,success
W4210652092,False,[],[],[],qualitative,"[""United States"", ""Australia"", ""Indonesia"", ""Brazil""]",global,none,[],[],[],[],"Reparative capital switching offers contested but strategic possibilities for climate finance governance across energy, land, and water infrastructure.",low,success
W4394933081,False,"[""fire_weather""]",[],[],modelling,"[""Colombia""]",regional,none,[],[],[],[],Machine learning model predicts wildfire risk with 87.9% accuracy; sustainability strategies like tree belts reduce fire risk.,medium,success
W4296173642,False,[],[],[],other,"[""Canada"", ""Australia""]",regional,none,[],[],[],"[""Accurately documenting historical fire location, scale and intensity"", ""Establishing emissions baseline in multi-decadal fire intervals""]","Indigenous fire management programs in Australia offer a scalable model for temperate ecosystems like British Columbia, with carbon credits and co-benefits requiring adapted governance.",medium,success
W3114796264,True,"[""heat_stress""]","[""mortality""]","[""general"", ""elderly""]",time_series,"[""Finland""]",regional,implicit,"[""thermal stress response""]","[""urban heat island effect"", ""urbanization"", ""land use patterns""]","[{""subject"": ""heat_stress"", ""relation"": ""increases_risk_of"", ""object"": ""mortality""}, {""subject"": ""heat_stress"", ""relation"": ""is_associated_with"", ""object"": ""urban heat island effect""}]","[""Higher resolution temperature data needed"", ""Need to model urban heat island effect explicitly"", ""Regional differences in thermal vulnerability underexplored""]",Heat-related mortality risk was 2.5 times higher in urban Helsinki than surrounding rural region during heatwaves.,high,success
W4404526746,True,"[""PM2.5"", ""heat_stress""]","[""other""]","[""general""]",case_crossover,[],not_specified,none,"[""airway inflammation"", ""cardiovascular strain""]",[],"[{""subject"": ""ambient heat exposure"", ""relation"": ""increases_risk_of"", ""object"": ""emergency department imaging utilization""}, {""subject"": ""PM2.5 exposure"", ""relation"": ""increases_risk_of"", ""object"": ""emergency department imaging utilization""}, {""subject"": ""ambient heat exposure"", ""relation"": ""increases_risk_of"", ""object"": ""radiography utilization""}, {""subject"": ""PM2.5 exposure"", ""relation"": ""increases_risk_of"", ""object"": ""radiography utilization""}, {""subject"": ""ambient heat exposure"", ""relation"": ""increases_risk_of"", ""object"": ""CT utilization""}, {""subject"": ""PM2.5 exposure"", ""relation"": ""increases_risk_of"", ""object"": ""CT utilization""}]",[],"Short-term ambient heat and PM2.5 exposure were associated with increased emergency department imaging utilization, particularly radiography and CT.",high,success
W2493680822,False,[],[],[],other,"[""United States"", ""Canada"", ""Europe""]",global,none,[],[],[],[],Phytophthora species are causing dramatic epidemics in forests worldwide through introduction to novel hosts and environments.,low,success
W2273868931,True,"[""wildfire_smoke""]","[""respiratory"", ""other""]",[],experimental,[],not_specified,none,"[""oxidative stress"", ""airway inflammation"", ""pro-inflammatory response"", ""incomplete lung recovery""]",[],"[{""subject"": ""wildfire smoke"", ""relation"": ""causes"", ""object"": ""oxidative stress""}, {""subject"": ""wildfire smoke"", ""relation"": ""causes"", ""object"": ""incomplete lung recovery""}, {""subject"": ""incomplete lung recovery"", ""relation"": ""increases_risk_of"", ""object"": ""cardio-pulmonary effects""}]","[""Long-term cardio-pulmonary effects trajectory unknown""]",Combustion particle inhalation causes incomplete lung recovery with persistent pro-inflammatory and pro-oxidant effects predisposing to cardio-pulmonary disease.,medium,success
W2522038329,False,[],[],[],qualitative,"[""Indonesia""]",national,none,[],[],[],[],"Oil palm expansion in Indonesia driven by development narratives and forest crisis discourse, not isolation.",medium,success
W4294125818,True,"[""displacement""]","[""mental_health""]","[""general""]",cross_sectional,"[""Canada""]",local,implicit,[],"[""unemployment"", ""limited family support"", ""willingness to seek counseling"", ""prior mental health diagnosis""]","[{""subject"": ""wildfire event"", ""relation"": ""increases_risk_of"", ""object"": ""post-traumatic stress disorder""}, {""subject"": ""wildfire event"", ""relation"": ""increases_risk_of"", ""object"": ""major depressive disorder""}, {""subject"": ""displacement"", ""relation"": ""is_associated_with"", ""object"": ""PTSD and MDD""}, {""subject"": ""unemployment"", ""relation"": ""increases_risk_of"", ""object"": ""major depressive disorder""}, {""subject"": ""limited family support"", ""relation"": ""increases_risk_of"", ""object"": ""post-traumatic stress disorder""}]","[""Long-term mental health trajectories post-wildfire not examined"", ""Gender imbalance in sample limits generalisability""]","Five years post-wildfire, 45% had MDD symptoms and 39.6% had probable PTSD; unemployment and limited family support were significant risk factors.",high,success
W2085327533,False,[],[],[],systematic_review,"[""Europe"", ""Russia""]",regional,none,[],[],[],"[""Whether species migration can pace climate change"", ""Predictive accuracy of range shift models""]",Climate change shifts vegetation northward and upward; tree lines advance while alpine zones contract.,medium,success
W3097851681,False,[],[],[],other,[],not_specified,none,[],[],[],[],Biology of entrepreneurship represents progression from institutional and psychological explanations across multiple analytical scales.,low,success
W4401071123,False,"[""fire_weather""]",[],[],modelling,"[""United States""]",regional,none,[],[],[],[],"Ecoregion-scale fire models project increased future fire in California forests under climate change, with predictions varying by geographic model extent.",high,success
W2010232131,True,"[""heat_stress""]","[""mortality""]","[""general"", ""elderly""]",qualitative,"[""Europe""]",regional,explicit,[],"[""awareness and preparedness"", ""organizational capacity"", ""actor network coordination"", ""economic wealth distribution"", ""healthcare access""]","[{""subject"": ""heat waves"", ""relation"": ""causes"", ""object"": ""mortality""}, {""subject"": ""heat waves"", ""relation"": ""is_associated_with"", ""object"": ""inadequate risk governance""}, {""subject"": ""inadequate preparedness"", ""relation"": ""increases_risk_of"", ""object"": ""heat wave mortality""}]","[""Role of awareness in heat adaptation"", ""Effectiveness of multi-level governance frameworks"", ""Actor network coordination mechanisms""]","Economic wealth alone is insufficient for heat wave preparedness; risk governance frameworks addressing awareness, preparedness, and coordination are essential.",medium,success
W2028257172,False,"[""wildfire_smoke""]",[],"[""general""]",cross_sectional,[],not_specified,none,[],"[""community participation"", ""collective efficacy"", ""empowerment"", ""trust""]",[],[],"All-hazards theory of preparedness applies across tsunami, earthquake, wildfire, and influenza through community participation and collective efficacy.",medium,success
W3094049509,False,[],[],"[""indigenous""]",qualitative,"[""Australia""]",local,explicit,[],"[""colonial legacies"", ""low decision-making autonomy"", ""limited land access"", ""cultural disconnection"", ""institutional marginalization""]",[],"[""effectiveness of co-production methods across contexts"", ""long-term sustainability of adaptation pathways""]","Knowledge co-production supports Indigenous climate adaptation when grounded in respectful partnerships, territorial connection, and empowered local decision-making.",medium,success
W4315491243,True,"[""direct_fire"", ""other""]","[""mental_health""]","[""outdoor_workers""]",cross_sectional,"[""United Kingdom""]",national,none,"[""sleep disruption""]","[""inadequate decontamination procedures"", ""occupational exposure protocols"", ""workplace safety practices""]","[{""subject"": ""wildfire event"", ""relation"": ""causes"", ""object"": ""fire contaminant exposure""}, {""subject"": ""fire contaminant exposure"", ""relation"": ""increases_risk_of"", ""object"": ""sleep disruption""}, {""subject"": ""sleep disruption"", ""relation"": ""increases_risk_of"", ""object"": ""mental health disorders""}, {""subject"": ""fire contaminant exposure"", ""relation"": ""is_associated_with"", ""object"": ""anxiety""}, {""subject"": ""fire contaminant exposure"", ""relation"": ""is_associated_with"", ""object"": ""depression""}]","[""Little known about firefighters' contaminant exposure and mental health association""]",Firefighters exposed to fire contaminants and experiencing sleep disruption show significantly increased risk of mental health disorders including anxiety and depression.,high,success
W4390267427,False,"[""wildfire_smoke"", ""heat_stress"", ""other""]",[],[],other,"[""United States""]",global,none,[],[],[],[],A Masters-level course on climate change and global public health improved student knowledge through multi-modal engagement.,low,success
W4377968190,True,"[""heat_stress""]","[""other""]","[""other""]",other,[],global,explicit,[],[],"[{""subject"": ""heat_stress"", ""relation"": ""causes"", ""object"": ""heat-related illnesses""}]",[],Travellers to hot climates face increasing heat-related illness risk and require prevention and recognition guidance.,low,success
W2129530141,False,[],[],[],other,"[""United States""]",local,none,[],[],[],[],"Long-term historical ecology integrating multiple disciplines reveals 20,000 years of biodiversity change on Channel Islands, informing conservation restoration goals.",medium,success
W4387408764,True,"[""fire_weather"", ""heat_stress"", ""other""]","[""other""]","[""general""]",systematic_review,"[""Kazakhstan""]",national,explicit,[],"[""climate vulnerability"", ""water quality degradation"", ""temperature extremes""]","[{""subject"": ""climate change"", ""relation"": ""increases_risk_of"", ""object"": ""flooding""}, {""subject"": ""climate change"", ""relation"": ""causes"", ""object"": ""heat stress""}, {""subject"": ""climate change"", ""relation"": ""causes"", ""object"": ""water quality deterioration""}, {""subject"": ""flooding"", ""relation"": ""is_associated_with"", ""object"": ""population health impacts""}, {""subject"": ""temperature extremes"", ""relation"": ""is_associated_with"", ""object"": ""population health impacts""}]","[""Specific health outcome quantification needed"", ""Mitigation strategy effectiveness unclear""]","Climate change significantly impacts Kazakh population health through floods, water quality deterioration, and temperature extremes.",medium,success
W3155407071,False,[],[],[],systematic_review,"[""Pacific Islands""]",regional,explicit,[],[],[],[],"Tourism in small Pacific island states faces growing climate vulnerability, requiring urgent adaptation and resilience measures.",medium,success
W4392234356,False,[],[],[],modelling,"[""United States""]",regional,none,[],[],"[{""subject"": ""annual grass invasion"", ""relation"": ""increases_risk_of"", ""object"": ""wildfire probability""}, {""subject"": ""high annual forb and grass biomass"", ""relation"": ""increases_risk_of"", ""object"": ""wildfire probability""}, {""subject"": ""dry summers"", ""relation"": ""exacerbates"", ""object"": ""annual grass effects on wildfire probability""}, {""subject"": ""low summer precipitation proportion"", ""relation"": ""increases_risk_of"", ""object"": ""wildfire probability""}, {""subject"": ""high temperature"", ""relation"": ""increases_risk_of"", ""object"": ""wildfire probability""}]","[""Better understanding of long-term wildfire drivers across big sagebrush region needed""]","Statistical model shows wildfire probability in sagebrush ecosystems is driven by climate, annual grass biomass, and precipitation patterns.",high,success
W4391231137,False,"[""direct_fire""]",[],[],cross_sectional,"[""Greece""]",national,none,[],[],[],[],"Fire intensity, frequency, and duration affect ecosystem services including soil fertility, vegetation cover, and animal habitats in Mediterranean forests.",medium,success
W4392157829,False,[],[],"[""general"", ""children"", ""elderly"", ""pregnant"", ""other""]",other,"[""Portugal"", ""United States"", ""United Kingdom"", ""Spain"", ""Brazil"", ""Argentina"", ""Mexico"", ""New Zealand""]",global,implicit,[],"[""family support systems"", ""economic security"", ""healthcare access"", ""gender inequality"", ""social connection"", ""contextual stability""]",[],"[""Limited international perspectives on family resilience"", ""Few studies comparing pandemic impacts across contexts"", ""Need for culturally-informed family interventions"", ""Understanding context-specific family adaptation""]",Families demonstrate resilience during global adversity through dynamic balance of stability and adaptive change within multisystemic contexts.,medium,success
W2560480455,True,"[""PM2.5"", ""other""]","[""respiratory"", ""other""]","[""outdoor_workers"", ""low_income""]",systematic_review,"[""Nepal""]",local,explicit,[],"[""low socioeconomic status"", ""occupational hazard exposure"", ""low technology work environment""]","[{""subject"": ""brick kiln pollutants"", ""relation"": ""causes"", ""object"": ""respiratory health problems""}, {""subject"": ""brick kiln pollutants"", ""relation"": ""causes"", ""object"": ""occupational health effects""}]","[""effects of environmental pollutants on brick kiln workers under-studied"", ""limited attention to worker health outcomes""]",Brick kiln workers in Nepal face significant occupational exposure to environmental pollutants with documented health consequences.,medium,success
W2168023186,False,[],[],[],systematic_review,[],global,none,[],[],[],"[""Evidence for competition impacts lacking"", ""Field experiments needed for impact determination""]","Non-indigenous ungulates impact biodiversity through vegetation changes, predation, and facilitation of invasive species.",high,success
W4400112747,True,"[""PM2.5"", ""other""]","[""other""]","[""elderly""]",cohort,"[""United States""]",national,explicit,[],"[""loss of independence"", ""need for care assistance""]","[{""subject"": ""air pollution"", ""relation"": ""increases_risk_of"", ""object"": ""loss of independence in older adults""}, {""subject"": ""traffic-related air pollution"", ""relation"": ""increases_risk_of"", ""object"": ""need for care assistance""}]",[],"Long-term air pollution exposure increases risk of lost independence in older adults, particularly from traffic sources.",medium,success
W2614211142,True,"[""heat_stress"", ""PM2.5""]","[""mortality"", ""other""]","[""general"", ""elderly"", ""other""]",modelling,"[""United States""]",regional,explicit,"[""heat stress physiological responses"", ""ozone-induced airway injury"", ""heat-exacerbated disease transmission""]","[""urban heat island effect"", ""inadequate emergency services"", ""limited access to conditioned space"", ""population density in urban areas""]","[{""subject"": ""wildfire event"", ""relation"": ""is_associated_with"", ""object"": ""high ozone concentrations""}, {""subject"": ""heat stress"", ""relation"": ""increases_risk_of"", ""object"": ""heat-related morbidity and mortality""}, {""subject"": ""heat stress"", ""relation"": ""increases_risk_of"", ""object"": ""tropical disease transmission by Aedes aegypti""}, {""subject"": ""urban heat islands"", ""relation"": ""exacerbates"", ""object"": ""heat stress exposure in cities""}]","[""Future health impacts of combined heat and ozone exposure unclear"", ""Adaptation capacity of southeastern populations to tropical climates unknown""]","Summer apparent temperatures in the southeastern US are projected to increase substantially by mid-century, creating significant heat-related health risks and tropical disease transmission potential in large urban areas.",high,success
W4286741938,False,[],[],[],cross_sectional,"[""Lebanon""]",local,none,[],"[""low income"", ""financial hardship"", ""insufficient sleeping hours"", ""extensive working hours"", ""limited healthcare access""]",[],[],90.7% of Lebanese physicians experience moderate to high burnout during pandemic and economic crisis.,high,success
W2289285455,False,"[""direct_fire"", ""other""]",[],"[""children""]",qualitative,"[""Indonesia""]",local,none,[],[],[],[],Disaster risk reduction education in Indonesian schools faces seven key implementation challenges requiring policy reforms to scale up and sustain programmes.,medium,success
W4362473325,False,[],[],[],systematic_review,[],global,none,[],[],[],[],Climate change threatens global crop productivity and food security; adaptation through breeding and biotechnology is essential.,low,success
W2974221125,False,[],[],"[""rural"", ""other""]",qualitative,"[""Afghanistan""]",national,explicit,[],"[""cultural norms and practices"", ""limited disaster education"", ""inadequate protection measures"", ""restricted access to disaster aid"", ""limited healthcare access"", ""security concerns post-disaster"", ""exclusion from decision-making"", ""gender inequality""]","[{""subject"": ""disaster event"", ""relation"": ""increases_risk_of"", ""object"": ""disproportionate female victimization""}, {""subject"": ""disaster event"", ""relation"": ""exacerbates"", ""object"": ""cultural barriers to women's aid access""}, {""subject"": ""insufficient disaster education"", ""relation"": ""increases_risk_of"", ""object"": ""female vulnerability""}, {""subject"": ""inadequate protection measures"", ""relation"": ""increases_risk_of"", ""object"": ""female vulnerability""}, {""subject"": ""cultural issues"", ""relation"": ""increases_risk_of"", ""object"": ""female vulnerability post-disaster""}, {""subject"": ""cultural issues"", ""relation"": ""exacerbates"", ""object"": ""security concerns for women""}, {""subject"": ""cultural issues"", ""relation"": ""exacerbates"", ""object"": ""healthcare access limitations""}, {""subject"": ""women's exclusion from decision-making"", ""relation"": ""increases_risk_of"", ""object"": ""inadequate disaster preparedness""}]","[""Limited understanding of gender-specific disaster vulnerabilities in Afghanistan"", ""Lack of women's participation in disaster planning and risk reduction"", ""Need for gender-mainstreaming in disaster risk reduction policies""]","Afghan rural women face disproportionate disaster vulnerability due to cultural barriers, inadequate education, and exclusion from disaster planning and decision-making processes.",high,success
W4283709220,False,"[""wildfire_smoke""]",[],[],other,"[""Australia"", ""Antarctica""]",regional,none,[],[],"[{""subject"": ""wildfire event"", ""relation"": ""causes"", ""object"": ""deforestation""}, {""subject"": ""wildfire event"", ""relation"": ""causes"", ""object"": ""greenhouse gas emissions""}, {""subject"": ""wildfire event"", ""relation"": ""causes"", ""object"": ""loss of wetland carbon sinks""}, {""subject"": ""wildfire event"", ""relation"": ""causes"", ""object"": ""ecosystem collapse""}]","[""Cannot establish whether wildfire activity was anomalous during EPE without valid pre- and post-EPE baselines""]","End-Permian extinction event shows spike in wildfire activity, but elevated fire frequency was short-lived and unlikely the direct cause of long-term ecosystem changes.",high,success
W2778734562,False,[],[],[],qualitative,[],not_specified,none,[],[],[],[],"Effective updating during unexpected events depends on trajectory management, with monitoring and rapid cue interpretation critical for problem detection.",medium,success
W2140913974,False,[],[],[],other,"[""South Africa""]",national,none,[],[],[],[],"South African livestock sector faces sustainability challenges from climate change, emissions, water use, and economic pressures requiring efficiency improvements and commercialisation.",low,success
W2387941264,True,"[""heat_stress""]","[""mortality""]","[""general""]",time_series,"[""Estonia""]",national,implicit,[],"[""socioeconomic condition"", ""geographic location""]","[{""subject"": ""high summer temperatures"", ""relation"": ""increases_risk_of"", ""object"": ""mortality""}]","[""region specific temperature-mortality impact estimates needed""]","High summer temperatures significantly increased mortality in Estonia, with inland regions showing higher heat-related mortality than coastal areas.",medium,success
W2101588785,False,[],[],[],systematic_review,[],global,none,[],[],[],"[""Lack of common mapping standards for NIS distributions"", ""Limited mechanistic understanding of invasion processes"", ""Inadequate encapsulation of human-mediated dispersal complexity"", ""Need for appropriate screening tool discrimination thresholds"", ""Resource allocation for global invasive species management""]","Standard invasion science approaches suffer serious limitations in mapping, prediction, and management, requiring revised understanding of invasion processes and impacts.",medium,success
W1555558448,False,[],[],[],qualitative,[],not_specified,none,[],[],[],[],Structured decision making framework applied to assess climate change vulnerabilities and adaptation options for forest management.,low,success
W4360824141,False,"[""fire_weather""]",[],[],modelling,"[""Brazil""]",regional,none,[],[],[],[],Fire-spread prediction system for Brazilian Cerrado achieves 65–89% spatial match using satellite data and fuel modelling.,high,success
W4200498744,False,[],[],[],qualitative,[],global,none,[],[],[],[],"Co-productive agility enables sustainability transformations by navigating tensions through four collaborative pathways: elevating marginalized agendas, questioning dominant assumptions, transforming paradigms, and exploring diverse perspectives.",medium,success
W2133251355,False,"[""heat_stress"", ""other""]",[],[],qualitative,"[""Bangladesh"", ""China"", ""India"", ""Indonesia"", ""Philippines"", ""Thailand"", ""Vietnam""]",regional,implicit,[],"[""urban governance quality"", ""decentralisation and autonomy"", ""accountability and transparency"", ""responsiveness and flexibility"", ""participation and inclusion"", ""poverty"", ""low socioeconomic status""]","[{""subject"": ""climate change"", ""relation"": ""increases_risk_of"", ""object"": ""heat stress""}, {""subject"": ""climate change"", ""relation"": ""increases_risk_of"", ""object"": ""flooding""}, {""subject"": ""poor urban governance"", ""relation"": ""exacerbates"", ""object"": ""vulnerability to climate shocks""}, {""subject"": ""good urban governance"", ""relation"": ""protects_against"", ""object"": ""climate-related vulnerability""}]","[""How to operationalise urban resilience building in practice"", ""Comparative effectiveness of governance models across cities""]","Good urban governance characterised by decentralisation, accountability, responsiveness, and participation builds climate resilience and reduces vulnerability.",medium,success
W3008028730,False,"[""fire_weather""]",[],"[""general""]",qualitative,"[""Australia""]",local,none,[],"[""adaptive capacity"", ""risk attitude"", ""risk experience"", ""authority expectations""]",[],"[""socio-psychological factors triggering adaptive action""]",High adaptive capacity does not necessarily result in high wildfire adaptation actions; socio-psychological factors mediate the relationship.,medium,success
W4282961325,False,"[""fire_weather""]",[],"[""general"", ""racial_minorities"", ""low_income"", ""rural""]",cross_sectional,"[""United States""]",national,explicit,[],"[""low socioeconomic status"", ""racial/ethnic minorities"", ""rural residence"", ""lower education attainment""]",[],"[""understanding of recent extreme weather impacts on U.S. population""]","Extreme weather impacts are disproportionately reported by Black, Hispanic, low-income, and rural populations.",high,success
W4205322727,False,"[""wildfire_smoke"", ""direct_fire""]",[],[],other,"[""Mediterranean region""]",regional,none,[],"[""land abandonment"", ""rural demographic changes"", ""forest policy deficits"", ""regional development planning gaps""]","[{""subject"": ""wildfire event"", ""relation"": ""causes"", ""object"": ""loss of life""}, {""subject"": ""land abandonment"", ""relation"": ""increases_risk_of"", ""object"": ""woody plant encroachment""}, {""subject"": ""woody plant encroachment"", ""relation"": ""increases_risk_of"", ""object"": ""combustible biomass accumulation""}, {""subject"": ""combustible biomass accumulation"", ""relation"": ""increases_risk_of"", ""object"": ""wildfire event""}]","[""Solutions for preventing disastrous fires in future"", ""Implementation of forest management paradigm shift""]",Mediterranean oak wood-pastures and biomass-reducing practices can reduce wildfire risk and replace combustible conifer plantations.,medium,success
W2276219913,False,[],[],[],qualitative,[],not_specified,none,[],[],[],[],Trust diversity in natural resource management institutions enhances institutional resilience and adaptive governance capacity.,low,success
W2910381835,False,[],[],[],other,[],not_specified,none,[],[],[],"[""Paucity of physician engagement on climate health impacts""]",A novel GME fellowship in climate and health science policy trains clinicians to address health impacts of climate change.,low,success
W2150115544,False,[],[],[],modelling,"[""Europe""]",regional,none,[],[],[],[],Multi-scale modelling shows agricultural abandonment and urbanization will substantially reshape European landscapes.,medium,success
W4387130915,False,[],[],"[""indigenous""]",qualitative,"[""United States""]",regional,explicit,[],"[""settler colonialism"", ""land dispossession"", ""knowledge appropriation"", ""limited sovereignty"", ""militarism and incarceration""]","[{""subject"": ""wildfire event"", ""relation"": ""is_associated_with"", ""object"": ""settler colonial property regimes""}, {""subject"": ""wildfire event"", ""relation"": ""is_associated_with"", ""object"": ""fire suppression policies""}, {""subject"": ""Indigenous cultural controlled burning"", ""relation"": ""protects_against"", ""object"": ""catastrophic wildfire""}]","[""effectiveness of Indigenous fire sovereignty initiatives"", ""long-term outcomes of collaborative burning programs""]",Indigenous cultural burning and fire stewardship challenge settler colonial fire management and promote regenerative futures.,medium,success
W4391619439,True,"[""wildfire_smoke"", ""heat_stress"", ""other""]","[""respiratory"", ""cardiovascular"", ""mental_health"", ""mortality"", ""reproductive"", ""neurological"", ""other""]","[""general"", ""children"", ""elderly"", ""indigenous"", ""low_income"", ""rural"", ""pregnant"", ""outdoor_workers"", ""racial_minorities"", ""homeless"", ""other""]",qualitative,[],global,explicit,"[""oxidative stress"", ""airway inflammation"", ""endothelial dysfunction"", ""immune dysregulation"", ""metabolic disruption""]","[""low socioeconomic status"", ""limited healthcare access"", ""poor housing quality"", ""food insecurity"", ""water pollution"", ""loss of livelihood"", ""forced migration"", ""conflict displacement"", ""inequality"", ""loss of nature contact""]","[{""subject"": ""wildfire event"", ""relation"": ""exacerbates"", ""object"": ""nature loss""}, {""subject"": ""wildfire event"", ""relation"": ""increases_risk_of"", ""object"": ""food insecurity""}, {""subject"": ""wildfire event"", ""relation"": ""increases_risk_of"", ""object"": ""water contamination""}, {""subject"": ""wildfire smoke"", ""relation"": ""causes"", ""object"": ""air pollution""}, {""subject"": ""air pollution"", ""relation"": ""increases_risk_of"", ""object"": ""respiratory disease""}, {""subject"": ""wildfire event"", ""relation"": ""increases_risk_of"", ""object"": ""forced migration""}, {""subject"": ""wildfire event"", ""relation"": ""increases_risk_of"", ""object"": ""conflict""}]","[""Integration of climate and biodiversity research communities"", ""Harmonisation of COP processes"", ""Implementation of existing COP commitments"", ""Health professional engagement in climate advocacy""]",Climate change and biodiversity loss are one indivisible global health crisis requiring unified international action and WHO declaration as a Public Health Emergency.,high,success
W4399028104,True,"[""PM2.5"", ""other""]","[""respiratory""]","[""general""]",cross_sectional,[],not_specified,none,"[""nasal mucosal alterations"", ""airway immune response modification"", ""epithelial barrier dysfunction""]",[],"[{""subject"": ""air pollutants"", ""relation"": ""causes"", ""object"": ""nasal mucosal alterations""}, {""subject"": ""nasal mucosal alterations"", ""relation"": ""mediates"", ""object"": ""allergic rhinitis""}]",[],"Air pollutants alter nasal mucosal biology through multi-omic mechanisms, increasing allergic rhinitis risk.",low,success
W1910921273,False,[],[],[],other,"[""Australia""]",national,none,[],[],[],[],"Climate change will have spatially diverse impacts on Australian agriculture, with south-west Australia at particular risk; adaptation strategies and R&D investment will be critical.",low,success
W4211079548,True,"[""PM2.5"", ""other""]","[""neurological"", ""reproductive""]","[""pregnant"", ""other""]",experimental,"[""Mexico""]",local,explicit,"[""nanoparticle translocation across placenta"", ""endothelial uptake via caveolar transport"", ""erythroblast-mediated nanoparticle carriage"", ""fetal brain nanoparticle accumulation"", ""neuronal and glial nanoparticle deposition""]","[""residence in polluted urban areas""]","[{""subject"": ""wildfire event"", ""relation"": ""causes"", ""object"": ""PM2.5""}, {""subject"": ""PM2.5"", ""relation"": ""causes"", ""object"": ""nanoparticle inhalation""}, {""subject"": ""nanoparticle inhalation"", ""relation"": ""causes"", ""object"": ""placental nanoparticle accumulation""}, {""subject"": ""placental nanoparticle accumulation"", ""relation"": ""causes"", ""object"": ""fetal brain nanoparticle deposition""}, {""subject"": ""fetal brain nanoparticle deposition"", ""relation"": ""increases_risk_of"", ""object"": ""neurological developmental impairment""}]","[""postnatal health consequences of prenatal nanoparticle exposure"", ""long-term neurodegenerative effects""]","Anthropogenic nanoparticles penetrate the placental barrier and accumulate in fetal brains as early as 8-15 weeks of gestation, raising concerns about neurological consequences.",high,success
W2396195313,True,"[""direct_fire""]","[""burns_injury"", ""other""]","[""other""]",case_control,"[""Belgium""]",local,none,"[""carbapenem resistance"", ""colistin susceptibility""]","[""hospital infection control measures"", ""international patient transfers""]","[{""subject"": ""burn wounds"", ""relation"": ""increases_risk_of"", ""object"": ""Acinetobacter infection""}, {""subject"": ""extensively drug resistant Acinetobacter"", ""relation"": ""is_associated_with"", ""object"": ""treatment with colistin/rifampicin""}]","[""Limited discussion of mortality attribution mechanisms""]",Extensively drug-resistant Acinetobacter baumannii imported through burn patients required extensive infection control but did not increase attributable mortality.,high,success
W2040904585,True,"[""PM2.5"", ""other""]","[""respiratory"", ""cardiovascular"", ""other""]","[""general""]",systematic_review,[],global,none,"[""epigenetic modifications"", ""DNA methylation"", ""histone modifications"", ""oxidative stress"", ""inflammation""]",[],"[{""subject"": ""ambient air pollution"", ""relation"": ""causes"", ""object"": ""epigenetic modifications""}, {""subject"": ""ambient air pollution"", ""relation"": ""causes"", ""object"": ""adverse health effects""}, {""subject"": ""epigenetic modifications"", ""relation"": ""mediates"", ""object"": ""adverse health effects""}]","[""mechanisms of pathogenesis still under investigation""]",Epigenetic modifications mediate the adverse health effects of ambient air pollution exposure.,medium,success
W4318618562,False,[],[],"[""general"", ""other""]",qualitative,"[""Canada""]",national,implicit,[],"[""health communication framing"", ""sociodemographic awareness gaps"", ""risk perception differences""]",[],"[""differential knowledge of climate health impacts across populations""]",Health-framed climate communication increases risk perception; effectiveness varies by sociodemographic groups.,low,success
W2948396314,False,[],[],[],other,"[""Mexico""]",local,none,[],[],[],"[""Little known about fire return intervals in MBBR"", ""Relationship between fire and climate effects unclear"", ""Effects of fire on tree establishment patterns unknown""]",Coniferous forests in the Monarch Butterfly Biosphere Reserve experienced frequent (2-year) fires unrelated to climate or drought between 1925-2015.,high,success
W4206617559,False,[],[],[],systematic_review,[],global,none,[],[],[],[],"Deep learning and Earth observation synergistically advance monitoring and achievement of Sustainable Development Goals across agriculture, cities, climate, and biodiversity.",medium,success
W2077624707,True,"[""direct_fire""]","[""mental_health"", ""other""]","[""other""]",other,[],not_specified,none,[],[],"[{""subject"": ""burn injury"", ""relation"": ""increases_risk_of"", ""object"": ""depression""}, {""subject"": ""burn injury"", ""relation"": ""increases_risk_of"", ""object"": ""anxiety""}, {""subject"": ""depression"", ""relation"": ""is_associated_with"", ""object"": ""pain-related outcomes""}, {""subject"": ""anxiety"", ""relation"": ""is_associated_with"", ""object"": ""pain-related outcomes""}]",[],Depression and anxiety are distinct predictors of pain-related outcomes following burn injury.,low,success
W4400030714,True,"[""PM2.5"", ""other""]","[""cardiovascular"", ""respiratory"", ""other""]","[""general"", ""other""]",systematic_review,[],global,explicit,"[""pulmonary vascular dysfunction"", ""right heart impairment"", ""endothelial dysfunction"", ""systemic inflammation""]","[""healthcare accessibility"", ""healthcare system capacity"", ""climate adaptation barriers"", ""policy implementation gaps""]","[{""subject"": ""wildfire event"", ""relation"": ""increases_risk_of"", ""object"": ""environmental pollution""}, {""subject"": ""environmental pollution"", ""relation"": ""causes"", ""object"": ""pulmonary vascular disease""}, {""subject"": ""environmental pollution"", ""relation"": ""exacerbates"", ""object"": ""pulmonary arterial hypertension severity""}, {""subject"": ""environmental pollution"", ""relation"": ""increases_risk_of"", ""object"": ""pulmonary embolism""}, {""subject"": ""climate change"", ""relation"": ""exacerbates"", ""object"": ""pulmonary vascular disease outcomes""}]","[""Specific mechanisms linking pollution to PVD progression"", ""Long-term health outcomes in PVD populations"", ""Healthcare system adaptation strategies for PVD""]","Environmental pollution and climate change significantly increase pulmonary vascular disease severity and complications, with healthcare accessibility barriers amplifying patient vulnerability.",medium,success
W2254699095,False,[],[],[],systematic_review,[],not_specified,none,[],[],[],[],"Plant invasions alter soil seed banks, affecting resident community regeneration and resistance to further invasions.",medium,success
W4402350084,False,[],[],[],other,[],not_specified,none,[],[],[],[],"AI enhances resilience across infrastructure, disaster response, climate, healthcare, and community sectors.",low,success
W4307869020,False,[],[],[],cross_sectional,"[""United States""]",local,none,[],[],[],"[""Few studies assess healthcare professionals' local climate change experiences"", ""Limited knowledge of healthcare professional preparedness for climate discussions""]","While 60% of healthcare professionals recognize climate change health impacts, only 21% feel prepared to discuss it with patients.",medium,success
W2972560567,True,"[""wildfire_smoke""]","[""respiratory"", ""other""]",[],experimental,[],not_specified,none,"[""cell toxicity"", ""aryl hydrocarbon receptor activation"", ""estrogen receptor signalling"", ""oxidative stress"", ""charge transfer effects""]",[],"[{""subject"": ""wildfire smoke"", ""relation"": ""causes"", ""object"": ""phenolic compound exposure""}, {""subject"": ""phenolic compounds"", ""relation"": ""causes"", ""object"": ""cell toxicity""}, {""subject"": ""phenolic compounds"", ""relation"": ""causes"", ""object"": ""aryl hydrocarbon receptor activation""}, {""subject"": ""conjugated molecules in smoke"", ""relation"": ""increases_risk_of"", ""object"": ""aryl hydrocarbon receptor activity""}, {""subject"": ""woodsmoke aerosol"", ""relation"": ""is_associated_with"", ""object"": ""visible light absorption""}]","[""links between chemical components and biological effects"", ""formation of PAHs at lower combustion temperatures""]",Phenolic compounds from lignin decomposition drive toxicity of smoldering woodsmoke; toxicity not mediated by aryl hydrocarbon receptor.,high,success
W2791346760,False,[],[],[],modelling,"[""United States""]",local,none,[],[],[],[],"Study assesses future land-use and climate change impacts in North Kona, Hawaiʻi using multiple values framework.",low,success
W2765211014,True,"[""heat_stress"", ""wildfire_smoke""]","[""neurological""]","[""outdoor_workers""]",experimental,[],not_specified,none,"[""core temperature elevation"", ""thermal stress response"", ""euhydration maintenance""]",[],"[{""subject"": ""wildfire event"", ""relation"": ""increases_risk_of"", ""object"": ""heat_stress exposure""}, {""subject"": ""heat_stress"", ""relation"": ""is_associated_with"", ""object"": ""core temperature elevation""}, {""subject"": ""euhydration maintenance"", ""relation"": ""protects_against"", ""object"": ""cognitive impairment""}]","[""Effects of sustained heat exposure over multiple work shifts"", ""Cognitive performance with moderate dehydration states""]",Very hot conditions did not impair firefighter cognitive function; euhydration and core temperature drops during work breaks preserved cognition.,high,success
W2807883405,False,[],[],"[""rural""]",qualitative,"[""New Zealand""]",local,none,[],"[""rural livelihoods"", ""infrastructure damage"", ""economic disruption"", ""community decision-making power"", ""regional governance""]",[],[],Rural disaster recovery transforms local economies through community-driven initiatives capitalising on social and cultural capital.,medium,success
W3154746446,True,"[""fire_weather"", ""heat_stress"", ""wildfire_smoke"", ""other""]","[""respiratory"", ""cardiovascular"", ""neurological"", ""mortality"", ""other""]","[""general"", ""other""]",other,[],global,none,"[""heat stroke"", ""dehydration"", ""pathogen development in stagnant water""]","[""community relocation"", ""infrastructure failure"", ""economic harm"", ""reduced water access""]","[{""subject"": ""wildfire event"", ""relation"": ""causes"", ""object"": ""dust storms""}, {""subject"": ""wildfire event"", ""relation"": ""increases_risk_of"", ""object"": ""respiratory outcomes""}, {""subject"": ""wildfire event"", ""relation"": ""increases_risk_of"", ""object"": ""cardiovascular outcomes""}, {""subject"": ""fire_weather"", ""relation"": ""causes"", ""object"": ""heat waves""}, {""subject"": ""heat_stress"", ""relation"": ""causes"", ""object"": ""heat stroke""}, {""subject"": ""heat_stress"", ""relation"": ""causes"", ""object"": ""dehydration""}]",[],"Climate change and extreme events including wildfires increase heat stress and vector-borne disease risk, with cascading health impacts.",low,success
W3215312455,False,[],[],[],systematic_review,[],not_specified,none,[],[],[],"[""Few studies test resilience attributes across all system parts"", ""Most examples focus on ecological dimension only"", ""Meaningful quantification of attribute contributions remains challenging""]","Climate resilience in fisheries depends on 38 interdependent attributes across ecological, socio-economic, and governance dimensions with context-dependent mechanisms.",medium,success
W2887676412,False,[],[],[],systematic_review,"[""Europe""]",regional,none,[],[],[],"[""Growing need for research on land abandonment topic"", ""Assessment methods for socio-economic and cultural values""]",Farmland abandonment in Europe is driven by complex socio-economic factors with variable environmental impacts on ecosystem services.,medium,success
W3039422171,True,"[""fire_weather""]","[""respiratory""]","[""general""]",time_series,"[""United States""]",local,implicit,"[""airway inflammation"", ""allergic sensitization""]",[],"[{""subject"": ""fire_weather"", ""relation"": ""is_associated_with"", ""object"": ""changes in spring onset timing""}, {""subject"": ""changes in spring onset timing"", ""relation"": ""increases_risk_of"", ""object"": ""asthma hospitalization""}]","[""need to anticipate ongoing changes in allergy season severity""]",Changes in spring onset timing associated with climate variability are linked to increased asthma hospitalization.,medium,success
W4405457048,True,"[""fire_weather"", ""heat_stress"", ""displacement"", ""other""]","[""respiratory"", ""other""]","[""general"", ""rural"", ""low_income""]",systematic_review,"[""Ethiopia""]",national,explicit,"[""heat-related illness pathways""]","[""high poverty rates"", ""rapid population growth"", ""rain-fed agriculture reliance"", ""limited healthcare access"", ""low socioeconomic status""]","[{""subject"": ""wildfire event"", ""relation"": ""exacerbates"", ""object"": ""vector-borne disease spread""}, {""subject"": ""heat_stress"", ""relation"": ""increases_risk_of"", ""object"": ""infectious disease prevalence""}, {""subject"": ""wildfire event"", ""relation"": ""causes"", ""object"": ""displacement and livelihood disruption""}]","[""Limited data on specific health outcome mechanisms"", ""Need for region-specific climate adaptation strategies""]","Ethiopia faces increasing climate extremes with severe impacts on health, environment, and livelihoods, particularly in vulnerable regions.",medium,success
W4377966156,False,[],[],[],other,"[""Australia"", ""Canada"", ""Indonesia"", ""Portugal"", ""United States""]",global,none,[],[],[],"[""Understanding drivers of differential public interest across regions"", ""Mechanisms linking public interest to policy implementation success""]","Global public interest in wildfires shows seasonal spikes during fire events but remains low relative to other disasters, potentially hindering year-round mitigation policy implementation.",medium,success
W2796765604,False,[],[],[],other,"[""United States""]",regional,none,[],[],[],[],Climate Impacts Group conducts interdisciplinary research on climate impacts and resilience for Pacific Northwest policymakers.,low,success
W2752737474,False,[],[],[],systematic_review,[],not_specified,none,[],[],[],[],Smart cities require systematic privacy protection through technologies and frameworks to prevent discrimination and social sorting.,low,success
W2339225949,True,"[""heat_stress"", ""fire_weather"", ""other""]","[""respiratory"", ""cardiovascular"", ""mortality"", ""other""]","[""general"", ""children"", ""elderly"", ""low_income"", ""other""]",qualitative,"[""Australia"", ""Spain"", ""South Africa"", ""United States"", ""Chile""]",regional,implicit,[],"[""socioeconomic status"", ""local vulnerability challenges"", ""healthcare access disparities""]","[{""subject"": ""wildfire event"", ""relation"": ""increases_risk_of"", ""object"": ""heat stress""}, {""subject"": ""wildfire event"", ""relation"": ""increases_risk_of"", ""object"": ""respiratory disease""}, {""subject"": ""wildfire event"", ""relation"": ""increases_risk_of"", ""object"": ""cardiovascular disease""}]","[""Health risk assessment frameworks for Med-cities"", ""Comparative policy effectiveness across different socio-economic contexts"", ""Long-term adaptation strategy implementation and monitoring""]",Mediterranean cities address climate health drivers variably; adaptation recommendations should align with local vulnerability and socioeconomic characteristics.,medium,success
W2168163816,True,"[""wildfire_smoke"", ""PM2.5""]","[""respiratory"", ""other""]",[],experimental,"[""Brazil""]",regional,none,"[""genetic damage"", ""micronucleus formation""]",[],"[{""subject"": ""wildfire smoke"", ""relation"": ""causes"", ""object"": ""PM2.5""}, {""subject"": ""wildfire smoke"", ""relation"": ""increases_risk_of"", ""object"": ""genetic damage""}, {""subject"": ""PM2.5"", ""relation"": ""is_associated_with"", ""object"": ""respiratory morbidity""}]",[],"Biomass burning pollutants in Brazilian Amazon induced genetic damage in plants, most prominent during dry season with elevated respiratory morbidity.",medium,success
W2261150581,False,[],[],[],other,[],not_specified,none,[],[],[],[],"Power laws are nontrivial quantitative economic laws with empirical and theoretical grounding across cities, firms, and markets.",low,success
W2564262530,False,[],[],[],modelling,[],global,none,[],[],[],"[""Current models lack bidirectional Earth-Human System coupling"", ""Human System variables driven by exogenous estimates"", ""Missing feedbacks in real Earth-Human systems"", ""Insufficient integration of social and natural sciences""]","Current Earth System Models lack bidirectional coupling with Human Systems, missing critical feedbacks needed for accurate sustainability predictions.",medium,success
W4401072667,False,"[""wildfire_smoke"", ""fire_weather""]",[],"[""indigenous""]",qualitative,"[""United States""]",regional,explicit,[],"[""indigenous land stewardship"", ""cultural practices"", ""social justice"", ""equity""]","[{""subject"": ""wildfire smoke"", ""relation"": ""is_associated_with"", ""object"": ""vulnerability""}, {""subject"": ""wildfire smoke"", ""relation"": ""is_associated_with"", ""object"": ""climate crisis""}]",[],Indigenous stewardship practices provide exemplar approaches to achieving climate resilience and addressing wildfire vulnerability.,low,success
W4318754076,False,[],[],[],systematic_review,[],global,none,[],[],[],[],UV radiation and climate interact to affect terrestrial ecosystem structure and function; Montreal Protocol protects ozone and carbon sequestration.,medium,success
W2944706802,True,"[""displacement""]","[""mental_health""]","[""general""]",cross_sectional,"[""Canada""]",local,none,"[""sleep disruption""]","[""evacuation stress"", ""disaster exposure""]","[{""subject"": ""wildfire event"", ""relation"": ""causes"", ""object"": ""displacement""}, {""subject"": ""wildfire event"", ""relation"": ""increases_risk_of"", ""object"": ""post-traumatic stress disorder""}, {""subject"": ""wildfire event"", ""relation"": ""increases_risk_of"", ""object"": ""insomnia""}, {""subject"": ""wildfire event"", ""relation"": ""increases_risk_of"", ""object"": ""depression""}, {""subject"": ""traumatic exposure"", ""relation"": ""exacerbates"", ""object"": ""sleep problems""}, {""subject"": ""sleep problems"", ""relation"": ""is_associated_with"", ""object"": ""post-traumatic stress disorder""}]",[],29.1% of Fort McMurray evacuees met PTSD criteria; 43.6% experienced insomnia linked to fires.,high,success
W3101440763,False,[],[],[],other,[],not_specified,none,[],[],[],[],The abstract is not provided; only title and citation metadata are available.,low,success
W3133180219,True,"[""fire_weather"", ""heat_stress"", ""other""]","[""mortality"", ""other""]","[""elderly"", ""general""]",modelling,"[""United Kingdom"", ""Puerto Rico""]",national,explicit,[],"[""urban population concentration"", ""preparedness gaps""]","[{""subject"": ""wildfire event"", ""relation"": ""increases_risk_of"", ""object"": ""mortality""}, {""subject"": ""fire_weather"", ""relation"": ""increases_risk_of"", ""object"": ""heat-related mortality""}, {""subject"": ""anthropogenic climate change"", ""relation"": ""increases_risk_of"", ""object"": ""extreme weather events""}]","[""under-utilised data source for climate risks"", ""need for improved preparedness strategies""]",UK attributable excess deaths since 2000 number at least 1500; heat-related mortality risk to elderly urban populations projected to increase 50% by 2028 and 150% by 2043 without adaptation.,medium,success
W4390913855,False,[],[],"[""indigenous""]",qualitative,"[""Bangladesh""]",local,explicit,[],"[""indigenous knowledge systems"", ""cultural practices"", ""community empowerment"", ""top-down vs inclusive approaches"", ""colonial adaptation paradigms""]",[],[],Indigenous knowledge and community-based practices enhance climate adaptation resilience more effectively than Western-centric approaches.,medium,success
W3199789418,False,"[""PM2.5"", ""other""]",[],[],systematic_review,[],global,none,[],[],[],"[""Reduce uncertainties in diffuse source emissions"", ""Improve particulate matter chemical component characterization"", ""Better understand shipping emission impacts"", ""Integrate indoor and outdoor air quality observations"", ""Improve satellite-based remote sensing integration"", ""Connect physical scales in air quality modelling"", ""Understand particle number health impacts"", ""Improve high-resolution urban pollution distribution predictions""]","Air quality research requires advances in emissions characterization, integrated observations, multi-scale modelling, and understanding of particulate matter health impacts.",high,success
W4283323297,False,[],[],[],modelling,[],not_specified,none,[],"[""peer pressure"", ""fear of infection""]",[],[],Disease-behavior coupled dynamics exhibit critical transitions in attack rate dependent on transmission probability and mask-wearing compliance.,medium,success
W2990912469,False,[],[],"[""indigenous"", ""low_income""]",qualitative,"[""United States""]",local,explicit,[],"[""low socioeconomic status"", ""food insecurity"", ""limited food access"", ""climate change impacts"", ""wildfire impacts on food systems""]","[{""subject"": ""wildfire event"", ""relation"": ""exacerbates"", ""object"": ""food insecurity""}, {""subject"": ""climate change"", ""relation"": ""increases_risk_of"", ""object"": ""wildfire incidence""}, {""subject"": ""climate change"", ""relation"": ""exacerbates"", ""object"": ""wild food system disruption""}]","[""Community-based strategies to strengthen wild food knowledge needed"", ""Wildfire impacts on Indigenous food sovereignty unclear""]","Wild food procurement improves food security in Indigenous communities, but climate change and wildfire threaten wild food systems.",medium,success
W2807629277,False,"[""heat_stress"", ""fire_weather""]",[],[],modelling,"[""Europe""]",regional,none,[],[],[],"[""Predictability of heat wave onset and end timing"", ""Prediction of extreme temperature intensity characteristics""]","Heat and cold waves show significant predictability within 2-week lead time, with higher skill for winter cold waves than summer heat waves.",high,success
W4317622048,False,"[""heat_stress""]",[],[],modelling,"[""China""]",national,none,[],[],[],"[""variations of thermal stress in China at fine scale not fully understood""]","Generated first 1 km resolution monthly thermal index dataset over China 2003–2020 showing increasing trends, especially in North China and Southwest China.",high,success
W3150615185,False,[],[],[],systematic_review,[],not_specified,none,[],[],[],"[""Hyperspectral sensors poorly used for pest detection"", ""Lack of flexible open-source image analysis tools"", ""Poor sensor and platform interoperability at scale""]","UAV-remote sensing is ready for practical forest management applications but faces critical barriers in sensor utilization, software flexibility, and data interoperability.",high,success
W2115852009,False,[],[],[],other,"[""Australia""]",not_specified,none,[],[],[],[],"Journal scope covers plant science research including ecology, conservation biology, and forest management.",low,success
W2155135238,False,"[""direct_fire""]",[],[],systematic_review,"[""United States""]",not_specified,none,[],[],[],"[""Limited understanding of RP in mass evacuation scenarios"", ""Need for research beyond single case studies""]",Risk perception influences fire evacuation behavior through emotional and cognitive pathways modulated by situational and individual factors.,medium,success
W4379055202,False,"[""fire_weather"", ""other""]",[],[],modelling,"[""Africa""]",regional,none,[],[],"[{""subject"": ""wildfire event"", ""relation"": ""is_associated_with"", ""object"": ""fire risk in African savannahs""}, {""subject"": ""wildfire event"", ""relation"": ""is_associated_with"", ""object"": ""reduced agricultural productivity""}]",[],"Africa faces rising temperatures and increased fire risk in savannahs, with projections of harsher climate conditions affecting agriculture and food security by 2040.",medium,success
W4310764226,False,"[""wildfire_smoke""]",[],"[""low_income"", ""homeless"", ""outdoor_workers""]",other,"[""United States""]",national,explicit,[],"[""low socioeconomic status"", ""housing instability"", ""economic barriers""]","[{""subject"": ""wildfire smoke"", ""relation"": ""is_associated_with"", ""object"": ""labor sectors""}, {""subject"": ""wildfire smoke"", ""relation"": ""is_associated_with"", ""object"": ""housing stability""}, {""subject"": ""wildfire smoke"", ""relation"": ""is_associated_with"", ""object"": ""education""}, {""subject"": ""wildfire smoke"", ""relation"": ""exacerbates"", ""object"": ""economic vulnerability""}]",[],Wildfire smoke disproportionately disrupts economies and disadvantages vulnerable populations in the United States.,low,success
W4322491157,False,[],[],[],modelling,"[""United States""]",regional,none,[],[],[],"[""Fire severity thresholds for multi-objective restoration unclear"", ""Long-term efficacy of managed wildfire unknown"", ""Species composition restoration mechanisms understudied""]","Moderate-severity fire can restore basal area and density in dry forests, but single fires cannot restore historical species composition.",high,success
W2256238626,False,[],[],[],other,"[""Canada""]",regional,none,[],[],[],[],Snowshoe hare populations exhibit 10-year cycles tracked through Hudson's Bay Company fur trading records.,low,success
W2957814480,False,"[""other""]",[],[],other,"[""Australia""]",local,explicit,[],"[""community preparedness"", ""disaster response capacity"", ""community recovery resources"", ""social vulnerability""]",[],[],Strength-based social vulnerability index identifies hotspots for disaster preparedness and resource allocation in Wollongong.,low,success
W3208181706,False,[],[],[],other,[],not_specified,none,[],[],[],[],Natural disasters originate from six hazard categories with varying impacts on human environments and require preparedness strategies.,low,success
W2565903393,False,[],[],[],modelling,"[""Brazil"", ""South America"", ""Latin America"", ""United States"", ""China"", ""Europe""]",global,none,[],[],[],[],"El Niño 2015-2016 created optimal temperature conditions for Zika transmission risk in South America, the highest since 1950.",medium,success
W4390063268,False,[],[],[],other,"[""United States""]",local,none,[],[],[],"[""Need additional research across western Cascades on historical fire""]","Historical fire return intervals in Oregon's coast Douglas-fir forests ranged from 6 to 165 years, suggesting Indigenous fire stewardship and more frequent fire than previously documented.",high,success
W2072100884,False,[],[],[],other,"[""Brazil""]",regional,none,[],[],[],[],"Bamboo forests covering 161,500 km² in southwest Amazon have synchronized 27-28 year life cycles with predictable flowering waves.",high,success
W2287055131,False,[],[],[],modelling,"[""Europe""]",regional,none,[],[],[],[],"Droughts in Europe show increasing frequency, duration, and intensity over 1950–2012, with projections indicating reinforcement during the 21st century.",medium,success
W2157249822,False,[],[],[],qualitative,"[""United States""]",regional,none,[],[],[],[],Community-based forestry organizations use adaptive management and social learning to improve collaborative monitoring practices.,low,success
W4220970334,False,[],[],[],systematic_review,"[""Brazil"", ""South America""]",regional,none,[],"[""economic losses"", ""reduced economic opportunities"", ""forest-dependent communities""]",[],[],"Deforestation and selective logging reduce forest plant species and biodiversity, causing economic losses for forest-dependent communities.",medium,success
W3106438209,True,"[""PM2.5"", ""other""]","[""respiratory"", ""cardiovascular"", ""mortality""]","[""general"", ""children"", ""elderly""]",time_series,"[""Portugal""]",regional,explicit,"[""airway inflammation"", ""oxidative stress"", ""endothelial dysfunction""]","[""urban-suburban residential location"", ""age-related vulnerability"", ""metropolitan area residence""]","[{""subject"": ""air pollution"", ""relation"": ""increases_risk_of"", ""object"": ""respiratory disease emergency admissions""}, {""subject"": ""air pollution"", ""relation"": ""increases_risk_of"", ""object"": ""cardiovascular disease emergency admissions""}, {""subject"": ""ozone"", ""relation"": ""increases_risk_of"", ""object"": ""respiratory disease in children""}, {""subject"": ""PM10"", ""relation"": ""increases_risk_of"", ""object"": ""respiratory disease in elderly""}, {""subject"": ""carbon monoxide"", ""relation"": ""increases_risk_of"", ""object"": ""emergency hospital admissions""}]",[],"Air pollutants show positive associations with emergency hospital admissions for respiratory and cardiovascular diseases; elderly most impacted by PM10, children by ozone.",high,success
W2201075824,False,[],[],[],other,[],not_specified,none,[],[],[],[],"Edible insects offer sustainable protein alternatives with nutritional benefits, but consumer acceptance and regulatory frameworks require urgent development.",low,success
W4320148254,False,"[""direct_fire""]",[],[],other,"[""Australia""]",regional,none,[],[],[],"[""Foundational national datasets for megafire biodiversity impacts"", ""Post-fire recovery barriers across biomes"", ""Fire regime interactions with other threats""]",Novel frameworks identify plant species and ecosystems most impacted by megafires considering fire regime and recovery barriers.,medium,success
W4226135547,False,[],[],[],systematic_review,[],regional,none,[],[],[],"[""How forest management influences multiple ES provision"", ""Trade-offs and synergies between ES in Mediterranean"", ""Stand structure effects on specific ES"", ""Coppice vs high forest management outcomes"", ""Climate change and disturbance impacts at landscape scale"", ""Integration of social and cultural services""]","Forest management for multiple ecosystem services in Mediterranean forests requires adaptive, flexible approaches beyond traditional service-based paradigms.",high,success
W4319868346,False,"[""wildfire_smoke"", ""PM2.5""]",[],"[""rural""]",other,[],not_specified,implicit,[],"[""rural location"", ""limited air quality monitoring""]",[],[],Spatial proximity to wildfires serves as a simple proxy for measuring wildfire smoke exposure in rural settings.,low,success
W2947504230,False,"[""other""]",[],[],experimental,[],not_specified,none,[],[],[],[],Activated carbon combined with spunbond and meltblown materials absorbs toxic gases more effectively than standard surgical masks.,medium,success
W3142811340,True,"[""PM2.5"", ""other""]","[""respiratory"", ""other""]","[""general""]",qualitative,[],not_specified,none,[],"[""health information access"", ""behavior change support"", ""app usability""]","[{""subject"": ""air quality information"", ""relation"": ""is_associated_with"", ""object"": ""health protective behaviors""}, {""subject"": ""symptom experience"", ""relation"": ""increases_risk_of"", ""object"": ""app engagement""}]","[""generalizability beyond studied populations"", ""long-term app effectiveness assessment""]",AirRater app users reported using real-time air quality information to support health-protective behavior change decisions.,medium,success
W4401333573,False,"[""direct_fire""]",[],[],time_series,"[""United States""]",national,none,[],"[""displacement""]","[{""subject"": ""wildfire event"", ""relation"": ""causes"", ""object"": ""built environment destruction""}, {""subject"": ""built environment destruction"", ""relation"": ""causes"", ""object"": ""human migration""}]",[],Only extreme wildfires destroying 258+ structures significantly influenced human migration patterns in the U.S.,high,success
W3127645376,False,[],[],[],systematic_review,[],not_specified,none,[],[],[],"[""Direct linking of livestock production to human health unknown"", ""Few studies on grass-fed meat/dairy effects on human health"", ""Phytochemical richness effects on human metabolism understudied""]","Grass-fed livestock products contain higher phytonutrient concentrations than grain-fed products, with potential anti-inflammatory and cardioprotective health benefits.",medium,success
W2945230861,False,"[""other""]",[],[],experimental,[],not_specified,none,"[""Ahr2-dependent Cyp1a protein expression"", ""oxidative stress pathway activation"", ""ion transport signaling"", ""developmental toxicity mechanisms""]",[],"[{""subject"": ""PAH exposure"", ""relation"": ""causes"", ""object"": ""cyp1a transcript elevation""}, {""subject"": ""PAH exposure"", ""relation"": ""causes"", ""object"": ""Ahr2-dependent Cyp1a protein expression""}, {""subject"": ""PAH exposure"", ""relation"": ""causes"", ""object"": ""developmental toxicity in zebrafish""}, {""subject"": ""PAH exposure"", ""relation"": ""causes"", ""object"": ""unique pathway enrichment (ion transport)""}]","[""Need to understand mechanisms of developmental toxicity of varied PAHs"", ""Molecular events downstream of Ahr2 pathway remain unclear""]",PAHs cluster into two groups with distinct transcriptomic signatures; Cluster B PAHs activate Ahr2 and diverse downstream pathways including ion transport signaling.,high,success
W4376134580,False,"[""heat_stress"", ""other""]",[],[],other,"[""United States""]",global,implicit,[],"[""energy_insecurity"", ""limited_healthcare_access"", ""low_socioeconomic_status""]","[{""subject"": ""climate_change"", ""relation"": ""increases_risk_of"", ""object"": ""heat_stress""}, {""subject"": ""heat_stress"", ""relation"": ""causes"", ""object"": ""health_consequences""}, {""subject"": ""energy_insecurity"", ""relation"": ""exacerbates"", ""object"": ""health_vulnerability""}]","[""Optimal energy storage and smart control system design"", ""Cooling technology effectiveness for vulnerable populations"", ""Energy access in refugee settings""]",Clean energy infrastructure and efficient heating/cooling technologies are essential for protecting vulnerable populations from climate-related health risks.,low,success
W3187394914,False,[],[],[],cross_sectional,"[""Malaysia"", ""Saudi Arabia"", ""Pakistan"", ""Bangladesh"", ""China"", ""India"", ""Indonesia""]",regional,implicit,[],"[""financial constraints"", ""remote learning"", ""academic uncertainty"", ""career uncertainty""]",[],[],"21.9% of Asian university students experienced mild-moderate anxiety during COVID-19 lockdown, with significant gender and country-level differences.",high,success
W1516665721,False,[],[],[],experimental,[],not_specified,none,[],[],[],[],Rhizoremediation using Pseudomonas putida and indigenous microbes restored fire-affected soil to pre-fire status within 8 months.,medium,success
W2092069366,True,"[""heat_stress""]","[""other""]","[""outdoor_workers""]",cross_sectional,"[""Hong Kong""]",local,implicit,"[""core body temperature regulation"", ""heat-related physiological strain""]","[""occupational exposure"", ""physically demanding work conditions""]","[{""subject"": ""heat_stress"", ""relation"": ""causes"", ""object"": ""physiological strain in construction workers""}, {""subject"": ""hot and humid weather"", ""relation"": ""exacerbates"", ""object"": ""heat stress effects""}]",[],WBGT is the most accurate environmental indicator for predicting heat stress effects on construction workers.,high,success
W3047241709,False,[],[],[],cross_sectional,"[""Greece"", ""Serbia"", ""Romania""]",regional,none,[],[],[],[],Tourists' personality and sociodemographic characteristics influence tourism worries and behavior after natural hazards.,medium,success
W2809135369,False,"[""direct_fire""]",[],[],cross_sectional,"[""Argentina""]",local,none,[],[],[],[],Wildfire increased water temperature and dissolved solids in headwater streams but altered macroinvertebrate community composition without reducing overall richness.,high,success
W3047657090,False,"[""wildfire_smoke"", ""direct_fire""]",[],"[""general"", ""rural""]",cross_sectional,"[""United States""]",local,implicit,[],"[""limited disaster preparedness"", ""household capacity disparities"", ""collective action challenges"", ""socioeconomic disparities in mitigation""]","[{""subject"": ""wildfire event"", ""relation"": ""exacerbates"", ""object"": ""pandemic response challenges""}, {""subject"": ""COVID-19 pandemic"", ""relation"": ""exacerbates"", ""object"": ""wildfire evacuation difficulties""}, {""subject"": ""COVID-19 pandemic"", ""relation"": ""increases_risk_of"", ""object"": ""household safety disparities""}]","[""Whether COVID-19 impacts wildfire preparation ability"", ""Extent of household safety impacts from dual hazards"", ""How pandemic widens existing preparedness disparities""]",COVID-19 exacerbates wildfire safety challenges and widens disparities in household wildfire risk mitigation capacity in rural Arizona.,medium,success
W2357149713,False,[],[],[],other,"[""Canada"", ""United Kingdom""]",local,none,[],[],[],[],Green infrastructure investments enhance ecosystem resilience and reduce urban vulnerability to climate extremes.,medium,success
W4377194854,True,"[""wildfire_smoke"", ""PM2.5""]","[""respiratory"", ""other""]","[""outdoor_workers"", ""rural""]",other,"[""United States""]",local,implicit,[],"[""rural location"", ""limited monitoring infrastructure"", ""occupational exposure"", ""low-cost monitoring access""]","[{""subject"": ""wildfire smoke"", ""relation"": ""increases_risk_of"", ""object"": ""respiratory health effects in agricultural workers""}, {""subject"": ""wildfire smoke"", ""relation"": ""is_associated_with"", ""object"": ""crop health impacts""}]","[""sensor performance under wildfire smoke conditions""]",Low-cost smoke sampling platforms can provide real-time air quality data to protect agricultural worker and crop health in rural areas.,medium,success
W4313233143,False,[],[],[],modelling,"[""Brazil""]",regional,none,[],[],[],[],Land cover type determines fire regime characteristics; savannas and evergreen forests burn largest areas with longest duration.,high,success
W2949838566,False,[],[],[],cross_sectional,"[""Australia""]",local,none,[],[],[],[],"Car strikes, dog attacks, and entanglements are leading causes of wildlife hospital admissions in urbanising Queensland, with high associated mortality.",high,success
W2953334405,False,[],[],[],modelling,"[""United States""]",regional,none,[],[],[],[],Prescribed fire minimizes carbon emissions and maintains biodiversity better than fire exclusion or wildfire scenarios in southeastern pinelands.,high,success
W2345709169,False,[],[],[],other,[],not_specified,none,[],[],[],[],Parallel and distributed simulation remains an active research field with emerging applications in large-scale systems and cloud computing.,low,success
W2554778377,False,[],[],[],other,[],not_specified,none,[],[],[],[],Urban sustainability and resilience require bridging research and practice through understanding how urban actors build capacities for change.,low,success
W4391031023,False,[],[],[],qualitative,[],not_specified,none,[],[],[],[],"Ecological changes evoke multiple types of grief and loss, including ambiguous, nonfinite, and disenfranchised grief, affecting sustainability efforts.",medium,success
W2171885292,False,[],[],[],cross_sectional,"[""United States""]",national,none,[],[],[],[],"Collaborative partnerships foster learning and belief change in aquaculture stakeholders through procedural fairness, trust, and diverse participation.",medium,success
W2289208157,False,[],[],[],other,"[""Australia""]",local,none,[],[],[],[],"Australian tropical savanna understory contributed 32% of total ecosystem GPP, with strong seasonal variation peaking in wet season.",high,success
W4220894081,True,"[""wildfire_smoke"", ""PM2.5""]","[""respiratory"", ""cardiovascular""]","[""general"", ""elderly"", ""indigenous"", ""racial_minorities""]",systematic_review,[],not_specified,explicit,[],[],"[{""subject"": ""wildfire smoke"", ""relation"": ""causes"", ""object"": ""PM2.5""}, {""subject"": ""PM2.5"", ""relation"": ""increases_risk_of"", ""object"": ""respiratory hospitalisations""}, {""subject"": ""PM2.5"", ""relation"": ""increases_risk_of"", ""object"": ""cardiovascular hospitalisations""}, {""subject"": ""wildfire smoke"", ""relation"": ""increases_risk_of"", ""object"": ""respiratory disease""}, {""subject"": ""wildfire smoke"", ""relation"": ""increases_risk_of"", ""object"": ""cardiovascular disease""}]","[""Understanding impacts of wildfire smoke on health in vulnerable populations""]","Wildfire smoke exposure increases respiratory and cardiovascular hospitalisations, with elderly, Black, and Indigenous populations showing heightened susceptibility.",high,success
W4214914082,False,[],[],[],systematic_review,"[""Canada""]",regional,none,[],[],[],"[""Factors influencing unburnt areas poorly understood"", ""Limited knowledge of refugia role across taxa""]","Fire refugia in Alberta forests are critical for species survival and landscape regeneration, with persistence influenced by topography, moisture, and microclimate.",high,success
W4403045983,False,[],[],[],systematic_review,[],global,none,[],[],[],"[""Advanced technologies integration in forestry research"", ""Socioeconomic impacts of forest-based livelihoods"", ""Innovative reforestation techniques""]",Forestry sciences significantly contribute to SDGs 15 and 13 through biodiversity conservation and climate mitigation.,medium,success
W2125777146,False,[],[],[],cross_sectional,"[""Rwanda""]",local,none,[],[],[],"[""Research in low-resource settings with general populations""]",WHODAS-Child is reliable for assessing functional impairment in Rwandan children with psychosocial problems.,medium,success
W2942601404,False,"[""fire_weather""]",[],[],modelling,"[""Australia""]",regional,none,[],[],[],[],Fire regime and understory type determine eucalypt canopy tree population persistence in Australian savannas; annual fires prevent survival.,high,success
W3157159264,False,[],[],[],qualitative,"[""Ireland""]",national,none,[],[],[],[],"Field burning is a culturally-significant livelihood practice in Irish uplands, threatened by regulation and public concern about wildfires.",high,success
W4389335534,False,[],[],[],experimental,"[""Australia""]",local,none,[],[],[],[],Stalagmites can serve as high-resolution proxies for reconstructing paleofire activity within 3 km of cave sites.,high,success
W4402395884,False,[],[],[],systematic_review,[],not_specified,none,[],[],[],"[""Understanding broad-scale groundwater modifications post-fire"", ""Quantifying fire-induced alterations in precipitation and wind patterns"", ""Integrating climate changes into recharge projection models"", ""Site-specific vegetation recovery and ash removal effects""]","Post-fire groundwater recharge models must integrate fire-induced water balance shifts, vegetation recovery, and site-specific hydrological parameters to guide land-use policy.",high,success
W4405216820,False,[],[],[],modelling,"[""United States"", ""Canada""]",regional,none,[],[],[],[],"Drought amplifies post-fire tree mortality across conifers, with 2-SD increase in climatic water deficit raising mortality probability by 78%.",high,success
W4399365175,True,"[""PM2.5""]","[""cardiovascular"", ""respiratory"", ""mortality""]","[""general"", ""low_income""]",cohort,"[""China""]",regional,explicit,"[""oxidative stress"", ""systemic inflammation"", ""endothelial dysfunction"", ""airway inflammation""]","[""education level"", ""income status""]","[{""subject"": ""PM2.5"", ""relation"": ""causes"", ""object"": ""cardiopulmonary mortality""}, {""subject"": ""PM2.5"", ""relation"": ""increases_risk_of"", ""object"": ""cardiovascular disease""}, {""subject"": ""PM2.5"", ""relation"": ""increases_risk_of"", ""object"": ""respiratory disease""}, {""subject"": ""PM2.5"", ""relation"": ""increases_risk_of"", ""object"": ""lung cancer""}, {""subject"": ""sulfate"", ""relation"": ""is_associated_with"", ""object"": ""cardiopulmonary mortality""}]","[""specific PM2.5 compositions most crucial remain unclear"", ""health effects in high pollution areas under-studied""]","Long-term PM2.5 inorganic composition exposure, especially sulfate, significantly increases cardiopulmonary mortality in Chinese cohort.",high,success
W3031864215,False,[],[],[],systematic_review,[],global,none,[],[],[],[],Biodiversity conservation strengthens ecosystem resilience and services under climate change impacts.,low,success
W3108651289,False,[],[],[],qualitative,"[""United States"", ""North America"", ""Americas"", ""Africa"", ""Eurasia""]",global,explicit,[],"[""systemic marginalization"", ""historical colonization"", ""inequitable access to resources""]",[],[],Archaeological perspectives on disease emergence reveal systemic disparities in pandemic impact on Indigenous and Black communities.,low,success
W4394806899,False,"[""wildfire_smoke"", ""direct_fire""]",[],[],systematic_review,[],global,implicit,[],"[""housing affordability"", ""historically disadvantaged communities""]",[],"[""critical areas for future research""]","Climate risks including wildfires affect real estate through price, loan performance, and migration, with disparate impacts on disadvantaged communities.",medium,success
W4401892063,False,[],[],[],qualitative,"[""United States""]",national,none,[],[],[],[],Federal environmental laws inhibit beneficial fire restoration and impede Tribal sovereignty; policy reforms are needed.,medium,success
W2418728724,False,[],[],[],systematic_review,"[""Canada""]",regional,none,[],[],[],"[""effects on regulating services still in debate"", ""knowledge gaps in ES framework for MPB management""]","Mountain pine beetle outbreaks negatively impact ecosystem services including water supply, food production, and cultural services in western Canada.",medium,success
W4380686498,False,"[""fire_weather"", ""heat_stress""]",[],[],modelling,"[""United States""]",national,none,[],[],"[{""subject"": ""greenhouse gas emissions"", ""relation"": ""causes"", ""object"": ""compound dry-hot extremes""}, {""subject"": ""urban development"", ""relation"": ""exacerbates"", ""object"": ""compound dry-hot extremes""}]",[],"Compound dry-hot extreme events will increase in frequency and duration across major U.S. cities, driven by greenhouse gas warming and amplified by urban development.",high,success
W4205270161,False,[],[],"[""indigenous"", ""rural"", ""low_income""]",qualitative,"[""United States""]",national,explicit,[],"[""limited healthcare access"", ""low socioeconomic status"", ""poor housing quality"", ""limited policy participation"", ""unequal power dynamics"", ""cultural marginalization""]",[],[],Federal wildfire policy barriers limit meaningful stakeholder collaboration with Tribes and communities disproportionately impacted by wildfires.,medium,success
W4377103583,False,[],[],[],other,[],not_specified,none,[],[],[],"[""UAV applications for early warning metrics not extensively explored"", ""Gap between field inventory and satellite remote sensing needs bridging""]",UAV-derived early warning metrics could improve drought-driven tree mortality predictions and forest carbon management.,low,success
W2554730348,True,"[""direct_fire""]","[""reproductive"", ""other""]","[""general""]",cohort,"[""United States""]",national,none,"[""reduced health capital""]","[""temporary disruption following storms"", ""post-disaster resource availability""]","[{""subject"": ""wildfire event"", ""relation"": ""increases_risk_of"", ""object"": ""reduced health capital""}, {""subject"": ""reduced health capital"", ""relation"": ""is_associated_with"", ""object"": ""lower adult income""}]","[""mechanisms underlying long-run health effects from early-life exposure""]",Fetal and infant exposure to hurricanes reduced adult income by approximately 5% through lower health capital.,high,success
W2058593648,True,"[""wildfire_smoke""]","[""other""]","[""outdoor_workers""]",experimental,[],not_specified,none,"[""sleep restriction""]",[],"[{""subject"": ""sleep restriction"", ""relation"": ""is_associated_with"", ""object"": ""reduced physical activity during rest periods""}, {""subject"": ""sleep restriction"", ""relation"": ""is_associated_with"", ""object"": ""behavioural adaptation to conserve effort""}]","[""Effects of sleep restriction on varying task duration"", ""Effects of sleep restriction on varying task intensity"", ""Effects of sleep restriction on varying task complexity""]",Four hours sleep restriction did not impair firefighter physical task performance but reduced activity during rest periods.,high,success
W3123008763,False,[],[],[],systematic_review,[],not_specified,none,[],[],[],[],"Literature review identified six leading themes in COVID-19 and tourism research, emphasizing resilience and sustainability.",low,success
W4391750201,True,"[""wildfire_smoke""]","[""reproductive"", ""respiratory"", ""mortality""]","[""pregnant"", ""children""]",cohort,"[""United States""]",local,explicit,"[""airway inflammation"", ""respiratory system irritation"", ""placental compromise""]",[],"[{""subject"": ""wildfire smoke"", ""relation"": ""increases_risk_of"", ""object"": ""prenatal loss""}, {""subject"": ""wildfire smoke"", ""relation"": ""increases_risk_of"", ""object"": ""respiratory problems in infants""}, {""subject"": ""wildfire smoke"", ""relation"": ""causes"", ""object"": ""poor air quality""}, {""subject"": ""poor air quality"", ""relation"": ""increases_risk_of"", ""object"": ""prenatal loss""}, {""subject"": ""poor air quality"", ""relation"": ""increases_risk_of"", ""object"": ""respiratory illness in infants""}]","[""wildfire smoke health effects need closer monitoring""]",Wildfire smoke exposure increased prenatal loss risk (RR=4.1) and infant respiratory illness (OR=4.47) in outdoor macaques.,high,success
W2980937016,True,"[""heat_stress"", ""other""]","[""mortality"", ""other""]","[""general"", ""low_income"", ""other""]",modelling,[],global,explicit,[],"[""low socioeconomic status"", ""food insecurity"", ""water scarcity"", ""disease burden"", ""violence"", ""migration displacement""]","[{""subject"": ""wildfire event"", ""relation"": ""is_associated_with"", ""object"": ""anthropogenic global warming""}, {""subject"": ""anthropogenic global warming"", ""relation"": ""causes"", ""object"": ""reduced food supplies""}, {""subject"": ""anthropogenic global warming"", ""relation"": ""causes"", ""object"": ""reduced water supplies""}, {""subject"": ""reduced food supplies"", ""relation"": ""increases_risk_of"", ""object"": ""hunger""}, {""subject"": ""reduced food supplies"", ""relation"": ""increases_risk_of"", ""object"": ""disease""}, {""subject"": ""reduced water supplies"", ""relation"": ""increases_risk_of"", ""object"": ""disease""}, {""subject"": ""anthropogenic global warming"", ""relation"": ""increases_risk_of"", ""object"": ""violence""}, {""subject"": ""anthropogenic global warming"", ""relation"": ""increases_risk_of"", ""object"": ""migration""}, {""subject"": ""anthropogenic global warming"", ""relation"": ""increases_risk_of"", ""object"": ""premature mortality""}]","[""Uncertainty increases with temporal distance"", ""Climate change feedback uncertainty"", ""Ecological cascade effects unknown"", ""Co-extinction interactions unclear""]","Carbon budget for 2°C warming will indirectly cause roughly 10⁹ future premature deaths, implying one death per 1,000 tonnes burned.",medium,success
W4403704056,False,[],[],[],modelling,[],global,none,[],[],[],"[""Mechanistic understanding of fragmentation-wildfire directions lacking"", ""Decoupling of fire severity traits not fully explained""]",Road fragmentation increases fire intensity and incidence in tropical deforested areas while suppressing global burned area.,high,success
W4306393601,False,[],[],[],systematic_review,[],not_specified,none,[],[],[],[],"Green, adaptable, and equitable infrastructures are key solutions for resilient built environments facing multiple crises.",medium,success
W2588476272,True,"[""heat_stress"", ""fire_weather""]","[""cardiovascular"", ""other""]","[""outdoor_workers""]",experimental,[],not_specified,none,"[""core temperature elevation"", ""heart rate increase"", ""thermal sensation perception"", ""hydration status changes""]",[],"[{""subject"": ""wildfire event"", ""relation"": ""causes"", ""object"": ""heat exposure""}, {""subject"": ""heat exposure"", ""relation"": ""exacerbates"", ""object"": ""sleep restriction effects""}, {""subject"": ""heat exposure"", ""relation"": ""increases_risk_of"", ""object"": ""task performance impairment""}]","[""whether findings hold for longer individual task durations""]",Hot conditions with sleep restriction impaired specific firefighting tasks but not physiological responses or overall performance.,high,success
W3013684001,False,[],[],"[""rural""]",qualitative,"[""Iran""]",local,explicit,[],"[""poverty"", ""lack of income alternatives"", ""lack of institutional mitigation policies"", ""limited economic diversification""]",[],"[""socio-economic consequences of lake desiccation on livelihoods""]","Lake Urmia desiccation has severely threatened rural livelihoods through ecosystem service loss, tourism decline, and agricultural losses.",medium,success
W2952803563,False,"[""fire_weather""]",[],[],other,"[""United States""]",national,none,[],[],[],[],NWS must deliver impact-based decision support services to improve preparedness for extreme weather and climate events.,low,success
W4386903273,False,"[""wildfire_smoke"", ""direct_fire""]",[],[],case_control,"[""United States""]",local,none,[],[],[],"[""Long-term costs of uncharacteristic wildfire rarely fully documented"", ""Need standardised approaches for full cost accounting""]","Schultz Fire costs totalled $109-114 million over 10 years, with post-wildfire flooding comprising majority of costs.",medium,success
W4312065955,True,"[""wildfire_smoke""]","[""other""]","[""general""]",experimental,[],not_specified,none,[],"[""health messaging effectiveness"", ""behavioral response to risk communication""]","[{""subject"": ""wildfire smoke"", ""relation"": ""increases_risk_of"", ""object"": ""health impacts""}, {""subject"": ""health messaging"", ""relation"": ""mediates"", ""object"": ""behavior change""}]",[],Online RCT testing message and messenger strategies for behavior change to mitigate wildfire smoke health impacts.,low,success
W3039075499,False,[],[],"[""general""]",cross_sectional,[],local,none,[],"[""risk perception"", ""community outrage"", ""environmental communication"", ""decision-maker-public dialogue""]",[],"[""objective risk assessment tools needed"", ""perceived versus real risk alignment unclear""]","Citizens near industrial plants perceive air pollution as highly worrying, but perceived risks may not align with actual risks.",medium,success
W4250498463,False,[],[],[],systematic_review,[],global,none,[],[],[],[],COVID-19 vaccination combined with public health measures is necessary for resuming sporting events and returning to normalcy.,low,success
W4288050601,False,[],[],[],systematic_review,"[""Canada""]",regional,none,[],[],[],"[""No documented synthesis of vegetation changes exists"", ""Critical research gaps for each vegetation community"", ""Responses under ongoing climate change warranted""]","Yukon vegetation communities are shifting due to climate warming and disturbances, but knowledge synthesis is lacking.",medium,success
W4395660569,False,[],[],[],modelling,"[""United States""]",national,none,[],[],[],[],Future climate change reduces prescribed fire opportunities in eastern US but increases them in northern regions.,high,success
W2109861196,False,[],[],[],other,"[""China""]",local,none,[],[],[],"[""understand complex preservation mechanisms"", ""confirm paleoenvironmental reconstruction"", ""link diversity to climate intervals""]",Jehol Biota represents highly diversified Early Cretaceous ecosystem with unique preservation and faunal exchanges across continents.,medium,success
W4220651971,True,"[""heat_stress""]","[""cardiovascular"", ""mortality""]","[""elderly"", ""general""]",time_series,[],not_specified,implicit,"[""cardiovascular strain from heat"", ""altered thermoregulation""]",[],"[{""subject"": ""warmer summer nocturnal temperatures"", ""relation"": ""increases_risk_of"", ""object"": ""cardiovascular disease mortality""}]",[],Warmer summer nights increase cardiovascular disease death risk in men aged 60-64 years in mid-latitude regions.,medium,success
W2115422174,False,[],[],[],other,"[""Ecuador""]",local,none,[],[],[],[],"Darwin's finches diversified through natural selection driven by environmental change, droughts, and food supply variation over millions of years.",medium,success
W2902242554,False,[],[],[],qualitative,[],not_specified,none,[],[],[],[],Educators should support students to imagine liveable futures through storytelling rather than colonizing or catastrophic narratives.,low,success
W4353068194,False,[],[],[],other,[],not_specified,none,[],[],[],[],"UAV systems offer superior repeat rate, spatial resolution, and accuracy for diverse forestry applications including wildfire management.",low,success
W4387874195,False,"[""fire_weather""]",[],[],modelling,"[""Colombia""]",local,none,[],"[""low educational attainment"", ""displacement by armed groups"", ""income inequality (GINI)""]","[{""subject"": ""elevated temperature"", ""relation"": ""increases_risk_of"", ""object"": ""wildfire occurrence""}, {""subject"": ""reduced humidity"", ""relation"": ""increases_risk_of"", ""object"": ""wildfire occurrence""}, {""subject"": ""strong winds"", ""relation"": ""increases_risk_of"", ""object"": ""wildfire propagation""}, {""subject"": ""precipitation"", ""relation"": ""protects_against"", ""object"": ""wildfire propagation""}, {""subject"": ""climate change"", ""relation"": ""causes"", ""object"": ""warmer conditions""}, {""subject"": ""warmer conditions"", ""relation"": ""increases_risk_of"", ""object"": ""year-round fire susceptibility""}]","[""Understanding long-term climate impacts on fire seasonality patterns""]","Elevated temperature, reduced humidity, and socioeconomic factors like low education and displacement significantly increase wildfire susceptibility in the Amazon.",medium,success
W4381429363,True,"[""fire_weather"", ""heat_stress""]","[""mortality"", ""other""]","[""elderly"", ""low_income""]",modelling,[],global,explicit,[],"[""low socioeconomic status"", ""age-related vulnerability"", ""binary risk classification""]","[{""subject"": ""climate extremes"", ""relation"": ""increases_risk_of"", ""object"": ""mortality in elderly populations""}, {""subject"": ""population ageing"", ""relation"": ""is_associated_with"", ""object"": ""increased climate vulnerability""}]","[""compounding impacts of ageing and climate change underexamined""]","Binary age classifications underestimate climate risks in ageing populations, particularly in lower-income countries.",medium,success
W1557730166,False,[],[],[],other,"[""United States""]",national,none,[],[],[],[],Fire suppression policy after 1910 reduced wildfire acreage but created long-term ecological risks.,low,success
W3089184558,True,"[""other""]","[""reproductive"", ""other""]","[""pregnant""]",experimental,[],not_specified,explicit,[],"[""health communication effectiveness"", ""information accessibility"", ""maternal health literacy""]","[{""subject"": ""climate change"", ""relation"": ""increases_risk_of"", ""object"": ""adverse pregnancy outcomes""}, {""subject"": ""narrative health information"", ""relation"": ""increases_risk_of"", ""object"": ""knowledge and risk perception""}]","[""optimal climate change health communication for pregnant women""]","Narrative health information format more effectively increases pregnant women's knowledge, risk perception, and self-efficacy regarding climate change health risks than didactic format.",medium,success
W3200321467,False,[],[],[],other,"[""Russia"", ""Australia"", ""Mozambique"", ""Egypt""]",global,none,[],"[""poverty"", ""inequality"", ""food insecurity""]",[],[],"The 2010 Russian flash drought reduced wheat production by 20 million metric tons, causing global wheat price increases and civil unrest in vulnerable countries.",medium,success
W1980863087,False,[],[],[],modelling,[],global,none,[],[],[],[],Integrated dryland monitoring frameworks combining environmental and socioeconomic models can reduce desertification uncertainty.,low,success
W2119357311,False,"[""fire_weather""]",[],"[""children""]",qualitative,"[""Australia""]",regional,implicit,[],"[""household disaster preparedness"", ""prior experience with bushfires""]",[],"[""how children conceptualise bushfire hazards"", ""children's existing knowledge of bushfire emergency response""]","Children aged 8–12 understand emergency response principles despite knowledge gaps, especially with household bushfire planning.",high,success
W4385488661,False,"[""fire_weather""]",[],"[""indigenous""]",qualitative,"[""Australia""]",local,explicit,[],"[""cultural disruption from colonization"", ""limited integration of indigenous knowledge"", ""socio-political barriers to co-management""]","[{""subject"": ""wildfire event"", ""relation"": ""exacerbates"", ""object"": ""landscape vulnerability""}, {""subject"": ""cultural burning practices"", ""relation"": ""protects_against"", ""object"": ""wildfire risk""}, {""subject"": ""colonial disruption"", ""relation"": ""exacerbates"", ""object"": ""wildfire risk""}]",[],Integration of Aboriginal fire knowledge with contemporary wildfire management restores landscape resilience and reduces bushfire risk.,medium,success
W2921348944,True,"[""wildfire_smoke"", ""heat_stress"", ""fire_weather"", ""other""]","[""respiratory"", ""cardiovascular"", ""mortality"", ""other""]","[""general""]",systematic_review,[],global,implicit,[],[],"[{""subject"": ""wildfire event"", ""relation"": ""causes"", ""object"": ""wildfire smoke exposure""}, {""subject"": ""wildfire smoke"", ""relation"": ""increases_risk_of"", ""object"": ""respiratory disease""}, {""subject"": ""wildfire smoke"", ""relation"": ""increases_risk_of"", ""object"": ""cardiovascular disease""}, {""subject"": ""wildfire smoke"", ""relation"": ""increases_risk_of"", ""object"": ""mortality""}]","[""Uncertainty in climate health projections needs better characterization"", ""Integration of climate attribution studies with epidemiology"", ""Application of subseasonal to seasonal forecasts for health"", ""Use of decadal predictions in epidemiologic research""]",Climate epidemiology integrates climate science and epidemiology to understand climate-related exposures' impacts on human health and inform policy.,medium,success
W3092185281,False,[],[],[],cross_sectional,"[""United States""]",local,none,[],[],[],[],Risk perception attitude and information-seeking efficacy show strong reciprocal relationship for flood preparedness.,medium,success
W3125024480,False,[],[],[],qualitative,"[""Bangladesh""]",local,none,[],[],[],[],"Indigenous and local knowledge, power dynamics, and institutions shape social learning for cyclone resilience in coastal Bangladesh.",low,success
W3131679456,False,[],[],[],qualitative,[],global,none,[],[],[],[],"Immunity in Covid-19 responses bridges biological and political life through defence, sacrifice, and contested notions of herd immunity and vaccine access.",low,success
W4226192104,False,[],[],[],systematic_review,"[""Spain"", ""Australia"", ""United States"", ""Chile""]",global,none,[],"[""forest management practices"", ""land-use changes"", ""anthropogenic disturbance""]",[],"[""Understanding indirect pathogen effects from land-use changes"", ""Managing native pathogen epidemics with complex aetiologies""]",Environmental disturbance from forest management and land-use changes are global predisposing factors for native tree disease epidemics.,medium,success
W4388941591,False,[],[],[],qualitative,[],global,implicit,[],[],[],"[""climate justice receives less attention in SDG implementation"", ""synergies among related goals under-explored""]",Climate action (SDG13) permeates other sustainable development goals; climate impacts disproportionately affect poorer and minoritized communities.,medium,success
W2528023194,True,"[""direct_fire""]","[""burns_injury"", ""other""]","[""general""]",case_control,[],not_specified,none,"[""TNF-α/IL-10 ratio imbalance"", ""pro-inflammatory cytokine elevation"", ""burn-induced inflammatory response"", ""immune dysregulation""]",[],"[{""subject"": ""wildfire event"", ""relation"": ""causes"", ""object"": ""severe burn injury""}, {""subject"": ""severe burn injury"", ""relation"": ""causes"", ""object"": ""altered TNF-α/IL-10 ratio""}, {""subject"": ""altered TNF-α/IL-10 ratio"", ""relation"": ""increases_risk_of"", ""object"": ""repeated infection episodes""}, {""subject"": ""severe burn injury"", ""relation"": ""increases_risk_of"", ""object"": ""hypersusceptibility to infections""}]","[""whether cytokine changes predict infection susceptibility"", ""identification of high-risk patient groups""]",TNF-α/IL-10 ratio early after burn injury predicts repeated infections and correlates with burn severity.,high,success
W2032500420,True,"[""direct_fire""]","[""mental_health""]","[""children""]",cross_sectional,"[""China""]",local,implicit,[],"[""house damage"", ""worry about others"", ""indirect exposure""]","[{""subject"": ""earthquake exposure"", ""relation"": ""increases_risk_of"", ""object"": ""PTSD""}, {""subject"": ""earthquake exposure"", ""relation"": ""increases_risk_of"", ""object"": ""depressive symptoms""}, {""subject"": ""trait resilience"", ""relation"": ""protects_against"", ""object"": ""PTSD""}, {""subject"": ""trait resilience"", ""relation"": ""protects_against"", ""object"": ""depressive symptoms""}]",[],Traumatic severity and trait resilience predict PTSD and depression in adolescent earthquake survivors.,medium,success
W2822665421,False,[],[],[],systematic_review,[],not_specified,none,[],[],[],"[""Lack of suitable data for ML applications"", ""Higher threshold for ML implementation"", ""Need for interdisciplinary collaboration between ecologists and ML developers""]","Machine learning methods are increasingly applied in forest ecology for species distribution, carbon cycles, hazard assessment, and management, but data availability and interdisciplinary collaboration remain limiting factors.",medium,success
W3124980854,False,"[""wildfire_smoke"", ""direct_fire"", ""fire_weather""]",[],[],modelling,"[""France""]",regional,none,[],[],"[{""subject"": ""wildfire event"", ""relation"": ""causes"", ""object"": ""electricity network disruption""}, {""subject"": ""wildfire event"", ""relation"": ""causes"", ""object"": ""transportation network disruption""}, {""subject"": ""wildfire event"", ""relation"": ""causes"", ""object"": ""cascading infrastructure failures""}, {""subject"": ""climate change"", ""relation"": ""increases_risk_of"", ""object"": ""forest fire extremes""}]","[""Limited understanding of interconnected infrastructure vulnerabilities"", ""Need for better coordination mechanisms between agencies""]",Forest fires threaten interconnected electricity and transportation networks in South France with cascading societal impacts amplified by climate change.,medium,success
W2939443628,False,[],[],[],systematic_review,[],global,none,[],[],[],"[""Limited rigorous empirical work on insurance and recovery"", ""Uncertain impacts of insurance on risk reduction"", ""Need studies comparing insured and uninsured properties"", ""Understanding insurance role in climate adaptation""]","Insurance improves disaster recovery outcomes, but impacts on risk reduction mitigation appear modest.",medium,success
W2800483169,False,[],[],[],qualitative,"[""Indonesia""]",local,implicit,[],"[""livelihood adaptation strategies"", ""climate change vulnerability"", ""ecosystem service access"", ""rural land management practices""]",[],"[""Limited understanding of land-use change impacts on ecosystem service trade-offs across scales"", ""Need for better understanding of local adaptation context and scaling implications""]","Local land-use adaptations in Indonesian forests affect ecosystem services at landscape scale, with broader regional and national implications.",medium,success
W4286502881,False,[],[],[],cross_sectional,"[""European countries"", ""circum-Mediterranean region""]",regional,none,[],[],[],[],68% of rural grassroots social innovation initiatives have direct environmental impacts aligning with sustainable development goals.,medium,success
W2984949260,False,[],[],[],systematic_review,"[""South Africa""]",regional,none,[],[],[],"[""Invasion history and processes poorly understood"", ""Invasion dynamics in South Africa unknown"", ""People's perceptions of ecosystem effects unclear""]",Eucalyptus camaldulensis is a widely planted but invasive tree in South Africa requiring clarified management strategies.,high,success
W4399186349,False,[],[],[],qualitative,"[""Cyprus""]",local,none,[],[],[],"[""Governance systems for emerging wildfire challenges"", ""Adaptive institutions for small island contexts"", ""Integration of socio-economic factors in wildfire policy""]","Governance systems emphasizing collective action, adaptive institutions, and beyond technocratic approaches offer solutions to wildfire management challenges.",medium,success
W3210366098,True,"[""PM2.5"", ""other""]","[""reproductive""]","[""pregnant""]",cohort,"[""Finland""]",local,implicit,"[""fetal growth disturbance"", ""fetal development impairment""]",[],"[{""subject"": ""wildfire smoke"", ""relation"": ""causes"", ""object"": ""PM2.5""}, {""subject"": ""PM2.5"", ""relation"": ""increases_risk_of"", ""object"": ""low birth weight""}, {""subject"": ""wildfire smoke"", ""relation"": ""causes"", ""object"": ""CO""}, {""subject"": ""CO"", ""relation"": ""increases_risk_of"", ""object"": ""low birth weight""}, {""subject"": ""wildfire smoke"", ""relation"": ""causes"", ""object"": ""O3""}, {""subject"": ""O3"", ""relation"": ""increases_risk_of"", ""object"": ""low birth weight""}, {""subject"": ""PM2.5"", ""relation"": ""exacerbates"", ""object"": ""O3-induced low birth weight""}, {""subject"": ""CO"", ""relation"": ""exacerbates"", ""object"": ""O3-induced low birth weight""}]","[""Little known about air pollution effects in cold climates"", ""Season-specific effects remain poorly understood""]",Prenatal CO and O3 exposure increase low birth weight risk; synergistic effects observed between CO-O3 and PM2.5-O3.,high,success
W4401700058,False,[],[],[],systematic_review,"[""United States""]",regional,none,[],[],[],"[""Maintaining mature open forests through regeneration phase unclear"", ""Sprouting woody species impacts on herbaceous cover unknown"", ""Invasive plants and seed bank depletion limit outcomes""]",Reopening closed forests to open structures requires fire restoration but faces challenges from altered species composition and fuel structure.,medium,success
W1923875142,False,"[""direct_fire"", ""fire_weather""]",[],[],experimental,"[""Australia""]",local,none,[],[],[],"[""Mechanisms responsible for altering population dynamics poorly understood"", ""Optimal fire frequency and spatial patterning for biodiversity conservation unclear""]",Fire impacts recruitment more than survival in small mammals; higher intensity fire suppresses recruitment across multiple species.,high,success
W2045109527,False,[],[],[],cross_sectional,"[""Ethiopia""]",regional,none,[],[],[],[],"Highland farmers in North Shewa showed greater climate vulnerability; resilience improved with natural resource investment, market access, and education.",medium,success
W7105897649,False,[],[],[],systematic_review,"[""United States"", ""New Zealand"", ""Canada""]",global,none,[],"[""food insecurity"", ""job losses"", ""agricultural supply chain disruption"", ""evacuation"", ""low socioeconomic status"", ""limited food store access"", ""panic buying""]",[],"[""Limited research on crisis impacts on eating behaviours"", ""Need for disaster management guidance"", ""Future research directions unclear""]",Scoping review protocol examining how crises impact eating behaviours and food access in high-income countries through systematic literature synthesis.,medium,success
W2170011833,False,[],[],"[""rural""]",case_control,[],not_specified,none,[],[],[],[],Collaboration and technology exploitation enable sustainable rural telehealth innovation.,low,success
W3036213404,False,[],[],[],cross_sectional,"[""Canada""]",regional,none,[],[],[],"[""Sources and distribution of microplastics in Arctic"", ""Effects to Arctic ecosystems"", ""Long-range transport mechanisms""]","Microplastics detected in 85-90% of Arctic water, zooplankton, and sediment samples, likely from long-range transport.",medium,success
W4360862319,True,"[""PM2.5"", ""direct_fire""]","[""respiratory""]","[""children""]",experimental,[],not_specified,explicit,"[""airway inflammation"", ""airway eosinophilia"", ""proallergic cytokine production"", ""specialized proresolving mediators"", ""lipoxin A4 signalling"", ""resolvin E2 signalling""]",[],"[{""subject"": ""wildfire smoke"", ""relation"": ""causes"", ""object"": ""PM2.5""}, {""subject"": ""PM2.5"", ""relation"": ""causes"", ""object"": ""prenatal airway inflammation impairment""}, {""subject"": ""PM2.5"", ""relation"": ""causes"", ""object"": ""declined lipoxin A4 levels""}, {""subject"": ""PM2.5"", ""relation"": ""causes"", ""object"": ""declined resolvin E2 levels""}, {""subject"": ""PM2.5"", ""relation"": ""increases_risk_of"", ""object"": ""neonatal asthma""}, {""subject"": ""lipoxin A4"", ""relation"": ""protects_against"", ""object"": ""airway inflammation""}, {""subject"": ""resolvin E2"", ""relation"": ""protects_against"", ""object"": ""airway inflammation""}]","[""synthetic proresolving mediators untested in particle-exposure models""]",Intranasal lipoxin A4 and resolvin E2 ameliorate asthma and improve airway inflammation resolution in neonates prenatally exposed to particulate matter.,high,success
W4307267320,False,[],[],"[""low_income""]",qualitative,[],not_specified,implicit,[],"[""low socioeconomic status"", ""limited healthcare monitoring capacity""]",[],"[""Limited health monitoring capacity in LMIC"", ""Evidence translation to policy unclear"", ""Underrepresentation of low-income countries""]","Capacity building needed to monitor climate health effects and translate research into effective policy, especially in low-income countries.",low,success
W4313897495,False,[],[],[],qualitative,[],not_specified,none,[],[],[],[],"Well-being technologies, data-informed personalization, and climate change will drive medicine's development over 1–50 years.",low,success
W4392459593,True,"[""PM2.5"", ""other""]","[""other""]","[""outdoor_workers""]",cross_sectional,"[""Portugal""]",regional,explicit,"[""DNA damage"", ""chromosome breakage"", ""nuclear fragmentation"", ""cell death""]","[""occupational exposure conditions"", ""employment type (permanent vs seasonal)""]","[{""subject"": ""wildfire smoke"", ""relation"": ""causes"", ""object"": ""PM2.5""}, {""subject"": ""PM2.5"", ""relation"": ""is_associated_with"", ""object"": ""DNA damage""}, {""subject"": ""PM2.5"", ""relation"": ""is_associated_with"", ""object"": ""cell death""}, {""subject"": ""nutritional supplements"", ""relation"": ""protects_against"", ""object"": ""DNA damage""}, {""subject"": ""vegetable consumption"", ""relation"": ""protects_against"", ""object"": ""cell death""}]","[""baseline data needed for wildfire season exposure studies""]",Wildland firefighters show increased cell death markers; nutritional supplements and vegetable consumption provided protective effects against genotoxic damage.,high,success
W4396708306,True,"[""PM2.5"", ""heat_stress""]","[""mortality""]","[""general"", ""low_income""]",case_crossover,"[""United States""]",regional,explicit,[],"[""low socioeconomic status"", ""neighborhood environmental burden"", ""socioenvironmental disadvantage""]","[{""subject"": ""PM2.5"", ""relation"": ""is_associated_with"", ""object"": ""mortality""}, {""subject"": ""heat_stress"", ""relation"": ""is_associated_with"", ""object"": ""mortality""}, {""subject"": ""PM2.5"", ""relation"": ""increases_risk_of"", ""object"": ""mortality in low-income neighborhoods""}]","[""Limited literature on effect modification by socioeconomic burden""]","High socioenvironmental burden neighborhoods experience more extreme PM2.5 days, but socioeconomic status does not consistently modify heat and PM2.5 mortality effects.",high,success
W3091083257,False,[],[],"[""children""]",other,[],not_specified,implicit,[],"[""early life stress"", ""perceived stress""]",[],[],"Early life stress predicts depressive symptoms in adolescents during COVID-19 pandemic, mediated by perceived stress.",low,success
W3195596369,False,[],[],"[""general"", ""low_income""]",cross_sectional,"[""Ghana""]",local,implicit,[],"[""low socioeconomic status"", ""limited education"", ""housing insecurity""]",[],"[""Multiple dimensions of risk perception understudied in Ghana""]","Flood risk perception significantly increases household preparedness behaviors in Accra, with income and education as key modifying factors.",high,success
W4280644237,False,[],[],[],systematic_review,[],not_specified,none,[],[],[],[],"Invertebrates structure urban forest ecosystem services through pollination, predation, and decomposition, but are filtered by habitat, imperviousness, and microclimatic changes.",medium,success
W3015056202,False,[],[],[],experimental,[],not_specified,none,[],[],[],[],"Human ammonia emissions increase with temperature and skin exposure, sufficient to neutralize acidifying impacts of CO2.",high,success
W3117293858,True,"[""displacement"", ""other""]","[""mental_health"", ""other""]","[""low_income"", ""other""]",cross_sectional,"[""Bangladesh""]",local,explicit,[],"[""low socioeconomic status"", ""poor housing quality"", ""limited social mobility"", ""fear of eviction"", ""experience of harassment and violence""]","[{""subject"": ""wildfire event"", ""relation"": ""is_associated_with"", ""object"": ""environmental hazards (flooding)""}, {""subject"": ""environmental hazards"", ""relation"": ""exacerbates"", ""object"": ""mental health insecurity""}, {""subject"": ""environmental hazards"", ""relation"": ""exacerbates"", ""object"": ""ill-health""}, {""subject"": ""environmental hazards"", ""relation"": ""increases_risk_of"", ""object"": ""perceived insecurity over time""}]","[""Mechanisms linking climate change to migration and conflict unclear"", ""Limited understanding of urban climate vulnerability in destination cities""]","Environmental hazards increase perceived insecurity in migrant populations over time, exacerbating mental health and well-being challenges.",medium,success
W3024573480,False,[],[],[],systematic_review,[],global,none,[],[],[],[],"Planning, marketing, trust, cooperation and resilience are key strategies for managing tourism destinations after natural disasters.",medium,success
W1974779503,False,[],[],[],qualitative,"[""Canada""]",regional,none,[],[],[],[],"Transdisciplinary approach essential for implementing climate change adaptation in Quebec public health sector across three phases of problem identification, investigation, and transformation.",medium,success
W3196050733,False,[],[],[],other,"[""United States""]",regional,none,[],[],[],"[""Understanding how policy prescriptions influence Alaska's climate role"", ""Knowledge of land management effects on carbon storage"", ""Understanding future climate scenario impacts on Alaska""]","Alaska's intact ecosystems are globally critical for climate stabilization and biodiversity conservation, requiring co-management with tribal nations.",medium,success
W2974094547,False,[],[],[],systematic_review,[],global,none,[],[],[],"[""Heterogeneity of independent variables complicates comparison"", ""Heterogeneity of dependent variables complicates comparison"", ""Differences between self-reported and objective weather data"", ""Need for improved causal identification methods"", ""Presence of spatial autocorrelation in weather data""]","Mixed evidence exists that weather experiences shape climate opinion, with weak effects of local temperature and extreme events detected.",high,success
W2078491455,False,[],[],[],modelling,"[""Malaysia""]",national,explicit,[],"[""education status"", ""water use practices"", ""socioeconomic factors"", ""coping capacity""]",[],[],"WADI tool successfully identified spatial vulnerability to dengue in Malaysia, with high vulnerability in urban areas influenced by seasonal climate conditions.",medium,success
W3106572806,True,"[""heat_stress"", ""other""]","[""mortality""]","[""children"", ""elderly"", ""other""]",time_series,"[""Portugal"", ""Germany""]",regional,explicit,[],"[""pre-existing conditions""]","[{""subject"": ""heat waves"", ""relation"": ""is_associated_with"", ""object"": ""excess mortality""}, {""subject"": ""ozone waves"", ""relation"": ""is_associated_with"", ""object"": ""excess mortality""}, {""subject"": ""compound heat-ozone waves"", ""relation"": ""is_associated_with"", ""object"": ""excess mortality""}]","[""Impact of simultaneous heat and ozone exposure mechanisms"", ""Regional differences in compound wave health effects""]",Compound heat-ozone waves show strongest association with excess mortality in Central and South Europe.,high,success
W2128130820,False,[],[],[],cross_sectional,"[""United States""]",national,none,[],"[""lack of knowledge"", ""limited healthcare expertise"", ""insufficient funding"", ""inadequate staffing"", ""limited staff training""]",[],"[""Understanding effective climate adaptation strategies"", ""Determining expertise needed for mitigation planning"", ""Identifying resource requirements for health departments""]","Most U.S. local health departments recognize climate change as a problem but lack resources, expertise, and priorities to implement adaptation programs.",medium,success
W4220764676,True,"[""PM2.5"", ""other""]","[""respiratory""]","[""children"", ""elderly""]",cross_sectional,"[""Morocco""]",local,explicit,"[""lung infiltration"", ""airway damage""]","[""high traffic areas"", ""urban neighborhood characteristics"", ""pollution level variations""]","[{""subject"": ""PM2.5"", ""relation"": ""causes"", ""object"": ""respiratory diseases""}, {""subject"": ""PM2.5"", ""relation"": ""increases_risk_of"", ""object"": ""asthma""}, {""subject"": ""high pollution neighborhoods"", ""relation"": ""is_associated_with"", ""object"": ""respiratory disease prevalence""}]",[],"Children with respiratory diseases concentrate in neighborhoods with high or variable pollution levels, particularly asthma in high-traffic areas.",medium,success
W2150119801,False,[],[],[],other,[],not_specified,none,[],"[""socio-ecological context"", ""community involvement"", ""development policies"", ""ecological awareness""]",[],[],Ecosystem approach to health incorporates multiple scales and perspectives for sustainable disease control.,low,success
W4378953507,False,[],[],[],cross_sectional,"[""United States""]",regional,none,[],[],[],"[""Effects on understory plant communities remain unexplored"", ""Long-term trajectory of altered understory communities uncertain""]",Short fire-return intervals shift subalpine understory communities toward drought-tolerant species and reduce regional diversity.,high,success
W3210211909,False,[],[],[],cross_sectional,"[""United States""]",national,none,[],[],[],[],Hurricanes significantly increase probability that respondents believe climate change is occurring and human-caused.,medium,success
W3138337663,False,[],[],[],modelling,"[""Pakistan""]",local,implicit,[],[],[],[],GIS-based vulnerability assessment identified 25% of District Shangla with high flood vulnerability due to geographic and socioeconomic factors.,medium,success
W2997941683,False,[],[],[],time_series,[],global,none,[],[],[],[],Financial crises increase extreme poverty by ~10% in low-income countries and reduce education spending by 17.72%.,medium,success
W3028259567,False,"[""direct_fire""]",[],"[""general"", ""low_income""]",qualitative,"[""Chile""]",local,explicit,[],"[""poverty"", ""social inequity"", ""limited government support"", ""psychological barriers"", ""structural barriers""]","[{""subject"": ""wildfire event"", ""relation"": ""increases_risk_of"", ""object"": ""community displacement""}, {""subject"": ""wildfire event"", ""relation"": ""exacerbates"", ""object"": ""poverty and social inequity""}]","[""Psychological factors affecting fire risk perception"", ""Community engagement strategies for prevention""]","Fire risk perception in WUI communities is shaped by psychological, community, and structural barriers, yet community cooperation resources exist if activated.",medium,success
W2121276555,False,[],[],[],systematic_review,[],not_specified,none,[],[],[],[],Chromolaena odorata functions as both invasive weed and beneficial fallow plant depending on agricultural context and ecosystem.,medium,success
W4213095676,False,[],[],[],systematic_review,[],global,none,[],[],[],[],"Stratospheric ozone depletion, UV radiation, and climate change interact to affect air quality, ecosystems, and human health globally.",medium,success
W4205815044,True,"[""PM2.5""]","[""reproductive""]","[""pregnant""]",experimental,[],not_specified,implicit,"[""miR-125b-5p upregulation"", ""TXNRD1 suppression"", ""trophoblast cell apoptosis"", ""inflammatory cytokine elevation"", ""dysregulated miRNA expression""]",[],"[{""subject"": ""PM10"", ""relation"": ""causes"", ""object"": ""decreased trophoblast cell viability""}, {""subject"": ""PM10"", ""relation"": ""causes"", ""object"": ""reduced cell proliferation and migration""}, {""subject"": ""PM10"", ""relation"": ""causes"", ""object"": ""increased trophoblast cell apoptosis""}, {""subject"": ""PM10"", ""relation"": ""causes"", ""object"": ""increased IL-1β, IL-6, TNF-α expression""}, {""subject"": ""PM10"", ""relation"": ""causes"", ""object"": ""miR-125b-5p upregulation""}, {""subject"": ""miR-125b-5p upregulation"", ""relation"": ""mediates"", ""object"": ""TXNRD1 suppression""}]","[""function of miR-125b-5p and target in trophoblast"", ""PM10 effects on trophoblast miRNA expression mechanisms""]","PM10 impairs trophoblast cell function by upregulating miR-125b-5p and suppressing TXNRD1, with inflammatory effects.",high,success
W3095205003,True,"[""PM2.5""]","[""other""]",[],experimental,[],not_specified,none,"[""reactive oxygen species increase"", ""Nrf2 nuclear factor activation"", ""oxidative stress response"", ""glutathione elevation"", ""heme oxygenase-1 expression"", ""JNK1/2 pathway activation"", ""apoptosis inhibition"", ""chemoresistance acquisition""]","[""reliance on solid biofuel combustion"", ""long-term exposure to emissions""]","[{""subject"": ""PM2.5"", ""relation"": ""causes"", ""object"": ""intracellular reactive oxygen species increase""}, {""subject"": ""PM2.5"", ""relation"": ""causes"", ""object"": ""Nrf2 activation""}, {""subject"": ""PM2.5"", ""relation"": ""causes"", ""object"": ""JNK1/2 pathway activation""}, {""subject"": ""PM2.5"", ""relation"": ""causes"", ""object"": ""glutathione level elevation""}, {""subject"": ""PM2.5"", ""relation"": ""causes"", ""object"": ""heme oxygenase-1 accumulation""}, {""subject"": ""PM2.5"", ""relation"": ""causes"", ""object"": ""chemoresistance to doxorubicin""}, {""subject"": ""PM2.5"", ""relation"": ""increases_risk_of"", ""object"": ""disease progression via pro-survival pathways""}]","[""Pathological molecular mechanisms insufficiently characterized"", ""Long-term health effects require further characterization""]",PM2.5 from biomass combustion activates Nrf2-mediated antioxidative responses and promotes chemoresistance in bronchial epithelial cells.,high,success
W4224144391,False,[],[],"[""children"", ""indigenous"", ""low_income"", ""racial_minorities"", ""other""]",qualitative,[],global,explicit,[],"[""low socioeconomic status"", ""age-based marginalization"", ""gender-based marginalization"", ""ethnic discrimination"", ""educational inequity""]","[{""subject"": ""climate change"", ""relation"": ""causes"", ""object"": ""health impacts""}, {""subject"": ""climate change"", ""relation"": ""causes"", ""object"": ""human rights violations""}, {""subject"": ""climate change"", ""relation"": ""exacerbates"", ""object"": ""health inequities in marginalized populations""}]","[""Limited literature on climate-human rights-health intersection"", ""Lack of intersectoral policy implementation"", ""Need for holistic climate impact data collection"", ""Limited youth-led climate intervention evidence""]","Youth climate advocates propose integrating human rights and public health approaches through participatory, youth-led climate interventions addressing marginalized populations.",medium,success
W2410047655,False,[],[],[],qualitative,"[""Nepal""]",regional,none,[],[],[],[],"Transhumant pastoralism in Nepal is sustained by cultural identity and mutual benefits but threatened by climate change, socioeconomic shifts, and inadequate policy support.",medium,success
W4393864428,True,"[""other""]","[""other""]",[],systematic_review,[],not_specified,none,[],[],[],"[""Optimal practices for measuring environment in external exposome"", ""Enhancing spatial and temporal resolutions for geospatial data"", ""Geospatial methods for measuring climate change factors"", ""Integration of internal and external exposome data""]",Geospatial science enables large-scale environmental exposure assessment for cancer epidemiology and exposome research.,medium,success
W4210630026,False,[],[],[],other,[],global,none,[],[],[],[],"Phytoplankton provide critical ecosystem services including oxygen production, nutrient cycling, climate regulation, and food provision.",low,success
W4213147678,False,[],[],[],other,[],not_specified,none,[],[],[],[],"UAVs have broad civil applications but face technical challenges in charging, collision avoidance, swarming, and security.",low,success
W3158582189,False,[],[],[],other,[],not_specified,none,[],[],[],[],Digital health technologies can integrate pharmacotherapies with self-care and lifestyle interventions for chronic disease management.,low,success
W2980466780,True,"[""direct_fire"", ""displacement""]","[""other""]","[""general"", ""rural""]",time_series,"[""Brazil""]",regional,implicit,"[""vector habitat creation"", ""increased mosquito breeding sites""]","[""settlement patterns"", ""economic development"", ""human behavior"", ""forest clearing practices""]","[{""subject"": ""wildfire event"", ""relation"": ""is_associated_with"", ""object"": ""deforestation""}, {""subject"": ""deforestation"", ""relation"": ""increases_risk_of"", ""object"": ""malaria incidence""}, {""subject"": ""malaria burden"", ""relation"": ""exacerbates"", ""object"": ""forest loss reduction""}, {""subject"": ""malaria incidence"", ""relation"": ""is_associated_with"", ""object"": ""reduced forest clearing""}]","[""Why deforestation-malaria relationship strength depends on land use stage"", ""Mechanisms mediating malaria's effect on forest clearing decisions"", ""Generalizability beyond Amazon basin context""]","Deforestation increases malaria incidence 3.3% per 10% forest loss, while malaria burden reduces clearing by 1.4% per 1% incidence increase.",high,success
W4380684529,False,[],[],[],systematic_review,"[""United States""]",regional,none,[],[],[],"[""Limited research in non-temperate ecosystems"", ""Under-represented wilderness areas globally"", ""Indigenous burning practices under-studied"", ""Climate change effects on fire regimes unclear"", ""Barriers to wilderness fire management inadequately addressed""]","Wilderness fire management enables ecological research on fire regimes, vegetation effects, and ecosystem processes, concentrated in temperate North American forests.",high,success
W2995089080,False,[],[],[],cross_sectional,"[""Nepal""]",local,none,[],[],[],[],92% of surveyed abandoned farmlands in Nepalese Himalayas show irreversible damage triggering hazardous processes including landslides and erosion.,medium,success
W2151844868,False,[],[],"[""general""]",other,"[""Australia""]",regional,implicit,[],"[""unequal distribution of climate effects"", ""community adaptive capacity"", ""healthcare system integration""]",[],"[""effects of climate change on communities difficult to predict""]","Primary health care sector can address climate change through partnership structures linking adaptation, coping and mitigation activities.",low,success
W1964946261,False,[],[],[],modelling,[],not_specified,none,[],[],[],[],Markov chain methods quantify lifetime reproductive variability distribution beyond expected value R0 across demographic models.,medium,success
W4306147412,True,"[""other""]","[""respiratory""]","[""children"", ""general""]",systematic_review,"[""China"", ""Australia""]",global,implicit,"[""allergic sensitization"", ""immune system dysregulation"", ""airway inflammation"", ""allergen exposure""]","[""urbanization"", ""biodiversity loss"", ""climate change exposure"", ""environmental degradation""]","[{""subject"": ""climate change"", ""relation"": ""increases_risk_of"", ""object"": ""allergic disease""}, {""subject"": ""urbanization"", ""relation"": ""increases_risk_of"", ""object"": ""allergic disease""}, {""subject"": ""biodiversity loss"", ""relation"": ""increases_risk_of"", ""object"": ""allergic disease""}, {""subject"": ""climate change"", ""relation"": ""exacerbates"", ""object"": ""allergen exposure""}]",[],"Climate change, urbanization and biodiversity loss have compound impacts on increasing allergic disease risk.",medium,success
W4390879939,True,"[""fire_weather"", ""displacement""]","[""mental_health""]","[""pregnant"", ""general""]",qualitative,"[""Australia""]",regional,explicit,[],"[""emotional trauma from extreme weather"", ""economic concerns"", ""social isolation"", ""hopelessness about future"", ""limited coping resources""]","[{""subject"": ""wildfire event"", ""relation"": ""causes"", ""object"": ""emotional trauma""}, {""subject"": ""wildfire event"", ""relation"": ""increases_risk_of"", ""object"": ""perinatal mood and anxiety disorders""}, {""subject"": ""emotional trauma"", ""relation"": ""increases_risk_of"", ""object"": ""perinatal mood and anxiety disorders""}, {""subject"": ""wildfire event"", ""relation"": ""causes"", ""object"": ""stress and anxiety in perinatal population""}, {""subject"": ""wildfire event"", ""relation"": ""causes"", ""object"": ""hopelessness about future""}, {""subject"": ""wildfire event"", ""relation"": ""causes"", ""object"": ""social isolation""}]","[""EWE-related stress and anxiety not extensively studied in perinatal population"", ""limited available data on EWE impact on perinatal mental health""]","Extreme weather events cause emotional trauma and adversely affect perinatal mental health, with mothers reporting helplessness, isolation, and hopelessness.",high,success
W4390789270,True,"[""PM2.5"", ""direct_fire""]","[""neurological"", ""mortality""]","[""children"", ""general""]",case_control,"[""Mexico""]",local,explicit,"[""hyperphosphorylated tau accumulation"", ""beta amyloid 1-42 deposition"", ""alpha-synuclein aggregation"", ""TDP-43 pathology"", ""mitochondrial damage"", ""endoplasmic reticulum dysfunction"", ""autophagy impairment"", ""cell membrane damage"", ""nuclear pore disruption"", ""neuronal death"", ""glial damage"", ""endothelial dysfunction""]","[""unregulated vehicle emissions"", ""urban air pollution exposure"", ""limited emission control technology""]","[{""subject"": ""wildfire smoke"", ""relation"": ""causes"", ""object"": ""PM2.5""}, {""subject"": ""PM2.5"", ""relation"": ""causes"", ""object"": ""olfactory pathway brain translocation""}, {""subject"": ""PM2.5"", ""relation"": ""causes"", ""object"": ""hyperphosphorylated tau""}, {""subject"": ""PM2.5"", ""relation"": ""causes"", ""object"": ""beta amyloid 1-42""}, {""subject"": ""PM2.5"", ""relation"": ""causes"", ""object"": ""alpha-synuclein""}, {""subject"": ""PM2.5"", ""relation"": ""causes"", ""object"": ""TDP-43 pathology""}, {""subject"": ""PM2.5"", ""relation"": ""increases_risk_of"", ""object"": ""Alzheimer's disease""}, {""subject"": ""PM2.5"", ""relation"": ""increases_risk_of"", ""object"": ""Parkinson's disease""}, {""subject"": ""PM2.5"", ""relation"": ""increases_risk_of"", ""object"": ""frontotemporal lobar degeneration""}, {""subject"": ""PM2.5"", ""relation"": ""increases_risk_of"", ""object"": ""amyotrophic lateral sclerosis""}]","[""Prevention strategies for early-life neurodegeneration""]","All 57 children aged 14.8±5.2 years in Mexico City had Alzheimer's disease neuropathology, with significant overlapping neurodegenerative hallmarks associated with nanoparticle exposure.",high,success
W4307572513,False,"[""fire_weather""]",[],"[""indigenous""]",qualitative,"[""Australia""]",local,explicit,[],"[""indigenous knowledge systems"", ""cultural heritage protection"", ""land management participation"", ""community distress from mismanagement""]",[],"[""integration of indigenous knowledge into contemporary fire management""]","Indigenous Noongar fire knowledge offers nuanced approaches for collaborative, culturally appropriate bushfire mitigation strategies.",medium,success
W4402751258,False,[],[],[],systematic_review,"[""Chile"", ""United States"", ""Brazil"", ""Kenya"", ""Germany""]",global,none,[],"[""governance systems"", ""institutional memory"", ""adaptive capacity"", ""maladaptation dynamics""]",[],"[""Drought preconditions and recovery mechanisms poorly understood"", ""System interactions and cascading dynamics need research"", ""Dynamic vulnerability assessment methods lacking"", ""Continuous monitoring of drought impacts needed"", ""Models must better incorporate memory and adaptation""]","Drought impacts cascade across interconnected hydrological, ecological, and social systems with memory effects creating long-term legacies requiring systems-based management approaches.",high,success
W4321434924,False,[],[],[],other,"[""United Kingdom""]",local,none,[],[],[],"[""Long-term stability of real estate markets"", ""Policy implications for private and public sectors"", ""Information and data gaps in climate gentrification""]",Climate gentrification depressed house price growth by up to 50% in flood-exposed locations in UK city 2005-2018.,medium,success
W4313888394,False,[],[],[],systematic_review,[],not_specified,none,[],[],[],[],"Seaweeds provide multiple ecosystem services including provisioning, regulating, and cultural services relevant to human communities and climate adaptation.",low,success
W2068471351,False,[],[],[],cross_sectional,"[""India""]",local,none,[],[],[],[],High fire frequency and fruit harvest intensity reduce sapling recruitment in tropical fruit tree populations.,medium,success
W2119921417,False,"[""other""]",[],[],other,"[""Tanzania""]",local,none,[],[],[],[],"Remote sensing reveals ash fallout affected vegetation recovery over 8 years, with recovery time varying from 6 months to 5+ years by distance from volcano.",high,success
W2117847385,False,[],[],[],modelling,"[""United States""]",regional,none,[],[],[],[],"Tanoak forests in California face large-scale decline from sudden oak death, with disease intensity driven by host density and sporulation-supporting species prevalence.",high,success
W3092851469,False,[],[],"[""racial_minorities""]",other,"[""Israel""]",local,explicit,[],"[""primary healthcare access"", ""community resilience""]",[],[],Primary health care plays a pivotal role in building community resilience among minority communities during emergencies.,low,success
W4313485501,False,[],[],"[""low_income""]",modelling,[],global,explicit,[],"[""low socioeconomic status"", ""rapid urbanisation"", ""limited disaster preparedness""]",[],[],TCDSE integrates hazard modelling with social vulnerability for risk-informed urban planning in low-income countries.,medium,success
W3206546023,False,[],[],[],qualitative,"[""Sri Lanka""]",national,implicit,[],"[""poverty"", ""marginalised communities"", ""food insecurity"", ""malnutrition""]",[],"[""Implementation pathways for food sovereignty scaling""]",Food sovereignty could mitigate climate change impacts on food security in Sri Lanka through policy and governance reforms.,medium,success
W4381433261,False,"[""direct_fire""]",[],[],other,"[""Greece""]",local,none,[],[],[],[],Spatial planning integrating disaster risk management is essential for reconstruction and resilience in fire-affected areas.,low,success
W2898844477,False,[],[],[],qualitative,[],not_specified,none,[],[],[],"[""How VGI supports social-ecological resilience processes"", ""Impact of VGI on local inclusion in disasters"", ""Balance between VGI benefits and risks to resilience""]","Web 2.0 and VGI platforms can support community disaster resilience but require careful management of privacy, data quality, and social inclusion.",medium,success
W4403107995,False,[],[],"[""indigenous"", ""rural"", ""other""]",qualitative,"[""Kenya""]",local,none,[],"[""community knowledge gaps"", ""limited fire preparedness"", ""cultural beliefs"", ""low community involvement in decisions""]",[],"[""Limited information on community knowledge of wildfires"", ""Limited data on community preparedness towards fires"", ""Understanding of fire management preferences needed""]",Mount Kenya communities perceive honey harvesting and poaching as primary wildfire causes; stronger community involvement in fire management is needed.,high,success
W3085959591,False,[],[],[],other,[],not_specified,none,[],[],[],[],Conditioned restoration theory proposes that natural environments trigger restoration through classical conditioning stages.,low,success
W4407379928,False,[],[],[],other,[],global,implicit,[],[],[],[],"Climate change disrupts agricultural productivity through extreme weather, altered precipitation, and rising temperatures, with socioeconomic impacts on vulnerable rural populations.",low,success
W4393376812,False,[],[],[],systematic_review,"[""United States"", ""Russia"", ""Africa""]",global,none,[],[],[],"[""Underrepresentation of major burnt regions in research"", ""Disparities in socioeconomic-wildfire mitigation focus"", ""Need for transdisciplinary collaboration""]",Wildfire research is geographically biased toward western United States despite Siberia and Africa having greater burnt areas.,medium,success
W2606569879,True,"[""PM2.5""]","[""other""]",[],experimental,"[""Saudi Arabia""]",local,none,"[""membrane damage"", ""oxidative stress"", ""apoptosis"", ""inflammation"", ""cell cycle disruption""]",[],"[{""subject"": ""PM2.5"", ""relation"": ""causes"", ""object"": ""cellular stress""}, {""subject"": ""PM2.5"", ""relation"": ""causes"", ""object"": ""membrane damage""}, {""subject"": ""PM2.5"", ""relation"": ""causes"", ""object"": ""cell death""}, {""subject"": ""PM2.5"", ""relation"": ""causes"", ""object"": ""apoptosis gene expression""}, {""subject"": ""PM2.5"", ""relation"": ""causes"", ""object"": ""inflammation gene expression""}, {""subject"": ""PM2.5"", ""relation"": ""increases_risk_of"", ""object"": ""chronic debilitating diseases""}]","[""specific effects of PM on stem cells remain unclear""]","PM2.5 induces cellular stress, apoptosis, and inflammation in bone marrow mesenchymal stem cells, predisposing to chronic disease.",high,success
W2010872770,False,[],[],[],other,"[""Canada""]",national,none,[],[],[],"[""Further data and research on health effect quantification needed""]",Need for development of key indicators to quantify climate change health impacts in Canada.,low,success
W3197562032,False,[],[],"[""indigenous"", ""low_income"", ""racial_minorities"", ""other""]",qualitative,"[""United States""]",regional,explicit,[],"[""low socioeconomic status"", ""unequal access to natural resources"", ""unequal access to public services"", ""top-down decision making"", ""system abuse and tokenism"", ""historical inequities""]","[{""subject"": ""climate change"", ""relation"": ""exacerbates"", ""object"": ""root causes of inequity in frontline communities""}, {""subject"": ""climate change"", ""relation"": ""is_associated_with"", ""object"": ""disproportionate social, economic, and environmental injustices""}]","[""Climate adaptation strategies fail to address frontline community experiences"", ""Limited integration of local knowledge in climate policymaking"", ""Lack of meaningful community stakeholder participation in research""]",Frontline communities in California experience disproportionate climate injustices; integrating local knowledge and community-participatory approaches with environmental protection and multi-benefit projects can improve climate policy effectiveness.,medium,success
W3202487176,False,[],[],[],other,[],not_specified,none,[],[],[],[],"Tropical forests show long histories of human impact with persistent effects on biodiversity, climate, and landscape structure.",low,success
W2169083026,False,[],[],[],experimental,"[""Ukraine""]",local,none,[],[],[],[],Chronic ionizing irradiation facilitates DNA repair function adaptation in plant cells at Chernobyl sites.,low,success
W4317373451,False,[],[],[],other,[],not_specified,none,[],[],[],[],"Yersinia pestis pathophysiology, genetics, and plague ecology remain partly understood despite progress since 1894.",low,success
W3108920154,False,[],[],[],modelling,"[""Indonesia"", ""India"", ""China"", ""Western Europe"", ""United States"", ""Japan""]",global,none,[],[],[],[],"Palm oil supply chains shifted from food to non-food uses between 2000-2013, with major consumption driven by India, China, Western Europe, US, and Japan.",medium,success
W3046905199,False,[],[],[],other,"[""Canada"", ""United States""]",regional,none,[],[],[],[],"North American Boreal Forest remains 80% intact with significant conservation opportunities, requiring increased Indigenous land governance support.",low,success
W2906941762,False,[],[],[],cross_sectional,"[""United States""]",local,none,[],[],[],[],"Florida bonneted bat activity increases with early wet season fires at 3-5 year intervals, mimicking historical fire regimes.",high,success
W4226146145,False,"[""wildfire_smoke""]",[],[],other,"[""Australia""]",regional,none,[],[],[],[],Australian rainforest plants showed high fire resilience with 63% resprouting and 62% recruitment; species richness increased 22% postfire.,high,success
W4401071777,False,[],[],[],qualitative,"[""United States""]",regional,none,[],"[""affordable housing crisis"", ""low socioeconomic status"", ""displacement from urban core"", ""socioeconomic vulnerability""]","[{""subject"": ""wildfire event"", ""relation"": ""is_associated_with"", ""object"": ""WUI growth""}, {""subject"": ""housing crisis"", ""relation"": ""increases_risk_of"", ""object"": ""exurban migration""}, {""subject"": ""exurban migration"", ""relation"": ""increases_risk_of"", ""object"": ""WUI growth""}, {""subject"": ""WUI growth"", ""relation"": ""increases_risk_of"", ""object"": ""wildfire risk""}]","[""Little understood about factors driving WUI growth"", ""Relationship between housing dynamics and WUI expansion unclear""]","California's affordable housing crisis drives exurban migration and WUI growth, increasing wildfire vulnerability and environmental impacts.",medium,success
W2909099810,True,"[""other""]","[""respiratory""]","[""outdoor_workers""]",systematic_review,[],not_specified,explicit,"[""DNA damage"", ""carcinogenic metabolism""]","[""occupational exposure limits"", ""workplace safety regulation""]","[{""subject"": ""polycyclic aromatic hydrocarbons"", ""relation"": ""increases_risk_of"", ""object"": ""lung cancer""}]",[],Polycyclic aromatic hydrocarbons remain a significant occupational health threat despite regulatory efforts.,low,success
W3171337028,True,"[""PM2.5"", ""other""]","[""other""]","[""low_income"", ""racial_minorities"", ""general""]",cross_sectional,"[""United States""]",local,explicit,[],"[""low socioeconomic status"", ""racial disparities"", ""cumulative environmental health impacts"", ""poor community health outcomes"", ""limited healthcare access""]","[{""subject"": ""cumulative environmental health impacts"", ""relation"": ""is_associated_with"", ""object"": ""COVID-19 positivity""}, {""subject"": ""PM2.5"", ""relation"": ""is_associated_with"", ""object"": ""COVID-19 positivity""}, {""subject"": ""low socioeconomic status"", ""relation"": ""is_associated_with"", ""object"": ""COVID-19 positivity""}]","[""Few studies assess intersection of social determinants and environmental hazards in COVID-19 disparities""]","COVID-19 positivity in King County overlaps significantly with cumulative environmental health disparities, affecting low-income and racial minority communities disproportionately.",high,success
W4387996823,True,"[""PM2.5"", ""other""]","[""mortality"", ""cardiovascular"", ""respiratory"", ""neurological""]","[""general""]",time_series,"[""China""]",national,none,"[""airway inflammation"", ""oxidative stress"", ""endothelial dysfunction"", ""systemic inflammation""]",[],"[{""subject"": ""wildfire smoke"", ""relation"": ""causes"", ""object"": ""PM2.5""}, {""subject"": ""PM2.5"", ""relation"": ""increases_risk_of"", ""object"": ""ischemic stroke mortality""}, {""subject"": ""PM2.5"", ""relation"": ""increases_risk_of"", ""object"": ""respiratory disease mortality""}, {""subject"": ""PM2.5"", ""relation"": ""increases_risk_of"", ""object"": ""COPD mortality""}, {""subject"": ""PM2.5"", ""relation"": ""increases_risk_of"", ""object"": ""myocardial infarction mortality""}]","[""Previous studies only indicated risk on overall mortality""]","Sand and dust storms associated with excess mortality from stroke, cardiovascular disease, and respiratory conditions in Chinese counties.",high,success
W2992324043,True,"[""fire_weather"", ""other""]","[""other""]","[""general"", ""low_income"", ""indigenous"", ""racial_minorities"", ""other""]",systematic_review,[],global,explicit,[],"[""low socioeconomic status"", ""inequity and climate interaction"", ""limited decision-making power"", ""social vulnerability factors"", ""poor representation in research""]","[{""subject"": ""wildfire event"", ""relation"": ""exacerbates"", ""object"": ""nutritional vulnerability""}, {""subject"": ""climate change"", ""relation"": ""increases_risk_of"", ""object"": ""food production disruption""}, {""subject"": ""inequity"", ""relation"": ""exacerbates"", ""object"": ""adverse nutrition outcomes from climate change""}]","[""Limited attention to social situations increasing vulnerability"", ""Absence of affected groups as decision-makers"", ""Need for mixed-method and qualitative approaches"", ""Underrepresentation of vulnerable populations in research""]",Climate change threatens nutrition globally; vulnerable populations face disproportionate impacts mediated by inequity and limited inclusion in decision-making.,high,success
W2887605504,True,"[""heat_stress""]","[""other""]","[""outdoor_workers""]",experimental,[],not_specified,none,"[""increased core body temperature"", ""reduced sweat evaporation"", ""elevated metabolic demand"", ""heat stress response""]","[""occupational safety requirements"", ""equipment design standards""]","[{""subject"": ""wildfire event"", ""relation"": ""increases_risk_of"", ""object"": ""heat_stress""}, {""subject"": ""heat_stress"", ""relation"": ""causes"", ""object"": ""increased core body temperature""}, {""subject"": ""heat_stress"", ""relation"": ""causes"", ""object"": ""reduced exercise performance""}, {""subject"": ""personal protective equipment"", ""relation"": ""exacerbates"", ""object"": ""physiological strain""}]","[""Long-term health impacts of PPE-induced thermal strain""]","Wildland firefighter PPE reduces sweat evaporation and increases core body temperature, decreasing exercise performance by approximately 50%.",high,success
W4401510485,True,"[""wildfire_smoke"", ""fire_weather""]","[""reproductive"", ""mortality""]","[""pregnant"", ""low_income""]",cohort,"[""United States""]",national,explicit,"[""stress response"", ""maternal physiological stress""]","[""maternal education"", ""socioeconomic status"", ""selective survival bias""]","[{""subject"": ""wildfire event"", ""relation"": ""increases_risk_of"", ""object"": ""low birth weight""}, {""subject"": ""wildfire event"", ""relation"": ""increases_risk_of"", ""object"": ""fetal death""}, {""subject"": ""wildfire event"", ""relation"": ""causes"", ""object"": ""maternal stress""}, {""subject"": ""maternal stress"", ""relation"": ""mediates"", ""object"": ""low birth weight""}, {""subject"": ""maternal behaviors"", ""relation"": ""mediates"", ""object"": ""adverse birth outcomes""}]","[""variation mechanisms across maternal education groups""]","Wildfire exposure increases low birth weight and fetal death, with effects varying by maternal education, mediated partly by stress.",high,success
W3210107838,False,[],[],[],systematic_review,[],global,none,[],[],[],"[""Understanding mechanisms unleashing abrupt shifts"", ""Knowledge gaps concerning threshold emergence"", ""Context-dependent factors influencing abrupt changes""]","Three aridity thresholds in drylands trigger abrupt ecosystem changes through distinct physiological, soil, and plant-atmospheric mechanisms.",medium,success
W1982071438,True,"[""other""]","[""respiratory"", ""mortality""]","[""general"", ""other""]",modelling,"[""Global""]",global,explicit,"[""oxidative stress"", ""DNA damage""]","[""individual susceptibility variation"", ""proximity to emission sources"", ""residential exposure patterns""]","[{""subject"": ""PAH exposure"", ""relation"": ""causes"", ""object"": ""lung cancer risk""}, {""subject"": ""biomass fuel combustion"", ""relation"": ""increases_risk_of"", ""object"": ""PAH exposure""}, {""subject"": ""fossil fuel combustion"", ""relation"": ""increases_risk_of"", ""object"": ""PAH exposure""}, {""subject"": ""individual susceptibility"", ""relation"": ""exacerbates"", ""object"": ""lung cancer risk from PAH""}]","[""Model resolution importance in exposure assessment"", ""Individual susceptibility integration in risk methodology"", ""Trans-boundary transport quantification for PAHs""]",Global ambient PAH exposure causes lung cancer risk of 3.1×10⁻⁵; individual susceptibility increases estimates by 55%.,high,success
W3022189740,True,"[""PM2.5"", ""wildfire_smoke""]","[""mortality"", ""other""]","[""general"", ""rural"", ""low_income""]",modelling,"[""India""]",national,implicit,"[""particulate matter inhalation"", ""airway deposition""]","[""household fuel type access"", ""rural-urban disparity"", ""energy poverty"", ""limited LPG distribution""]","[{""subject"": ""household solid fuel use"", ""relation"": ""causes"", ""object"": ""PM2.5 exposure""}, {""subject"": ""PM2.5 exposure"", ""relation"": ""causes"", ""object"": ""loss of healthy life""}, {""subject"": ""PM2.5 exposure"", ""relation"": ""causes"", ""object"": ""premature mortality""}, {""subject"": ""transition to LPG"", ""relation"": ""is_associated_with"", ""object"": ""PM2.5 concentrations""}]","[""How clean fuel initiatives reduce PM2.5 exposure in India"", ""Health benefits dependent on complete transition coverage""]","Complete transition to LPG in Indian households reduces PM2.5 by 25% and prevents 348,000 annual premature deaths.",high,success
W2979578434,False,[],[],"[""elderly""]",other,[],not_specified,explicit,[],"[""limited physical and cognitive limitations"", ""limited spending capacity""]",[],[],IoT-based disaster alert system for elderly living alone enables rapid emergency response.,low,success
W4220872075,False,"[""fire_weather"", ""heat_stress"", ""other""]",[],[],qualitative,"[""global""]",global,implicit,[],"[""public health agency engagement"", ""inter-agency coordination"", ""healthcare system capacity"", ""adaptation planning infrastructure"", ""climate equity considerations""]",[],"[""Limited research on city public health agency adaptation engagement"", ""Variation in adaptation across high vs. low-income cities"", ""Coordination mechanisms between agencies unclear""]","Most large cities report health-focused climate adaptation; only 73% involve public health agencies, with higher engagement in lower-income countries.",medium,success
W3165969677,False,"[""wildfire_smoke"", ""fire_weather""]",[],[],systematic_review,"[""United States""]",national,none,[],[],[],[],"NCA4 comprehensively documents climate change impacts on air quality, wildfire, energy, and water across the United States.",medium,success
W4280538078,False,[],[],[],other,"[""United States""]",national,none,[],[],[],[],Forest reserve strategies for carbon storage and biodiversity protection are essential for US climate goals.,low,success
W2763436097,True,"[""PM2.5"", ""wildfire_smoke""]","[""respiratory"", ""other""]","[""general""]",cross_sectional,"[""Brazil""]",local,none,"[""oxidative stress from PAH exposure"", ""lung carcinogenicity""]",[],"[{""subject"": ""wildfire smoke"", ""relation"": ""causes"", ""object"": ""PM2.5""}, {""subject"": ""PM2.5"", ""relation"": ""is_associated_with"", ""object"": ""lung cancer risk""}, {""subject"": ""biomass burning"", ""relation"": ""increases_risk_of"", ""object"": ""PAH exposure""}]",[],Wintertime particulate pollution in São Paulo reaches critical health risk levels driven by biomass burning and vehicular emissions.,high,success
W3179283102,False,[],[],[],other,[],not_specified,none,[],[],[],[],Non-terrestrial networks integrated with terrestrial networks will play a pivotal role in 6G ecosystem development.,low,success
W2552031352,False,"[""wildfire_smoke""]",[],[],other,"[""Southeast Asia""]",regional,none,[],[],[],"[""Efficient boundary layer profiling for model validation"", ""High-frequency geostationary satellite observations of diurnal cycles""]","7-SEAS/BASELInE integrated satellite and ground measurements to characterise biomass-burning aerosol composition, aerosol-cloud interactions, and air quality impacts in Southeast Asia.",medium,success
W2611753856,True,"[""fire_weather"", ""heat_stress"", ""other""]","[""respiratory"", ""cardiovascular"", ""mortality"", ""other""]","[""general"", ""low_income"", ""indigenous"", ""other""]",systematic_review,[],global,explicit,[],"[""low socioeconomic status"", ""inequitable climate responsibility"", ""limited adaptive capacity"", ""intergenerational equity issues""]","[{""subject"": ""wildfire event"", ""relation"": ""causes"", ""object"": ""air pollution-related health effects""}, {""subject"": ""wildfire event"", ""relation"": ""causes"", ""object"": ""heat-related illnesses and deaths""}, {""subject"": ""climate change"", ""relation"": ""increases_risk_of"", ""object"": ""extreme weather events including fires""}]",[],"Climate change causes diverse health impacts including heat illness, air pollution effects, and infectious diseases, with vulnerable populations experiencing disproportionate harm.",medium,success
W4290730909,False,"[""direct_fire""]",[],[],modelling,"[""Australia""]",regional,none,[],[],[],[],Restoring 69% of degraded habitat across Australia could recover fire-affected native species while sequestering significant carbon.,medium,success
W3023866022,False,[],[],[],other,[],not_specified,none,[],[],[],[],Healthcare systems must address impacts of climate change and environmental sustainability alongside pandemic preparedness.,low,success
W4394982348,False,"[""heat_stress""]",[],[],qualitative,"[""United Kingdom""]",national,none,[],"[""policy gaps"", ""institutional coordination failures"", ""inadequate funding"", ""limited cross-sectoral understanding""]",[],"[""Public communication strategies for heat risk"", ""Cross-sectoral understanding of heat impacts"", ""Long-term heat risk preparedness"", ""Leadership and institutional structure for heat governance"", ""Delineation of roles and responsibilities""]","UK heat governance has functional short-term arrangements but lacks long-term preparedness, cross-sectoral coordination, and adequate funding for climate-driven heat risks.",high,success
W3122172717,True,"[""direct_fire""]","[""burns_injury"", ""mental_health""]","[""general"", ""low_income""]",modelling,[],not_specified,explicit,[],"[""low socioeconomic status"", ""adverse mental health status"", ""living circumstances"", ""source of injury""]","[{""subject"": ""burn injury"", ""relation"": ""is_associated_with"", ""object"": ""length of hospital stay""}, {""subject"": ""burn injury"", ""relation"": ""is_associated_with"", ""object"": ""mental health status""}, {""subject"": ""burn injury"", ""relation"": ""is_associated_with"", ""object"": ""socioeconomic status""}, {""subject"": ""adverse mental status"", ""relation"": ""exacerbates"", ""object"": ""length of hospital stay""}, {""subject"": ""low socioeconomic status"", ""relation"": ""exacerbates"", ""object"": ""length of hospital stay""}]","[""few studies investigated LOS and mental/socioeconomic status association""]",Mental status management is crucial for effective burn patient care planning and hospital resource allocation.,medium,success
W2341223784,False,[],[],[],cross_sectional,"[""Brazil"", ""Peru"", ""Colombia"", ""Ecuador""]",regional,none,[],[],[],"[""dry-tolerance hypothesis not tested at large spatial scales"", ""how tropical forest composition changes with drought frequency""]","Tree species distributions in western Neotropics follow nested pattern along precipitation gradients, with drought-sensitive taxa restricted to wetter areas.",high,success
W4385769612,False,"[""heat_stress""]",[],[],other,[],global,none,[],"[""economically weak regions"", ""limited preventive measures""]",[],"[""Global research needed on heatwave threats"", ""Monitoring systems needed in economically weak regions""]","International research efforts are needed to develop heatwave monitoring systems globally, especially for economically disadvantaged regions.",low,success
W4392920275,False,"[""PM2.5""]",[],[],cross_sectional,"[""Austria"", ""Belgium"", ""Bulgaria"", ""Croatia"", ""Cyprus"", ""Czech Republic"", ""Denmark"", ""Estonia"", ""Finland"", ""France"", ""Germany"", ""Greece"", ""Hungary"", ""Ireland"", ""Italy"", ""Latvia"", ""Lithuania"", ""Luxembourg"", ""Malta"", ""Netherlands"", ""Poland"", ""Portugal"", ""Romania"", ""Slovakia"", ""Slovenia"", ""Spain"", ""Sweden""]",regional,none,[],"[""gender representation in politics"", ""political participation barriers"", ""institutional gender quotas"", ""underrepresentation in governance""]","[{""subject"": ""women's political representation"", ""relation"": ""is_associated_with"", ""object"": ""PM2.5 reduction""}]","[""cross-validation beyond EU required"", ""exploration of gender-politics-environment thresholds needed"", ""temporal scope expansion necessary""]","Women's political participation correlates with PM2.5 reduction in EU countries, with gender quotas potentially addressing environmental governance.",medium,success
W3168485784,True,"[""other""]","[""respiratory"", ""other""]","[""children""]",cross_sectional,"[""Thailand""]",regional,implicit,"[""airway inflammation"", ""mucous membrane irritation""]","[""housing quality"", ""indoor air quality"", ""cooking practices"", ""pet ownership""]","[{""subject"": ""biomass burning"", ""relation"": ""causes"", ""object"": ""rhinitis""}, {""subject"": ""biomass burning"", ""relation"": ""causes"", ""object"": ""headache""}, {""subject"": ""water leakage"", ""relation"": ""causes"", ""object"": ""rhinitis""}, {""subject"": ""indoor mold"", ""relation"": ""causes"", ""object"": ""respiratory symptoms""}, {""subject"": ""environmental tobacco smoke"", ""relation"": ""causes"", ""object"": ""respiratory symptoms""}, {""subject"": ""gas cooking"", ""relation"": ""causes"", ""object"": ""respiratory symptoms""}]","[""Environmental health effects in subtropical wet and dry seasons need investigation""]","Dampness, mold, biomass burning, ETS, and gas cooking impair adolescent health in northern Thailand.",high,success
W2901009801,False,[],[],[],other,[],not_specified,none,[],[],[],[],Editorial acknowledging 145 women leaders in fire science to promote diversity and inclusion in the discipline.,low,success
W3135855863,False,[],[],[],modelling,[],not_specified,none,[],[],[],[],Ensemble machine learning model and IoT-based system improve mountain fire spread prediction and containment resource optimization.,medium,success
W4403925116,False,"[""fire_weather""]",[],[],modelling,"[""Australia""]",regional,none,[],[],"[{""subject"": ""wildfire event"", ""relation"": ""is_associated_with"", ""object"": ""shrub cover increase""}, {""subject"": ""Indigenous population expansion"", ""relation"": ""causes"", ""object"": ""shrub cover reduction""}, {""subject"": ""British colonization"", ""relation"": ""causes"", ""object"": ""shrub cover increase""}, {""subject"": ""shrub cover increase"", ""relation"": ""increases_risk_of"", ""object"": ""high-intensity fires""}]",[],"Shrub cover declined 50% with Indigenous population expansion, then increased to record levels since British colonization, raising fire intensity risk.",high,success
W2136537904,False,[],[],[],other,[],not_specified,none,[],[],[],[],"Protected area resilience depends on cross-scale social-ecological feedbacks, not isolation from broader systems.",medium,success
W2158815140,False,[],[],[],qualitative,[],not_specified,none,[],"[""urban planning and transportation systems"", ""motor vehicle dependence"", ""adaptive capacity"", ""climate change vulnerability""]",[],"[""Understanding feedback interactions between city dynamics and health"", ""Systemic understandings of health-climate-environment interactions""]",Collaborative system dynamics modeling can help urban communities identify leverage points for climate adaptation and health improvement.,low,success
W1972203532,False,[],[],[],modelling,"[""Germany""]",national,none,[],[],[],[],Conditional intensity models quantified transmission dynamics of meningococcal sequence types with type-dependent reproduction numbers.,medium,success
W4390589867,False,"[""direct_fire""]",[],[],modelling,"[""Russia""]",local,none,[],[],[],[],Long-term wildfire simulations reveal fire impacts on boreal forest structure in Central Yakutia since Last Glacial Maximum.,low,success
W3146652132,False,[],[],[],qualitative,"[""Bangladesh""]",local,implicit,[],"[""land ownership"", ""social connectedness"", ""household economic strength"", ""low socioeconomic status""]",[],"[""non-migration as adaptive strategy understudied""]","Coastal Bangladesh communities at risk of slow-onset hazards remain in place due to land ownership, social ties, and economic factors rather than migrate.",medium,success
W3105062109,True,"[""other""]","[""other""]","[""general""]",other,"[""Eastern Mediterranean Region""]",regional,implicit,[],"[""limited healthcare access"", ""inadequate financing"", ""poor data availability""]","[{""subject"": ""drought"", ""relation"": ""causes"", ""object"": ""health consequences""}]","[""context-specific gaps and weaknesses unclear"", ""inadequate financing mechanisms"", ""lack of accountability frameworks"", ""insufficient data availability""]",Drought-related health effects in WHO Eastern Mediterranean Region constitute a public health emergency requiring urgent mitigation.,low,success
W2071414704,True,"[""PM2.5""]","[""mortality"", ""respiratory"", ""cardiovascular""]","[""general""]",modelling,"[""Poland""]",national,none,[],[],"[{""subject"": ""PM2.5 air pollution"", ""relation"": ""causes"", ""object"": ""premature mortality""}, {""subject"": ""climate change"", ""relation"": ""is_associated_with"", ""object"": ""PM2.5 dispersion""}]",[],"Climate change may reduce PM2.5 exposure in Poland, potentially decreasing pollution-related premature deaths.",high,success
W4378628131,False,[],[],[],cohort,"[""United States""]",local,none,[],[],[],"[""Long-term effects of pine pitch canker infection unknown""]","Bishop pine develops abundant viable seedbanks within 8 years, persisting across decades, enabling flexible prescribed fire management in wildland-urban interfaces.",high,success
W3173502414,True,"[""heat_stress"", ""fire_weather"", ""other""]","[""respiratory"", ""cardiovascular"", ""mental_health"", ""other""]","[""outdoor_workers"", ""low_income""]",systematic_review,[],global,explicit,"[""heat stress physiological responses"", ""oxidative stress from ozone exposure"", ""UV-induced skin damage""]","[""outdoor work environment exposure"", ""low income in agricultural sector"", ""limited occupational health protections"", ""vulnerability to climate hazards""]","[{""subject"": ""wildfire event"", ""relation"": ""causes"", ""object"": ""air pollution""}, {""subject"": ""air pollution"", ""relation"": ""causes"", ""object"": ""respiratory health impacts""}, {""subject"": ""wildfire event"", ""relation"": ""causes"", ""object"": ""heat stress""}, {""subject"": ""heat_stress"", ""relation"": ""increases_risk_of"", ""object"": ""cardiovascular disease""}, {""subject"": ""fire_weather"", ""relation"": ""causes"", ""object"": ""psychological stress""}]","[""Need for better heat stress assessment methods"", ""Limited research on agricultural worker mitigation strategies"", ""Future research directions for climate adaptation needed""]","Climate change hazards including extreme heat, air pollution, and ozone significantly threaten outdoor agricultural workers' health and income.",medium,success
W4372349932,True,"[""displacement"", ""other""]","[""mental_health"", ""other""]","[""rural"", ""general""]",qualitative,"[""United States""]",regional,explicit,[],"[""policy barriers to resource access"", ""economic health disruption"", ""built environment damage"", ""organizational capacity limitations"", ""healthcare system disruption""]","[{""subject"": ""wildfire event"", ""relation"": ""is_associated_with"", ""object"": ""community health systems and infrastructure""}, {""subject"": ""wildfire event"", ""relation"": ""causes"", ""object"": ""displacement and recovery needs""}, {""subject"": ""wildfire event"", ""relation"": ""exacerbates"", ""object"": ""rural community economic health""}, {""subject"": ""slow arrival of recovery resources"", ""relation"": ""increases_risk_of"", ""object"": ""inequitable health outcomes""}]","[""LTROs' role in other disaster contexts"", ""Effectiveness of policy adaptations in recovery"", ""Long-term health equity outcomes post-wildfire""]",Long-term recovery organizations face policy and resource barriers but collaboration facilitates equitable post-wildfire community health recovery.,high,success
W2151609077,False,[],[],[],other,[],not_specified,none,[],[],[],[],Eight principles guide responsible mining practices to balance resource development with environmental and social protection.,low,success
W4387040835,False,"[""fire_weather""]",[],[],systematic_review,[],global,none,[],[],"[{""subject"": ""climate change"", ""relation"": ""increases_risk_of"", ""object"": ""wildfires""}, {""subject"": ""global warming"", ""relation"": ""increases_risk_of"", ""object"": ""wildfires""}, {""subject"": ""temperature variations"", ""relation"": ""increases_risk_of"", ""object"": ""wildfire severity""}, {""subject"": ""soil moisture changes"", ""relation"": ""increases_risk_of"", ""object"": ""wildfire risk""}]",[],"Climate change and global warming significantly increase wildfire risk and severity through temperature, soil moisture, and fuel availability mechanisms.",medium,success
W2180291271,False,[],[],"[""low_income""]",other,"[""United States""]",national,explicit,[],"[""health inequities"", ""limited healthcare resources"", ""competing priorities"", ""limited workforce capacity"", ""disadvantaged communities""]",[],"[""public health sector engagement in climate preparedness"", ""integration of climate change into public health practice"", ""resources for climate adaptation""]","Climate change disproportionately affects vulnerable populations, yet public health lacks resources and engagement for prevention and preparedness.",low,success
W2786291776,False,[],[],[],systematic_review,[],not_specified,none,[],[],[],"[""New methods needed to predict anthropogenic perturbation impacts"", ""Understanding of local-scale Hg cycling complexity"", ""Site-specific MeHg exposure risk assessment approaches""]","Landscape perturbations increase mercury mobilization and methylation in aquatic systems, requiring site-specific management strategies to reduce exposure.",medium,success
W2782201593,False,[],[],[],other,[],global,none,[],[],[],[],Adequate nursery facilities and staff training are essential for successful forest and landscape restoration at scale.,low,success
W4322773567,False,[],[],[],systematic_review,"[""United States""]",national,none,[],[],[],"[""Long-term success rates of translocation programs unclear"", ""Optimal habitat enhancement strategies not fully determined"", ""Genetic management guidelines for small populations needed"", ""Disease transmission mechanisms in wild populations understudied"", ""Predation impacts on reintroduced populations not fully quantified""]","Bighorn sheep restoration through translocation requires attention to habitat, genetics, disease, and predation to improve conservation success.",medium,success
W4393067873,True,"[""wildfire_smoke"", ""PM2.5"", ""other""]","[""neurological"", ""mental_health""]","[""general"", ""children""]",other,"[""United States""]",national,implicit,"[""oxidative stress"", ""neuroinflammation"", ""proteasome dysfunction""]","[""air quality standards"", ""policy implementation"", ""public awareness""]","[{""subject"": ""wildfire smoke"", ""relation"": ""causes"", ""object"": ""PM2.5""}, {""subject"": ""PM2.5"", ""relation"": ""increases_risk_of"", ""object"": ""neurodegeneration""}, {""subject"": ""PM2.5"", ""relation"": ""increases_risk_of"", ""object"": ""neuropsychiatric disorders""}, {""subject"": ""PM2.5"", ""relation"": ""increases_risk_of"", ""object"": ""neurodevelopmental disorders""}]","[""Public awareness of wildfire smoke brain impacts"", ""PM2.5 standards consideration of neurodegenerative disease"", ""Pediatric Alzheimer's disease hallmarks from air pollution""]","Wildfire smoke and PM2.5 exposure linked to neurodegeneration and neurodevelopmental disorders, requiring policy consideration.",low,success
W3177542045,False,[],[],[],systematic_review,[],global,none,[],[],[],"[""Assessment of how stimulus investments address food security and sustainability"", ""Long-term effects of COVID-19 on food systems post-recovery""]",COVID-19 stimulus investments prioritized economic recovery over food security and environmental sustainability in developing countries.,medium,success
W3000484103,True,[],"[""mental_health""]","[""indigenous""]",cross_sectional,"[""Canada""]",regional,explicit,[],"[""reduced ecosystem service access"", ""traditional knowledge transmission disruption"", ""quality of life"", ""community support"", ""land-based cultural practices"", ""resilience capacity""]","[{""subject"": ""environmental change"", ""relation"": ""causes"", ""object"": ""reduced ecosystem service access""}, {""subject"": ""reduced ecosystem service access"", ""relation"": ""causes"", ""object"": ""mental health problems""}, {""subject"": ""environmental change"", ""relation"": ""increases_risk_of"", ""object"": ""environmental distress""}, {""subject"": ""quality of life"", ""relation"": ""protects_against"", ""object"": ""felt environmental impacts""}, {""subject"": ""resilience"", ""relation"": ""is_associated_with"", ""object"": ""greater awareness of environmental changes""}]","[""Mechanism explaining resilience paradox needs testing"", ""Long-term mental health outcomes unknown"", ""Causality of environmental distress pathways unclear""]","Environmental changes increased mental health distress in Indigenous communities, with quality of life protective but resilience paradoxically associated with greater perceived impacts.",high,success
W2107571635,False,[],[],[],other,"[""Indonesia""]",local,none,[],[],[],[],"Sun bear frugivory fluctuates dramatically with El Niño-driven mast fruiting cycles, shifting from 100% frugivory to predominantly insectivory.",high,success
W2060960624,False,[],[],[],cross_sectional,"[""United States""]",local,none,[],[],[],[],"Southwestern montane plant species show significant upward elevational shifts over five decades, confirming climate change impacts.",high,success
W2044318048,True,"[""other""]","[""reproductive""]","[""other""]",experimental,[],not_specified,explicit,"[""nervous system disruption"", ""reproductive dysfunction"", ""developmental toxicity""]",[],"[{""subject"": ""mercury exposure"", ""relation"": ""causes"", ""object"": ""reduced reproductive success""}, {""subject"": ""mercury exposure"", ""relation"": ""increases_risk_of"", ""object"": ""reduced fledgling proportion""}, {""subject"": ""mercury exposure"", ""relation"": ""increases_risk_of"", ""object"": ""increased re-nesting latency""}, {""subject"": ""lifetime mercury exposure"", ""relation"": ""causes"", ""object"": ""selection for mercury tolerance""}]","[""Population-level impacts of mercury on songbird declines unclear""]","Environmentally relevant mercury doses reduce songbird reproductive success via reduced fledgling rates, with lifetime exposure causing selection effects.",high,success
W2579994521,False,[],[],[],qualitative,"[""Indonesia""]",local,none,[],[],[],[],Land conflicts arise from community perception of plantation conversion threatening multiple livelihood functions and cultural identity.,medium,success
W4402972944,False,[],[],[],other,"[""United States""]",regional,none,[],[],[],"[""Effects of contemporary wildfires on forest ecosystems"", ""Post-fire structures meeting restoration objectives"", ""Environmental conditions for restorative fire effects""]","First-entry wildfires moderately restore forest structures in Sierra Nevada, with moderate-severity patches showing highest restorative effects.",high,success
W3092076996,False,[],[],[],systematic_review,[],not_specified,none,[],[],[],"[""Interventions for vulnerable older people"", ""Nursing home leadership role in managing challenges"", ""Community-wide stakeholder collaboration strategies""]","COVID-19 causes loneliness and anxiety in nursing home residents; staff experience uncertainty, hopelessness, and work overload.",medium,success
W4288435621,False,[],[],[],qualitative,"[""India""]",regional,none,[],[],[],[],Indigenous agricultural practices show moderate-to-extreme adaptive capacity against climate change impacts across Indian agroecological zones.,medium,success
W4313306113,False,"[""wildfire_smoke"", ""PM2.5""]",[],[],modelling,"[""United States""]",local,none,[],[],"[{""subject"": ""wildfire event"", ""relation"": ""causes"", ""object"": ""PM2.5 emissions""}, {""subject"": ""untreated fuels"", ""relation"": ""increases_risk_of"", ""object"": ""high PM2.5 concentration""}, {""subject"": ""fuel treatments"", ""relation"": ""protects_against"", ""object"": ""wildfire smoke in communities""}]",[],Fuel treatments located along frequent smoke air pathways could reduce ambient PM2.5 concentrations by 41% during wildfires.,high,success
W4379882595,False,[],[],[],other,[],global,none,[],[],[],[],"Climate change threatens freshwater availability through altered groundwater recharge, sea-level rise, and saltwater intrusion into coastal aquifers.",low,success
W4398247090,True,"[""other""]","[""reproductive"", ""other""]","[""children"", ""elderly"", ""pregnant""]",systematic_review,[],global,explicit,[],[],"[{""subject"": ""climate change"", ""relation"": ""is_associated_with"", ""object"": ""health impacts across life course""}]",[],"Climate change impacts human health across the entire life course, affecting maternal, newborn, child, adolescent, and older populations.",low,success
W2946118091,False,[],[],[],qualitative,"[""Kenya""]",regional,none,[],[],[],[],"Pastoral impacts on ecosystems are contingent on environmental, political, and cultural conditions rather than inevitable degradation.",medium,success
W3088478157,False,"[""displacement""]",[],"[""indigenous"", ""other""]",qualitative,[],not_specified,explicit,[],"[""cultural displacement"", ""loss of ancestral ties"", ""psychological well-being concerns"", ""discrimination and conflict risks""]","[{""subject"": ""climate displacement"", ""relation"": ""is_associated_with"", ""object"": ""loss of intangible cultural heritage""}, {""subject"": ""climate displacement"", ""relation"": ""exacerbates"", ""object"": ""psychological distress in displaced communities""}]","[""intangible heritage often overlooked in climate displacement context""]",Intangible cultural heritage can build resilient climate-displaced communities and should be preserved in climate adaptation policy.,medium,success
W3045575071,True,"[""PM2.5"", ""other""]","[""other""]","[""general""]",other,[],not_specified,none,"[""autoimmune response""]",[],"[{""subject"": ""PM2.5"", ""relation"": ""is_associated_with"", ""object"": ""anti-citrullinated protein antibody positivity""}, {""subject"": ""PM2.5"", ""relation"": ""is_associated_with"", ""object"": ""SO2""}]",[],Industrial PM2.5 and SO2 exposure associated with anti-citrullinated protein antibody positivity.,low,success
W2399618562,False,[],[],[],other,[],not_specified,none,[],[],[],[],"Fire is integral to Earth systems and human evolution; managing wildfire requires balancing ecological, social, and health considerations.",low,success
W4391656797,False,[],[],[],systematic_review,"[""Japan"", ""China"", ""Taiwan"", ""Portugal"", ""Spain"", ""United States""]",global,none,[],[],[],[],"Pine wilt disease caused by pinewood nematode is a global forestry threat with mortality within 3 months, managed through felling and breeding.",medium,success
W2110262020,False,"[""direct_fire""]",[],[],cross_sectional,[],local,none,[],[],[],"[""Functional mechanisms underlying fire effects on ecosystems"", ""Long-term colony recruitment patterns post-fire"", ""Genetic consequences of reduced female production""]",Fire altered ant sex allocation toward males but maintained trophic positions; reduced female production may impact long-term colony recruitment.,high,success
W3049603474,False,[],[],[],other,"[""India""]",global,none,[],[],[],"[""Multi-dimensional integration of mangrove SES studies"", ""Empirical validation across diverse case studies"", ""Adaptive planning frameworks for mangrove management""]","The adaptive cycle heuristic integrates ecological, social, economic, and political dynamics in mangrove social-ecological systems across spatial-temporal scales.",medium,success
W4394869299,False,[],[],"[""indigenous""]",qualitative,[],not_specified,none,[],[],[],"[""Best ethical practices for integrating Indigenous sciences"", ""Governance arrangements integrating Indigenous Knowledge appropriately"", ""Methods for plural worldview engagement""]",Wildlife management requires paradigm shifts toward Indigenous Knowledge integration through culturally appropriate governance and reflexive relationship-building.,medium,success
W4366826240,False,"[""fire_weather""]",[],[],cross_sectional,"[""Australia""]",local,none,[],[],[],"[""Most studies indiscriminate of plant maturity stages"", ""Limited investigation of fire severity interactions with intervals""]",Fire interval strongly influences plant maturity across severity classes; ≥8 years recommended to prevent local extinctions.,high,success
W2167862289,True,"[""displacement""]","[""mental_health""]","[""general"", ""outdoor_workers"", ""racial_minorities""]",cross_sectional,"[""United States""]",regional,implicit,[],"[""community collective efficacy"", ""community socioeconomic characteristics"", ""social cohesion""]","[{""subject"": ""wildfire event"", ""relation"": ""increases_risk_of"", ""object"": ""posttraumatic stress disorder""}, {""subject"": ""community collective efficacy"", ""relation"": ""protects_against"", ""object"": ""posttraumatic stress disorder""}]",[],Higher community and individual collective efficacy associated with lower PTSD likelihood and symptom severity post-hurricane.,high,success
W3007493754,False,"[""direct_fire""]",[],[],other,"[""New Zealand""]",regional,none,[],[],[],"[""Resprouting information scarce in non-fire-prone ecosystems"", ""Limited quantitative post-fire resprouting data for NZ""]","Most canopy dominants are non-resprouters, but smaller trees and shrubs resprout despite low fire history, enabling fire-resilient restoration.",high,success
W2553898533,False,[],[],[],qualitative,"[""United States""]",regional,none,[],[],[],[],Human history and cultural perspectives shape relationships with frequent-fire forest ecosystems.,low,success
W2566941503,True,"[""wildfire_smoke"", ""PM2.5"", ""heat_stress""]","[""mortality"", ""respiratory""]","[""general""]",cross_sectional,"[""Russia""]",local,implicit,"[""oxidative stress from air pollutants""]","[""urban population density"", ""traffic-related exposure"", ""limited access to warnings""]","[{""subject"": ""wildfire event"", ""relation"": ""causes"", ""object"": ""wildfire smoke""}, {""subject"": ""wildfire smoke"", ""relation"": ""causes"", ""object"": ""PM2.5""}, {""subject"": ""PM2.5"", ""relation"": ""increases_risk_of"", ""object"": ""mortality""}, {""subject"": ""wildfire event"", ""relation"": ""is_associated_with"", ""object"": ""heat stress""}, {""subject"": ""heat stress"", ""relation"": ""increases_risk_of"", ""object"": ""mortality""}]","[""long-term health surveillance during extreme events""]","Forest fires in Moscow caused smog resulting in 11,000 additional deaths during the 2010 heat episode.",high,success
W4386020824,False,[],[],[],systematic_review,[],global,none,[],[],[],"[""Effective grassland restoration best practices unclear"", ""Grassland importance relative to forests underappreciated"", ""Global coordination of restoration strategies needed""]",Grassland restoration is critical for biodiversity and carbon sequestration but requires unified best practices across three key areas.,medium,success
W4280593595,False,[],[],[],other,"[""India"", ""Nepal"", ""Bhutan"", ""Pakistan"", ""China""]",regional,none,[],[],[],"[""Identification of threatened ecosystem services in HKH""]","Climate warming in the Hindu Kush Himalayan region threatens biodiversity and ecosystem services, requiring integrated resilience management with science-policy collaboration.",medium,success
W4362519869,False,[],[],[],qualitative,[],not_specified,none,[],[],[],[],COM-B model with IoT sensor data can effectively change household behaviour and improve indoor air quality.,medium,success
W2169049110,False,[],[],[],systematic_review,[],not_specified,none,[],[],[],"[""Few studies assess summer drought impact on forest biodiversity"", ""Species-specific drought resistance mechanisms poorly understood"", ""Recovery trajectories after recurrent droughts unclear""]","Summer droughts reduce ecosystem productivity and increase species mortality, with effects varying by species adaptation and recovery capacity.",medium,success
W3164557988,False,[],[],[],cross_sectional,"[""United States""]",local,none,[],[],[],[],Prescribed burning in old-growth redwood forests reduces fuel loads with minimal impacts to overstory trees and understory vegetation.,high,success
W3117000556,False,[],[],"[""general"", ""other""]",qualitative,"[""South Africa""]",regional,implicit,[],"[""community resilience building"", ""creative engagement methods"", ""intergenerational exchange"", ""policy maker awareness""]",[],"[""Long-term effects of creative interventions rarely evaluated"", ""Evidence limited to short-term benefits assessment""]",Creative storytelling workshops increase hazard awareness and encourage adaptation discussions in vulnerable communities.,medium,success
W4229056663,True,"[""other""]","[""respiratory"", ""cardiovascular"", ""mental_health"", ""other""]","[""general"", ""other""]",systematic_review,"[""United States""]",national,none,"[""airway inflammation reduction"", ""cardiovascular disease prevention""]","[""access to green space"", ""urban heat island effect"", ""community connection"", ""hospital environment quality""]","[{""subject"": ""green roof implementation"", ""relation"": ""is_associated_with"", ""object"": ""urban heat island effect""}, {""subject"": ""green roof implementation"", ""relation"": ""increases_risk_of"", ""object"": ""mental health improvements""}, {""subject"": ""green roof implementation"", ""relation"": ""is_associated_with"", ""object"": ""reduced respiratory disease""}, {""subject"": ""green roof implementation"", ""relation"": ""is_associated_with"", ""object"": ""reduced cardiovascular disease""}, {""subject"": ""access to green space"", ""relation"": ""is_associated_with"", ""object"": ""emotional distress""}]",[],"Green roofs on urban hospitals reduce heat island effects, improve mental health, decrease respiratory and cardiovascular disease, and increase patient satisfaction.",medium,success
W4379467079,True,"[""displacement"", ""other""]","[""mental_health"", ""respiratory"", ""other""]","[""general"", ""children"", ""other""]",case_control,"[""Australia""]",national,implicit,[],"[""housing quality"", ""displacement"", ""housing insecurity""]","[{""subject"": ""wildfire event"", ""relation"": ""causes"", ""object"": ""displacement""}, {""subject"": ""displacement"", ""relation"": ""increases_risk_of"", ""object"": ""mental_health outcomes""}, {""subject"": ""wildfire event"", ""relation"": ""exacerbates"", ""object"": ""housing insecurity""}]",[],Climate-related disasters including wildfires have health and housing consequences including displacement and mental health impacts.,low,success
W3028690763,False,[],[],[],systematic_review,"[""China"", ""global""]",global,none,[],[],[],"[""Limited information about COVID-19 pathogenesis"", ""Need for vaccine development"", ""Measures to prevent future pandemics""]","COVID-19 review summarising epidemiology, asymptomatic transmission, and potential pharmaceutical interventions as of April 2020.",low,success
W1963594855,False,[],[],[],other,[],not_specified,none,[],[],[],[],Mushroom cultivation offers sustainability through waste bioconversion while requiring conservation efforts and habitat protection.,low,success
W3043349659,False,[],[],[],systematic_review,[],global,none,[],[],[],"[""Relative absence of accounting scholarship addressing SDGs"", ""Limited accounting research on SDGs implementation""]",Accounting scholarship lags in SDG-related research despite their policy prominence and organizational relevance.,medium,success
W3157234686,False,"[""wildfire_smoke""]",[],[],other,"[""Southeast Asia"", ""North America""]",regional,none,[],[],[],"[""Addressing vegetation fire and smoke pollution issues"", ""Establishing regional monitoring centers""]",VFSP-WAS proposes regional warning systems for vegetation fire and smoke pollution assessment across Southeast Asia and North America.,medium,success
W2983122252,False,[],[],"[""indigenous"", ""other""]",qualitative,"[""Russia""]",regional,explicit,[],"[""climate change adaptation"", ""indigenous knowledge systems"", ""transboundary connectivity"", ""decision-making capacity""]",[],"[""communication gaps between researchers, indigenous peoples, decision-makers""]","Arctic indigenous peoples, researchers, and decision-makers have different perceptions of climate change impacts; improved dialogue needed.",medium,success
W4311125320,True,"[""PM2.5""]","[""reproductive""]","[""children""]",other,"[""Africa""]",regional,explicit,"[""intrauterine exposure effects"", ""early-life developmental impacts""]","[""undernutrition"", ""childhood malnutrition""]","[{""subject"": ""PM2.5"", ""relation"": ""is_associated_with"", ""object"": ""childhood stunting""}, {""subject"": ""PM2.5"", ""relation"": ""is_associated_with"", ""object"": ""in-utero exposure effects""}, {""subject"": ""PM2.5"", ""relation"": ""is_associated_with"", ""object"": ""childhood undernutrition""}]","[""first African continent-wide study of PM2.5 and stunting""]",PM2.5 exposure during in-utero and early-life periods is associated with childhood stunting and undernutrition in African children.,low,success
W4384526074,False,[],[],[],other,[],global,implicit,[],[],[],[],AI offers data-driven tools for climate change adaptation by analyzing climate models and satellite imagery to identify vulnerable areas and assess risks.,low,success
W4303986394,False,[],[],[],other,[],not_specified,none,[],[],[],[],"Digital twins can reduce emissions, food waste, and malnutrition in agrifood systems, but implementation barriers remain.",low,success
W2124327613,False,"[""heat_stress""]",[],[],other,"[""United States""]",local,none,[],[],[],[],Urban heat island effect in arid regions like Phoenix results from anthropogenic infrastructure changes.,low,success
W2963591518,False,[],[],[],systematic_review,[],not_specified,none,[],[],[],"[""Differential herbicide resistance under changing CO2/climate"", ""Shifts in efficacy of biological constraints like pathogens"", ""Climate-induced phenological shifts in weed distribution and fitness"", ""Epigenetics and phenotypic plasticity versus evolutionary adaptation""]","Rising CO2 and climate change will impose strong selection pressures on weeds, driving rapid adaptive evolution with consequences for distribution and herbicide efficacy.",medium,success
W3154580449,False,[],[],[],systematic_review,"[""global""]",global,none,[],[],[],"[""Effects of saltwater intrusion on ecosystem processes"", ""Health risks from groundwater contamination of home wells"", ""Risks to clean and safe drinking water sources"", ""Economic and safety impacts of infrastructure corrosion"", ""Alteration of biodiversity and ecosystem functions"", ""Application of high-frequency sensors in monitoring""]","Freshwater salinization is a global emerging problem requiring integrated watershed management to protect drinking water, ecosystems, and infrastructure.",high,success
W2120809222,False,[],[],[],modelling,"[""Burkina Faso""]",national,none,[],"[""human mobility"", ""water resources development"", ""settlement proximity to water""]",[],"[""Model refinement needed based on field evidence"", ""Additional epidemiological validation required""]",Human mobility and water resource development are primary geographic controls of schistosomiasis transmission across Burkina Faso.,medium,success
W3004921868,False,[],[],[],systematic_review,[],global,none,[],[],[],[],International wildlife law creates obligations for governments to manage free-ranging domestic cats to protect biodiversity.,medium,success
W2086842989,False,[],[],[],systematic_review,[],not_specified,none,[],[],[],[],"Molecular structure and dose, not natural versus synthetic origin, determine substance effects on health.",medium,success
W2130467956,False,[],[],[],other,"[""India""]",local,none,[],"[""lack of basic health care facilities""]",[],"[""data on individual species medicinal plant use needed"", ""in-depth plant availability assessment required""]",Medicinal plant use and ecological composition varied across climatic zones in Garhwal Himalaya; conservation strategies needed.,low,success
W3187128816,True,"[""other""]","[""mortality""]","[""general""]",other,"[""Bangladesh""]",national,none,[],[],"[{""subject"": ""drought"", ""relation"": ""causes"", ""object"": ""mortality""}]","[""future research needed to reduce drought-related health risks""]",Drought severity and aftereffects differentially impact mortality across Bangladesh regions.,low,success
W4256271581,False,"[""wildfire_smoke""]",[],[],qualitative,"[""Indonesia""]",regional,none,[],"[""illegal logging"", ""land clearing practices"", ""political competition among elites"", ""weak law enforcement"", ""cultural land management traditions"", ""market-driven corporate interests""]","[{""subject"": ""wildfire event"", ""relation"": ""causes"", ""object"": ""economic losses""}, {""subject"": ""wildfire event"", ""relation"": ""causes"", ""object"": ""social disruption""}, {""subject"": ""wildfire event"", ""relation"": ""is_associated_with"", ""object"": ""human land clearing""}, {""subject"": ""wildfire event"", ""relation"": ""is_associated_with"", ""object"": ""illegal logging""}, {""subject"": ""wildfire event"", ""relation"": ""is_associated_with"", ""object"": ""corporate interests""}]","[""enforcement mechanisms for fire prevention policies""]","Forest fires in Kalimantan and Sumatra (2015–2019) resulted from human action, political competition, and inadequate law enforcement rather than natural causes.",low,success
W4313559145,False,[],[],[],modelling,[],not_specified,none,[],[],[],[],PSO-enabled federated learning framework achieves 94.47% forest fire prediction accuracy with lower communication costs.,medium,success
W4389893804,False,[],[],[],modelling,"[""United States""]",regional,none,[],"[""social vulnerabilities"", ""wildland-urban interface expansion"", ""fuel accumulation from fire suppression""]",[],[],Firescape mapping integrating social and ecological factors provides decision support for wildfire risk management and community resilience.,medium,success
W2625212982,False,[],[],[],systematic_review,[],global,none,[],[],[],[],"Invasive alien species on islands cause broader impacts than on continents, with patterns varying by region and exacerbated by climate change.",medium,success
W2416708566,False,[],[],[],systematic_review,[],global,none,[],[],[],"[""Standardization of in situ data and workflows needed"", ""Operational remote sensing applications limited by verification deficits"", ""Integration of forest health with biotic and abiotic factors unclear""]",Integration of in situ and remote sensing data requires standardization to enable operational forest health monitoring globally.,medium,success
W2095514970,False,[],[],[],cross_sectional,"[""United States""]",local,none,[],[],[],[],"Ant community diversity in longleaf pine flatwoods varies with herbaceous ground cover, with imported fire ants abundant in high-cover sites.",high,success
W2162559691,False,"[""fire_weather""]",[],[],other,"[""Australia""]",regional,none,[],[],[],"[""Inadequately tested theory of fire impacts on landscape heterogeneity"", ""Weak inference about fire processes on savanna ecosystems"", ""Limited understanding of habitat features supporting viable wildlife populations""]","Fire and other drivers have compromised landscape heterogeneity in Australian tropical savannas, reducing resource-rich patches sustaining wildlife.",medium,success
W4401404673,True,"[""wildfire_smoke""]","[""neurological""]","[""outdoor_workers""]",experimental,[],not_specified,implicit,"[""synaptic transmission alterations"", ""neuroplasticity changes"", ""blood-brain barrier integrity disruption"", ""neurotransmitter metabolism dysfunction"", ""mitochondrial oxidase dysregulation"", ""Wnt signaling pathway activation"", ""oxidative stress""]","[""occupational exposure context"", ""wildland firefighter occupation""]","[{""subject"": ""wildfire smoke"", ""relation"": ""causes"", ""object"": ""differential gene expression""}, {""subject"": ""wildfire smoke"", ""relation"": ""causes"", ""object"": ""synaptic transmission alterations""}, {""subject"": ""wildfire smoke"", ""relation"": ""causes"", ""object"": ""blood-brain barrier integrity disruption""}, {""subject"": ""wildfire smoke"", ""relation"": ""causes"", ""object"": ""neurotransmitter metabolism dysfunction""}, {""subject"": ""wildfire smoke"", ""relation"": ""causes"", ""object"": ""mitochondrial oxidase dysregulation""}]","[""neurotoxic profile in occupational context remains ill-explored"", ""phenotypic effects of occupational wildfire smoke exposure unclear"", ""mechanistic underpinnings of occupational wildfire smoke neurotoxicology need characterization""]","Laboratory-generated wildfire smoke exposure induces robust transcriptomic changes in prefrontal cortex affecting synaptic transmission, neuroplasticity, and blood-brain barrier integrity.",high,success
W3114940703,False,[],[],[],other,[],not_specified,none,[],[],[],[],Big data analytics improves insurance policy pricing across most actuarial domains except cyber risk.,low,success
W3216616617,True,"[""wildfire_smoke"", ""PM2.5""]","[""respiratory"", ""other""]","[""general""]",time_series,"[""Indonesia""]",regional,none,[],"[""limited_healthcare_data_availability"", ""public_awareness_indicators""]","[{""subject"": ""wildfire_smoke"", ""relation"": ""causes"", ""object"": ""PM2.5""}, {""subject"": ""PM2.5"", ""relation"": ""is_associated_with"", ""object"": ""public_health_concerns""}, {""subject"": ""wildfire_event"", ""relation"": ""is_associated_with"", ""object"": ""newspaper_health_article_publication""}]","[""Air quality data not always available in fire-prone regions"", ""Epidemiology information gaps in peatland fire areas""]",Newspaper article frequency correlates with peatland fire radiation power and air pollution indices.,medium,success
W4399385217,False,"[""wildfire_smoke""]",[],[],other,"[""United States"", ""Canada""]",regional,none,[],[],"[{""subject"": ""wildfire smoke"", ""relation"": ""causes"", ""object"": ""altered solar radiation""}, {""subject"": ""wildfire smoke"", ""relation"": ""causes"", ""object"": ""ash deposition""}, {""subject"": ""wildfire smoke"", ""relation"": ""causes"", ""object"": ""nutrient deposition in lakes""}, {""subject"": ""wildfire smoke"", ""relation"": ""causes"", ""object"": ""toxic compound deposition""}, {""subject"": ""wildfire smoke"", ""relation"": ""is_associated_with"", ""object"": ""chemical condition changes in lakes""}, {""subject"": ""wildfire smoke"", ""relation"": ""is_associated_with"", ""object"": ""impacts to aquatic biota""}]","[""spatial and temporal scales of lake smoke exposure under-recognized"", ""mechanisms of smoke effects on lakes need further research"", ""impacts of smoke on lakes as wildfire increases unclear""]","99.3% of North American lakes experienced smoke exposure 2019-2021, with 89.6% receiving over 30 smoke-days annually.",high,success
W4388524175,False,[],[],[],modelling,[],not_specified,none,[],[],[],"[""Interactions between variables in post-fire response of Mediterranean pine species""]",Prescribed burning under tree canopy causes low cambium damage in Mediterranean pine; bark thickness is protective.,high,success
W2026540230,False,[],[],[],qualitative,"[""Australia""]",regional,none,[],[],[],[],Indigenous protected areas in Australia demonstrate innovative management approaches for community-conserved lands.,low,success
W3206764685,False,[],[],[],other,[],not_specified,none,[],[],[],[],Spirituality and nature connection promote eudaimonic well-being through psychological and cultural mechanisms.,low,success
W4360980313,False,[],[],[],time_series,"[""Ethiopia""]",national,none,[],[],[],[],Climate and human activity jointly modulate fire activity in Ethiopia; climate drives interannual variability while human practices determine long-term patterns.,high,success
W4401576447,False,[],[],[],other,[],not_specified,none,[],[],[],[],"AI and healthcare collaboration improves diagnosis, personalized medicine, clinical decision support, and patient outcomes.",low,success
W2145071027,True,"[""other""]","[""reproductive"", ""other""]","[""pregnant"", ""children""]",cross_sectional,[],not_specified,implicit,"[""thyroid hormone disruption"", ""altered TSH feedback"", ""growth hormone dysregulation"", ""endocrine system interference""]","[""bioaccumulated environmental pollutants"", ""modern societal chemical burden""]","[{""subject"": ""in utero dioxin exposure"", ""relation"": ""causes"", ""object"": ""decreased free T4 and TSH""}, {""subject"": ""non-ortho PCBs"", ""relation"": ""causes"", ""object"": ""altered thyroid hormone feedback to hypothalamus""}, {""subject"": ""placental dioxin and PCB burden"", ""relation"": ""is_associated_with"", ""object"": ""altered thyroid and growth hormone levels in newborns""}]","[""routine screening protocols for newborn thyroid function unclear""]",In utero exposure to non-ortho PCBs is associated with significantly decreased thyroid hormone feedback in newborns.,high,success
W3164816829,True,"[""other""]","[""other""]","[""general"", ""outdoor_workers"", ""other""]",systematic_review,"[""United States""]",national,implicit,"[""multisystem sensitization"", ""loss of tolerance mechanism""]",[],"[{""subject"": ""volatile organic compounds"", ""relation"": ""causes"", ""object"": ""toxicant-induced loss of tolerance""}, {""subject"": ""pesticides"", ""relation"": ""causes"", ""object"": ""toxicant-induced loss of tolerance""}, {""subject"": ""combustion products"", ""relation"": ""causes"", ""object"": ""toxicant-induced loss of tolerance""}, {""subject"": ""synthetic organic chemicals"", ""relation"": ""causes"", ""object"": ""chemical intolerance""}]","[""less is known about initiating exposures than documented intolerances"", ""TILT disease mechanism not fully characterised"", ""concentration thresholds for TILT initiation unclear""]","Volatile organic compounds, pesticides, and combustion products are primary exposures initiating toxicant-induced loss of tolerance across diverse exposure events.",medium,success
W3006630965,False,[],[],[],other,[],not_specified,none,[],[],[],[],Sport ecology is proposed as a new subdiscipline within sport management to address bidirectional relationships between sport and natural environment.,low,success
W3134266067,False,[],[],[],other,[],not_specified,none,[],[],[],"[""Models inadequately quantify tradeoffs in wildland management"", ""Limited understanding of novel ecosystem trajectories"", ""Insufficient causal relationship research in ecology""]",Western wildland management must transition from equilibrium-based approaches to adaptive governance incorporating multiple knowledge systems for non-reversible environmental changes.,medium,success
W4386893662,False,"[""fire_weather""]",[],[],cross_sectional,[],not_specified,none,[],[],[],"[""fire severity effects on insect communities poorly understood"", ""need for accounting of fire heterogeneity in pyroentomology""]",Moderate fire severity creates distinct ground beetle communities; high severity produces unexpected similarity to unburned sites.,medium,success
W4226487254,False,[],[],[],qualitative,"[""Spain""]",regional,none,[],[],[],"[""women pastoralists in Global North understudied"", ""gender roles in pastoral system resilience unclear""]",Spanish women pastoralists act as both tradition-keepers and change agents in pastoral social-ecological system conservation and transformation.,medium,success
W2775346277,False,[],[],[],other,[],not_specified,none,[],[],[],[],"Integrated taxonomic review reveals genus Cyclopes comprises at least seven valid species, with conservation implications.",high,success
W3198756073,True,"[""other""]","[""respiratory""]","[""general"", ""low_income"", ""racial_minorities""]",modelling,"[""United States""]",regional,implicit,"[""airway inflammation""]","[""low socioeconomic status"", ""residential proximity to pollution sources""]","[{""subject"": ""ozone"", ""relation"": ""causes"", ""object"": ""respiratory health effects""}]","[""long-term health equity impacts of delayed NAAQS attainment""]","Climate penalty delays ozone NAAQS attainment by ~2 years per standard, affecting health equity outcomes.",medium,success
W4398137402,True,[],"[""other""]","[""general""]",systematic_review,"[""Europe""]",regional,implicit,[],"[""greenspace access"", ""greenspace quality"", ""governance structures""]",[],[],Greenspace access and quality provide health co-benefits; governance crucial for minimizing public health risks.,low,success
W3006946475,False,[],[],[],systematic_review,[],not_specified,none,[],[],[],[],Abstract incomplete; unable to extract main finding.,low,success
W4389737249,False,[],[],"[""elderly"", ""children"", ""low_income"", ""other""]",cross_sectional,[],not_specified,explicit,[],"[""low capacity households"", ""caring responsibilities for elderly"", ""caring responsibilities for disabled"", ""caring responsibilities for children""]",[],"[""impact of efficacy across diverse vulnerable family types""]",Response and self-efficacy differentially influence disaster preparedness across vulnerable household types.,medium,success
W2609545640,False,[],[],"[""indigenous""]",qualitative,"[""Australia""]",regional,none,[],[],[],[],Indigenous environmental management programs generate multiple cobenefits for indigenous communities and ecosystems.,low,success
W2549250279,False,[],[],[],other,[],not_specified,none,[],[],[],[],"Integrative framework combining adaptation services, values-rules-knowledge perspective, and adaptation pathways enables transformative adaptation to climate change.",low,success
W3093297310,False,[],[],[],other,[],not_specified,none,[],[],[],[],Paper identifies twenty key challenges in environmental and resource economics to guide future research agenda.,low,success
W4400125726,False,[],[],[],other,"[""United States""]",national,none,[],[],[],[],"FPA FOD-Attributes dataset augments wildfire occurrence data with 270 physical, biological, social, and administrative attributes to support wildfire analytics and prediction.",high,success
W4367624854,False,[],[],[],qualitative,"[""Italy""]",local,none,[],[],[],"[""Widespread international analysis needed"", ""Territorial healthcare facilities require further investigation""]",Healthcare facilities require buffer spaces with specific design features near emergency departments for emergency management.,medium,success
W4387812957,False,[],[],[],other,[],not_specified,none,[],[],[],[],Drone-integrated GIS technology improves efficiency and accuracy in geospatial data collection across multiple application domains.,low,success
W4385811600,False,[],[],[],other,[],global,none,[],[],[],[],"Smart irrigation technologies including AI, deep learning, and UAVs can improve water use efficiency in drylands.",low,success
W2090183330,False,"[""wildfire_smoke""]",[],[],modelling,"[""Russia"", ""Northern Eurasia""]",regional,none,[],[],[],[],International project examines climate and environmental feedbacks in northern Eurasia including forest fires and dust storms.,low,success
W4312765600,False,[],[],[],systematic_review,[],global,none,[],[],[],[],"Climate research identifies ten priority areas including adaptation limits, vulnerability hotspots, climate-health threats, and mitigation barriers.",low,success
W2195931090,True,"[""heat_stress"", ""wildfire_smoke""]","[""other""]","[""outdoor_workers""]",experimental,[],not_specified,none,"[""core temperature elevation"", ""skin temperature elevation"", ""heart rate response"", ""thermoregulation via fluid intake""]",[],"[{""subject"": ""heat stress"", ""relation"": ""increases_risk_of"", ""object"": ""elevated core temperature""}, {""subject"": ""heat stress"", ""relation"": ""increases_risk_of"", ""object"": ""elevated skin temperature""}, {""subject"": ""heat stress"", ""relation"": ""is_associated_with"", ""object"": ""increased fluid intake demand""}]","[""Individual variation in performance responses under heat stress poorly understood""]",Heat exposure elevated core and skin temperatures in firefighters but did not impair work output when adequate hydration and rest were provided.,high,success
W4377107978,False,[],[],"[""low_income"", ""other""]",cross_sectional,"[""Sweden""]",local,explicit,[],"[""low socioeconomic status"", ""income segregation"", ""spatial injustice""]",[],[],"A sub-municipal social vulnerability index reveals uneven spatial distribution mimicking income segregation patterns, supporting equitable flood risk reduction.",medium,success
W4393852661,False,"[""wildfire_smoke""]",[],[],modelling,"[""United States""]",regional,none,[],[],"[{""subject"": ""wildfire event"", ""relation"": ""causes"", ""object"": ""boreal forest reduction""}, {""subject"": ""wildfire event"", ""relation"": ""is_associated_with"", ""object"": ""ecosystem transition to oak-pine barren""}, {""subject"": ""climate warming"", ""relation"": ""increases_risk_of"", ""object"": ""wildfire frequency""}]","[""specific influences of human, climate, and fire interactions remain unclear""]","Mid-Holocene boreal forest shifted to oak-pine barren during increased burning and warming 7000 years ago, reversing after 2000 years.",medium,success
W4378471302,True,"[""heat_stress""]","[""mortality""]","[""general""]",modelling,"[""Mediterranean region"", ""Middle East""]",regional,implicit,"[""heat-related mortality""]","[""adaptation capacity"", ""access to cooling resources""]","[{""subject"": ""heat_stress"", ""relation"": ""increases_risk_of"", ""object"": ""excess mortality""}, {""subject"": ""anthropogenic climate change"", ""relation"": ""causes"", ""object"": ""heat_stress""}]","[""need for effective adaptation planning""]","Anthropogenic climate change has increased likelihood of 50°C+ temperatures by 10–1000-fold, with projected excess thermal deaths by 2100.",high,success
W1915650454,False,[],[],[],qualitative,[],not_specified,none,[],[],[],"[""Empirical research on actual social risks of drones in conservation"", ""Mitigation strategies for identified social impacts""]","Drone use in conservation may cause negative social impacts on privacy, safety, and wellbeing that could undermine conservation effectiveness.",medium,success
W2071134368,False,[],[],"[""elderly"", ""other""]",other,"[""Czech Republic""]",local,implicit,[],[],[],[],"Value of statistical life for mortality risk in Czech Republic is approximately EUR 2.4 million, consistent across survey administration modes.",medium,success
W3213046788,False,[],[],[],modelling,"[""United States""]",local,none,[],[],[],[],Machine learning model identifies invasive plant species increasing wildfire risk with 90% accuracy using four plant traits.,medium,success
W4404011942,False,"[""PM2.5""]",[],[],modelling,[],not_specified,none,[],[],[],[],Hybrid PR-FCNN model outperforms conventional statistical approaches for accurate PM2.5 concentration prediction.,medium,success
W2062610773,False,[],[],"[""pregnant""]",other,"[""Greece""]",local,none,[],"[""psychosocial risk factors"", ""mental health access"", ""social services access""]",[],[],KINDEX Greek version is valid for identifying high-risk pregnant women in public health settings.,medium,success
W2906566608,False,[],[],[],systematic_review,"[""South Africa""]",global,none,[],[],[],[],"Alien grass species cause wide environmental and socio-economic impacts in South Africa, with competition and agricultural effects most frequent.",high,success
W4392561117,True,"[""PM2.5"", ""other""]","[""neurological""]","[""children"", ""elderly""]",experimental,[],not_specified,explicit,"[""nitrooxidative stress"", ""neuroinflammation"", ""oxidative damage"", ""antioxidant system depletion"", ""neurodegenerative marker formation""]","[""genetic predisposition"", ""age-related vulnerability""]","[{""subject"": ""PM2.5"", ""relation"": ""causes"", ""object"": ""nitrooxidative stress""}, {""subject"": ""PM2.5"", ""relation"": ""causes"", ""object"": ""neuroinflammation""}, {""subject"": ""nitrooxidative stress"", ""relation"": ""causes"", ""object"": ""neurodegenerative disease markers""}, {""subject"": ""neuroinflammation"", ""relation"": ""causes"", ""object"": ""neurodegenerative disease markers""}, {""subject"": ""neurodegenerative disease markers"", ""relation"": ""increases_risk_of"", ""object"": ""Alzheimer's disease""}, {""subject"": ""neurodegenerative disease markers"", ""relation"": ""increases_risk_of"", ""object"": ""Parkinson's disease""}]","[""extent of damage by PM2.5 and ozone in controlled exposure"", ""differential brain structure vulnerability to pollutants"", ""mechanisms in autism spectrum during pre-postnatal period""]","Air pollutant exposure causes nitrooxidative stress and neuroinflammation leading to neurodegenerative disease markers, particularly in vulnerable age groups.",medium,success
W2946607827,False,[],[],[],qualitative,"[""Pacific Islands""]",regional,none,[],[],[],[],Pacific Island communities lead climate adaptation by combining traditional practices with science to build resilience.,low,success
W3135555399,True,"[""other""]","[""mortality"", ""other""]","[""children"", ""general""]",time_series,"[""West Africa""]",regional,explicit,[],"[""economic development"", ""public health improvements"", ""health resources availability""]","[{""subject"": ""harmattan dust exposure"", ""relation"": ""increases_risk_of"", ""object"": ""infant mortality""}, {""subject"": ""harmattan dust exposure"", ""relation"": ""increases_risk_of"", ""object"": ""child mortality""}, {""subject"": ""harmattan dust exposure"", ""relation"": ""causes"", ""object"": ""health investments""}, {""subject"": ""harmattan dust exposure"", ""relation"": ""causes"", ""object"": ""negative health impacts in survivors""}, {""subject"": ""economic development"", ""relation"": ""protects_against"", ""object"": ""dust-related mortality""}, {""subject"": ""public health improvements"", ""relation"": ""protects_against"", ""object"": ""dust-related mortality""}]",[],"Harmattan dust exposure increases infant and child mortality in West Africa, but impacts decline with economic development and public health improvements.",high,success
W2973388626,False,[],[],[],other,"[""Australia""]",local,none,[],[],[],"[""long-term impacts of admixture unclear""]",Mixing diverged boodie populations produced non-random interbreeding with asymmetrical introgression favouring smaller males.,high,success
W2117846928,True,"[""PM2.5"", ""other""]","[""respiratory"", ""cardiovascular"", ""other""]","[""general""]",systematic_review,"[""India""]",national,none,"[""oxidative stress"", ""airway inflammation"", ""systemic inflammation""]","[""urbanization"", ""rapid industrialization"", ""low air quality regulation""]","[{""subject"": ""diesel exhaust nanoparticles"", ""relation"": ""causes"", ""object"": ""respiratory health problems""}, {""subject"": ""diesel exhaust nanoparticles"", ""relation"": ""causes"", ""object"": ""cardiovascular health problems""}, {""subject"": ""motor vehicle emissions"", ""relation"": ""causes"", ""object"": ""PM2.5""}]",[],Diesel exhaust nanoparticles from motor vehicles are major air pollutants causing respiratory and cardiovascular health impacts in urban India.,medium,success
W4381597216,True,"[""PM2.5"", ""other""]","[""respiratory"", ""other""]","[""general""]",cohort,[],not_specified,none,"[""systemic inflammation"", ""endothelial dysfunction""]",[],"[{""subject"": ""ambient air pollution"", ""relation"": ""increases_risk_of"", ""object"": ""COVID-19 severity""}, {""subject"": ""blood soot particles"", ""relation"": ""is_associated_with"", ""object"": ""adverse hospitalisation outcomes""}]",[],Pre-admission air pollution and blood soot particles predict worse COVID-19 hospitalisation outcomes.,low,success
W3087138237,False,[],[],"[""indigenous"", ""rural"", ""low_income""]",qualitative,"[""Namibia""]",local,explicit,[],"[""low socioeconomic status"", ""limited climate information access"", ""livelihood dependence on pastoralism"", ""lack of biodiversity interventions"", ""water scarcity"", ""extreme poverty""]",[],"[""Lack of practical adaptation strategies for pastoralists"", ""No biodiversity interventions at community level"", ""Limited understanding of EbA effectiveness"", ""Need for ecological restoration approaches""]","Namibian pastoralists lack climate information and effective adaptation strategies, indicating urgent need for ecosystem-based adaptation approaches including ecological restoration.",medium,success
W3216098913,False,[],[],[],other,"[""Mexico""]",local,none,[],[],[],[],Fire exclusion policies increased fuel accumulation and simplified forest structure; integrated fire management incorporating local conditions recommended.,high,success
W1906063826,True,"[""fire_weather"", ""heat_stress"", ""other""]","[""respiratory"", ""other""]","[""general"", ""other""]",systematic_review,"[""India"", ""Nepal"", ""Bhutan"", ""Pakistan"", ""Afghanistan""]",regional,explicit,"[""vector species range expansion"", ""altered pathogen transmission"", ""respiratory effects from air pollution""]","[""economic inequalities"", ""population migration"", ""livelihood transitions"", ""land use change"", ""food security"", ""limited healthcare access""]","[{""subject"": ""climate change"", ""relation"": ""causes"", ""object"": ""vector species range expansion""}, {""subject"": ""climate change"", ""relation"": ""increases_risk_of"", ""object"": ""vector-borne infectious diseases""}, {""subject"": ""climate change"", ""relation"": ""causes"", ""object"": ""temperature extremes""}, {""subject"": ""temperature extremes"", ""relation"": ""increases_risk_of"", ""object"": ""health impacts""}, {""subject"": ""land use change"", ""relation"": ""increases_risk_of"", ""object"": ""infectious disease emergence""}, {""subject"": ""climate change"", ""relation"": ""exacerbates"", ""object"": ""food insecurity""}]","[""Information on climate change health impacts in HKH region is scanty"", ""Limited research on adaptation strategies for climate health impacts""]","Climate change and land use transition in the Hindu Kush–Himalayan region drive disease expansion, vector redistribution, and health vulnerability through ecological and economic pathways.",high,success
W2472239545,False,[],[],[],systematic_review,"[""Spain"", ""Portugal"", ""Italy"", ""Greece"", ""Morocco"", ""Tunisia"", ""Algeria""]",regional,none,[],[],[],[],"Cork oak decline is a complex disease involving multiple pathogenic fungi and oomycota, exacerbated by drought and poor management practices.",medium,success
W2588350676,False,[],[],[],other,[],global,none,[],[],[],[],Forests are critical for carbon sequestration and climate mitigation; management practices must balance emissions reduction with socioeconomic benefits.,low,success
W4295598374,False,[],[],[],systematic_review,"[""Brazil"", ""South America""]",regional,none,[],[],[],"[""Causal relationships between biodiversity and ecosystem services poorly understood""]","Forest structure, composition, and function mediate ecosystem service provision in tropical South American forests differently.",medium,success
W3193808628,False,"[""fire_weather""]",[],[],systematic_review,"[""Australia""]",regional,none,[],[],[],"[""Fire ecology interactions with northern quoll populations"", ""Quantitative fire management effectiveness for quoll recovery"", ""Long-term fire regime impacts on habitat suitability""]","Systematic review of 143 studies identifies fire as a major threat to endangered northern quolls, with research effort increasing substantially since 2011.",high,success
W3163293840,False,[],[],[],qualitative,"[""Brazil""]",regional,none,[],[],[],[],Place-based sustainability initiatives in the Brazilian Amazon offer potential for improving living standards and environmental sustainability amid COVID-19 and social inequities.,low,success
W2997971227,False,[],[],[],modelling,[],global,none,[],[],[],[],Cost-effective natural climate solutions in tropics could deliver 6.56 Pg CO2e annually while supporting sustainable development goals.,medium,success
W2905371916,False,"[""fire_weather""]",[],"[""indigenous"", ""low_income"", ""rural""]",modelling,"[""India""]",regional,implicit,[],"[""poverty"", ""tribal population density"", ""low agricultural productivity"", ""limited adaptive capacity""]",[],[],"Jharkhand districts show negative vegetation trends, high poverty, and increasing climate vulnerability requiring urgent development prioritization.",medium,success
W3009974024,False,[],[],[],modelling,"[""Iran""]",local,none,[],[],[],[],MCE-LR hybrid model achieved highest accuracy (AUC=0.90) for seismic vulnerability mapping in Sanandaj City.,medium,success
W4390777005,False,[],[],[],systematic_review,[],not_specified,none,[],[],[],"[""Atmospheric and oceanic drivers of flash drought"", ""Flash drought-specific detection indices"", ""Subseasonal-to-seasonal prediction"", ""Uncertainty in projections"", ""Social science understanding of impacts""]","Flash drought research has established distinct dynamics and impacts, but critical gaps remain in prediction, monitoring, and social science understanding.",high,success
W4402839039,True,"[""PM2.5"", ""wildfire_smoke""]","[""respiratory"", ""cardiovascular""]","[""general"", ""children"", ""elderly"", ""racial_minorities""]",time_series,"[""United States""]",regional,explicit,"[""airway inflammation"", ""endothelial dysfunction"", ""systemic inflammation""]","[""age disparities"", ""racial/ethnic disparities"", ""wildfire exposure frequency""]","[{""subject"": ""wildfire smoke"", ""relation"": ""causes"", ""object"": ""PM2.5""}, {""subject"": ""PM2.5"", ""relation"": ""increases_risk_of"", ""object"": ""respiratory acute care utilization""}, {""subject"": ""PM2.5"", ""relation"": ""increases_risk_of"", ""object"": ""circulatory acute care utilization""}, {""subject"": ""extreme wildfire frequency"", ""relation"": ""exacerbates"", ""object"": ""PM2.5 health impacts""}]","[""Limited understanding of temporal changes in PM2.5 health relationships"", ""Identification of most susceptible subpopulations over time needed""]","PM2.5 exposure increases respiratory and circulatory acute care utilization with greater risks in 2013–2019 than 2006–2012, with disparities by age, sex, race/ethnicity, and wildfire frequency.",high,success
W3027045949,False,[],[],[],modelling,"[""New Zealand""]",national,none,[],[],[],"[""Underestimation of full economic costs of climate change"", ""Chronic costs associated with long-term trends not captured""]",Study quantifies economic costs of extreme weather (droughts and floods) attributable to climate change in New Zealand 2007-2017 using fraction of attributable risk methodology.,medium,success
W4385651502,False,[],[],[],other,"[""United States""]",regional,none,[],[],[],[],Northern Rockies wildfire activity remains within millennial-scale variability despite 20th-21st century burning.,medium,success
W3001670573,False,[],[],[],qualitative,[],global,none,[],[],[],[],Conservation and social sciences can engage in mutually transformative dialogue beyond critique and co-optation.,low,success
W3137475361,False,[],[],[],other,"[""Europe""]",regional,none,[],[],[],[],"Domestic livestock can be integrated into rewilding projects to restore ecosystem complexity and provide conservation, economic, and cultural benefits.",low,success
W3015339240,False,[],[],[],other,[],global,none,[],"[""globalization enabling transborder spread""]",[],[],COVID-19 pandemic spreads rapidly globally via modern globalization networks.,low,success
W2417657506,True,"[""other""]","[""other""]","[""general""]",qualitative,"[""Nepal""]",local,implicit,[],"[""lack of snake knowledge"", ""negative cultural perceptions"", ""inadequate snakebite education"", ""fear and ignorance""]","[{""subject"": ""lack of snakebite knowledge"", ""relation"": ""increases_risk_of"", ""object"": ""venomous snakebite injury""}, {""subject"": ""fear and negativity towards snakes"", ""relation"": ""is_associated_with"", ""object"": ""increased snake killing""}, {""subject"": ""inappropriate snakebite perception"", ""relation"": ""increases_risk_of"", ""object"": ""snakebite-related health risk""}]","[""need for community-level snakebite education programmes"", ""school and university-based snake awareness initiatives""]",Negative perceptions and ignorance about snakes increase snakebite risk and threaten snake conservation in southern Nepal.,medium,success
W4312113406,False,[],[],[],other,[],not_specified,none,[],[],[],[],"Human-Building Interaction is a convergent interdisciplinary field integrating human experience, building design, and technology for intelligent environments.",low,success
W4220804195,False,[],[],[],systematic_review,"[""Africa""]",regional,none,[],[],[],"[""Research on combined effects of anthropogenic and climate change"", ""Improved drought monitoring and forecasting systems needed""]","African drought shows regional variation: recovery projected west/east, intensification in south/north regions with major agricultural and water impacts.",medium,success
W4321499148,False,"[""direct_fire""]",[],"[""general""]",cross_sectional,[],not_specified,none,[],[],[],"[""Need for regular disaster education programs""]",Students' knowledge of forest fires is positively associated with disaster preparedness.,low,success
W4313830948,True,"[""PM2.5"", ""other""]","[""other""]","[""elderly""]",cohort,"[""United States""]",national,implicit,"[""oxidative stress"", ""systemic inflammation"", ""insulin resistance"", ""endothelial dysfunction""]","[""socioeconomic status"", ""healthcare access"", ""residential proximity to pollution sources""]","[{""subject"": ""PM2.5"", ""relation"": ""increases_risk_of"", ""object"": ""type 2 diabetes""}, {""subject"": ""PM2.5"", ""relation"": ""is_associated_with"", ""object"": ""non-linear exposure-response relationship""}, {""subject"": ""nitrogen dioxide"", ""relation"": ""increases_risk_of"", ""object"": ""type 2 diabetes""}, {""subject"": ""nitrogen dioxide"", ""relation"": ""is_associated_with"", ""object"": ""non-linear exposure-response relationship""}, {""subject"": ""ozone"", ""relation"": ""is_associated_with"", ""object"": ""diabetes risk""}]","[""ozone-diabetes relationship requires further investigation"", ""mechanisms linking air pollution to diabetes unclear"", ""generalizability to younger populations unknown""]","PM2.5 and NO2 exposure increase diabetes risk in older adults, with stronger associations at lower pollution levels.",high,success
W2066085249,False,[],[],[],other,"[""Vietnam""]",local,none,[],[],[],[],Contingent valuation using willingness-to-contribute labour captures total welfare losses from flooding in developing countries.,low,success
W4389206382,False,[],[],[],systematic_review,"[""Africa"", ""Asia"", ""Australia"", ""Europe"", ""North America"", ""South America""]",global,none,[],[],[],"[""Limited exploration of AI-ML in climate adaptation"", ""Need for context-specific adaptation strategies"", ""Requirement for international collaboration frameworks""]","AI-ML shows promise for urban climate adaptation but requires context-specific, collaborative approaches rather than one-size-fits-all solutions.",medium,success
W2407332331,False,[],[],[],experimental,"[""Australia""]",regional,none,[],[],[],"[""seed ecology of physiological dormancy species in fire-prone vegetation poorly understood"", ""combined effects of multiple fire cues seldom assessed together"", ""effects of single cues cannot reliably predict combined responses""]","Seasonal temperatures interact with fire cues (heat shock and smoke) in complex, species-specific ways to influence seed germination timing and magnitude in Boronia species.",high,success
W4300961762,True,"[""heat_stress""]","[""mortality""]","[""elderly"", ""low_income""]",time_series,"[""Spain""]",national,explicit,[],"[""low socioeconomic status"", ""educational attainment"", ""local climate conditions""]","[{""subject"": ""extreme heat"", ""relation"": ""increases_risk_of"", ""object"": ""mortality in low SES individuals""}, {""subject"": ""extreme cold"", ""relation"": ""increases_risk_of"", ""object"": ""mortality in low SES individuals""}, {""subject"": ""low socioeconomic status"", ""relation"": ""exacerbates"", ""object"": ""temperature-related mortality risk""}]","[""limited knowledge on socioeconomic status stratification of temperature effects""]",Educational attainment stratifies extreme temperature mortality effects; low SES individuals aged 65+ show increased vulnerability to both heat and cold.,high,success
W4378083184,False,[],[],[],systematic_review,[],global,none,[],[],[],[],Climate change threatens agricultural productivity through multiple mechanisms; adaptation strategies combining technology and natural capital increase agroecosystem resilience.,medium,success
W4225159734,False,"[""direct_fire""]",[],[],other,"[""Portugal""]",regional,none,[],"[""collapse of traditional rural socioeconomic systems"", ""land-use changes"", ""risky burning behaviors""]","[{""subject"": ""wildfire event"", ""relation"": ""is_associated_with"", ""object"": ""burning of agroforestry leftovers""}, {""subject"": ""wildfire event"", ""relation"": ""is_associated_with"", ""object"": ""accumulated agroforestry residues""}, {""subject"": ""residual agroforestry biomass valorization"", ""relation"": ""protects_against"", ""object"": ""wildfire event""}]",[],Valorizing residual agroforestry biomass reduces rural fire risk by addressing burning of leftovers causing 27% of Portuguese fires.,low,success
W2790759719,True,[],"[""respiratory""]","[""children"", ""pregnant""]",cohort,"[""Ireland""]",national,none,"[""vitamin D metabolism""]",[],[],[],Higher maternal vitamin D intake during pregnancy is associated with increased asthma risk in offspring over 10 years.,low,success
W3096987730,False,[],[],[],qualitative,"[""Italy"", ""Greece""]",local,none,[],[],[],[],100RC Initiative in Rome and Athens shows strengths and weaknesses in building urban resilience to climate change.,low,success
W4313397989,True,"[""heat_stress"", ""fire_weather"", ""other""]","[""mortality""]","[""elderly"", ""children"", ""indigenous"", ""other""]",time_series,"[""Australia""]",national,explicit,[],"[""age-related vulnerability"", ""co-morbidities"", ""indigenous status"", ""international visitor status""]","[{""subject"": ""wildfire event"", ""relation"": ""is_associated_with"", ""object"": ""mortality""}, {""subject"": ""heat_stress"", ""relation"": ""increases_risk_of"", ""object"": ""mortality in elderly""}, {""subject"": ""fire_weather"", ""relation"": ""increases_risk_of"", ""object"": ""mortality in children and adolescents""}]",[],"Weather-related fatalities in Australia disproportionately affect elderly, with 65+ years 12.8 times more likely to die; Aboriginal and Torres Strait Islander peoples require special protection.",high,success
W2887075941,True,"[""heat_stress""]","[""mortality""]","[""general"", ""elderly""]",time_series,"[""Austria"", ""France"", ""Italy"", ""Spain"", ""Portugal"", ""Greece"", ""Czech Republic"", ""Hungary"", ""Romania""]",regional,implicit,"[""heat-induced thermoregulatory failure""]","[""population vulnerability"", ""adaptation capacity"", ""healthcare access""]","[{""subject"": ""heat stress"", ""relation"": ""increases_risk_of"", ""object"": ""mortality""}]","[""Changes in population vulnerability over time unclear"", ""Adaptation effectiveness not fully evaluated""]",Heat-related mortality variability across nine European cities indicates temporal changes in population vulnerability requiring evaluation of adaptation measures.,medium,success
W4213366672,False,"[""direct_fire"", ""fire_weather""]",[],[],experimental,"[""Australia""]",local,none,[],[],"[{""subject"": ""wildfire event"", ""relation"": ""causes"", ""object"": ""changes in fire residence time""}, {""subject"": ""wildfire event"", ""relation"": ""causes"", ""object"": ""soil heating""}, {""subject"": ""increased fire residence time"", ""relation"": ""causes"", ""object"": ""reduced seed germinability""}]",[],"Exotic grass invasion increases fuel loads and fire intensity, reducing seed survival of native forbs.",high,success
W2001158875,False,[],[],[],systematic_review,"[""Brazil"", ""Australia"", ""South Africa"", ""Africa""]",global,none,[],[],[],[],"African savannas show lower rates of alien plant invasions than Neotropical and Australian savannas, primarily due to lower intentional introductions, herbivore presence, and fire adaptation.",medium,success
W4387392119,True,"[""PM2.5"", ""other""]","[""respiratory"", ""cardiovascular"", ""other""]","[""general""]",other,"[""Germany"", ""Europe""]",regional,none,[],"[""healthcare system resilience"", ""air quality policy implementation""]","[{""subject"": ""climate change"", ""relation"": ""increases_risk_of"", ""object"": ""ambient air pollution""}, {""subject"": ""ambient air pollution"", ""relation"": ""causes"", ""object"": ""non-communicable diseases""}]",[],Stricter air quality limits and climate adaptation measures are needed to reduce non-communicable disease burden from air pollution.,low,success
W4392106846,False,[],[],[],systematic_review,[],global,none,"[""epidermal barrier dysfunction"", ""TH2 immune skewing"", ""TH17 immune skewing"", ""filaggrin loss of function"", ""IL-31 cytokine signalling"", ""dysbiotic skin microbiome""]",[],[],[],"Atopic dermatitis pathophysiology involves complex interplay between genetic, epigenetic, immune, and environmental factors with emerging IL-31 endotype insights.",medium,success
W2560971748,False,[],[],[],other,"[""Spain""]",local,none,[],[],[],"[""Little known about historical fire regimes in chestnut forests""]","Fire incidence increased in both sites since pre-industrial era; divergent changes in fire season, size, and forest structure driven by economic development and anthropogenic burning practices.",high,success
W2965573553,False,[],[],[],other,"[""Canada""]",national,none,[],[],[],[],LakePulse network launched to provide Canada's first comprehensive national assessment of lake health and water resource quality.,medium,success
W4296782463,False,[],[],[],systematic_review,[],global,none,[],[],[],"[""Understanding NbS support for long-term uncertainty resilience"", ""Evidence gaps for critical resilience mechanisms"", ""NCA assessment across diverse contexts""]",Nature-based solutions support social-ecological resilience through multiple mechanisms but evidence gaps remain for long-term adaptation.,medium,success
W4389504841,False,"[""heat_stress"", ""fire_weather""]",[],[],other,"[""global""]",global,none,[],[],[],[],Heat exposure at supplier locations reduces operating income and increases customer likelihood of terminating relationships.,medium,success
W4388865013,False,[],[],[],systematic_review,"[""Canada""]",national,none,[],[],[],"[""Lack of explicit reporting on equity considerations"", ""Lack of ethical considerations in ED overcrowding research"", ""Limited explicit focus on equity-deserving groups""]","ED overcrowding is a complex health system issue requiring multifaceted solutions across hospital and community systems, not isolated ED interventions.",high,success
W3001711727,False,[],[],[],qualitative,[],global,none,[],[],[],[],Co-production mechanisms in ecosystem management can enhance adaptation benefits and minimize trade-offs during climate-driven ecological transformation.,medium,success
W2159868711,False,[],[],[],other,[],not_specified,none,[],[],[],[],Social representations theory offers analytical tools for studying media representations of societal issues.,low,success
W2896658005,False,[],[],[],qualitative,[],not_specified,none,[],[],[],[],Value-based scenario planning integrates multifaceted values into natural disaster planning and management frameworks.,low,success
W4396779090,True,"[""wildfire_smoke""]","[""cardiovascular"", ""respiratory"", ""other""]",[],experimental,[],not_specified,implicit,"[""increased heart rate"", ""left ventricular mass increase"", ""reduced stroke volume"", ""altered immune response"", ""elevated corticosterone"", ""elevated IL-2 and IL-17"", ""endothelial dysfunction""]","[""housing quality and enrichment"", ""environmental stressors""]","[{""subject"": ""wildfire smoke"", ""relation"": ""causes"", ""object"": ""increased heart rate in depleted housing mice""}, {""subject"": ""wildfire smoke"", ""relation"": ""causes"", ""object"": ""left ventricular mass increase""}, {""subject"": ""wildfire smoke"", ""relation"": ""causes"", ""object"": ""reduced stroke volume and end diastolic volume""}, {""subject"": ""wildfire smoke"", ""relation"": ""increases_risk_of"", ""object"": ""elevated allostatic load in females""}, {""subject"": ""wildfire smoke"", ""relation"": ""causes"", ""object"": ""elevated IL-2 and IL-17 in female mice""}, {""subject"": ""wildfire smoke"", ""relation"": ""causes"", ""object"": ""elevated corticosterone in female mice""}, {""subject"": ""depleted housing"", ""relation"": ""exacerbates"", ""object"": ""cardiopulmonary response to wildfire smoke""}]","[""housing-induced cardiovascular immune effects understudied"", ""mechanisms of environmental responsiveness modification unclear""]","Depleted housing increased susceptibility to wildfire smoke-induced cardiopulmonary dysfunction and elevated allostatic load, particularly in females.",high,success
W3021856152,True,"[""PM2.5"", ""other""]","[""respiratory""]","[""general""]",time_series,"[""Thailand""]",local,implicit,"[""airway obstruction""]",[],"[{""subject"": ""NO2"", ""relation"": ""is_associated_with"", ""object"": ""peak expiratory flow rate""}, {""subject"": ""PM2.5"", ""relation"": ""is_associated_with"", ""object"": ""peak expiratory flow rate""}, {""subject"": ""PM10"", ""relation"": ""is_associated_with"", ""object"": ""peak expiratory flow rate""}, {""subject"": ""SO2"", ""relation"": ""is_associated_with"", ""object"": ""peak expiratory flow rate""}, {""subject"": ""O3"", ""relation"": ""is_associated_with"", ""object"": ""peak expiratory flow rate""}, {""subject"": ""CO"", ""relation"": ""is_associated_with"", ""object"": ""peak expiratory flow rate""}]","[""Delayed effects of pollutants on lung function not well characterized"", ""Interaction mechanisms between multiple pollutants need clarification""]","Air pollutants show delayed and variable associations with peak expiratory flow rates in adult asthmatics, with lag effects of 2-6 days.",high,success
W4387453734,True,"[""other""]","[""cardiovascular""]",[],experimental,[],not_specified,none,"[""inflammation modulation"", ""endothelial dysfunction"", ""oxidative stress reduction"", ""ICAM-1 expression modulation"", ""VCAM-1 expression modulation""]",[],"[{""subject"": ""polycyclic aromatic hydrocarbons"", ""relation"": ""increases_risk_of"", ""object"": ""cardiovascular risk""}, {""subject"": ""polycyclic aromatic hydrocarbons"", ""relation"": ""causes"", ""object"": ""inflammation""}, {""subject"": ""polycyclic aromatic hydrocarbons"", ""relation"": ""causes"", ""object"": ""endothelial dysfunction""}, {""subject"": ""polycyclic aromatic hydrocarbons"", ""relation"": ""causes"", ""object"": ""oxidative stress""}, {""subject"": ""physical exercise"", ""relation"": ""protects_against"", ""object"": ""PAH-induced cardiovascular damage""}]","[""efficacy of exercise in air pollution environments unclear""]","Exercise modulates PAH-induced inflammation, endothelial dysfunction, and oxidative stress in mouse aortic tissue.",high,success
W4404050876,False,"[""PM2.5"", ""wildfire_smoke""]",[],[],modelling,"[""Indonesia""]",regional,none,[],"[""poor housing quality""]","[{""subject"": ""wildfire event"", ""relation"": ""causes"", ""object"": ""PM2.5""}, {""subject"": ""PM2.5"", ""relation"": ""is_associated_with"", ""object"": ""unhealthy air quality""}]","[""sparse measurements of air pollutant concentrations in regions"", ""large uncertainties in fire emissions and air quality""]",Fire-derived PM2.5 contributed 90 μg m⁻³ to outdoor concentrations; 1.62 million people exposed to unhealthy air quality.,high,success
W2568466090,False,[],[],[],cross_sectional,"[""United States""]",local,none,[],"[""community socioeconomic context"", ""community biophysical situation""]",[],"[""temporal dimension of community processes understudied""]","Community perceptions of spruce bark beetle disturbance shifted over time, with context determining response variations.",medium,success
W3115945439,False,[],[],[],qualitative,"[""Indonesia""]",local,none,[],[],[],[],Study examines smallholder perceptions of peatland rewetting restoration in Sumatra's oil palm areas.,low,success
W4378697801,False,"[""direct_fire""]",[],[],cross_sectional,"[""Italy""]",local,none,[],[],[],"[""Long-term recovery of organic soil layers post-fire"", ""Fire severity thresholds for ecosystem function"", ""Management strategies for invasive species post-fire""]",Wildfire destroyed organic soil layers with four-year recovery deficit and altered nitrogen cycling regardless of burn severity.,high,success
W4405276723,True,"[""wildfire_smoke"", ""heat_stress"", ""other""]","[""respiratory"", ""cardiovascular"", ""other""]","[""general""]",systematic_review,[],global,implicit,[],"[""health equity"", ""healthcare access""]","[{""subject"": ""climate change"", ""relation"": ""causes"", ""object"": ""poor air quality""}, {""subject"": ""poor air quality"", ""relation"": ""increases_risk_of"", ""object"": ""respiratory disease""}, {""subject"": ""climate change"", ""relation"": ""causes"", ""object"": ""extreme heat""}, {""subject"": ""climate change"", ""relation"": ""causes"", ""object"": ""changes in infectious disease""}, {""subject"": ""climate change"", ""relation"": ""increases_risk_of"", ""object"": ""health system utilisation""}]","[""Need for health-centred mitigation strategies in radiology"", ""Opportunities to leverage medical imaging for climate health effects""]","Climate change impacts health through air quality, heat, and infectious disease; radiology must adopt health-centred mitigation and adaptation strategies.",medium,success
W4378901419,True,"[""wildfire_smoke""]","[""cardiovascular""]",[],experimental,[],not_specified,none,"[""increased cardiac sympathetic tone"", ""reduced heart rate variability"", ""adrenergic function dysregulation"", ""vasoconstriction regulation"", ""systemic blood pressure elevation"", ""increased cardiac output""]",[],"[{""subject"": ""wildfire smoke"", ""relation"": ""causes"", ""object"": ""sleep disruption""}, {""subject"": ""wildfire smoke"", ""relation"": ""increases_risk_of"", ""object"": ""cardiovascular risk during sleep disruption""}, {""subject"": ""sleep disruption combined with wildfire smoke exposure"", ""relation"": ""causes"", ""object"": ""increased heart rate and blood pressure during active period""}, {""subject"": ""sleep disruption combined with wildfire smoke exposure"", ""relation"": ""causes"", ""object"": ""reduced heart rate variability""}, {""subject"": ""reduced heart rate variability"", ""relation"": ""is_associated_with"", ""object"": ""increased cardiac sympathetic tone""}, {""subject"": ""wildfire smoke exposure in sleep-disrupted state"", ""relation"": ""causes"", ""object"": ""increased cardiac sympathetic activity""}]","[""mechanisms linking pollution and sleep perturbation remain unclear""]",Combined sleep disruption and wildfire smoke exposure increased cardiovascular risk through enhanced sympathetic activity in animal models.,high,success
W4390511949,True,"[""heat_stress"", ""other""]","[""mental_health""]","[""children""]",other,[],not_specified,explicit,[],"[""community resilience factors"", ""disproportionate exposure""]","[{""subject"": ""compounding drought and heatwave events"", ""relation"": ""increases_risk_of"", ""object"": ""child mental health problems""}]",[],Spatial clustering identifies vulnerable pediatric populations disproportionately exposed to compounding climate stressors.,low,success
W3165757233,False,[],[],[],other,"[""Australia""]",regional,none,[],[],[],"[""Spatial variation in fire regimes and biodiversity patterns"", ""Interactions between fire and multiple environmental drivers"", ""Long-term recovery dynamics in semi-arid ecosystems""]","Fire regimes and their interactions with land clearing, rainfall, and herbivory shape mallee ecosystem structure, biodiversity, and recovery patterns.",medium,success
W2136779632,True,[],"[""respiratory""]","[""children""]",systematic_review,[],not_specified,none,"[""airway inflammation"", ""nitric oxide synthase activity"", ""eosinophilic inflammation"", ""epithelial nitric oxide production""]",[],[],"[""Reliable FeNO reference values needed"", ""Better interpretation of FeNO in clinical settings"", ""Influence of genetic and environmental factors unclear"", ""Heterogeneity in baseline nitric oxide synthase activity"", ""Non-eosinophilic factors contribution to asthma pathogenesis""]",FeNO is a promising non-invasive airway inflammation marker in childhood asthma but lacks sufficient evidence to guide clinical management decisions.,medium,success
W4394989472,False,"[""direct_fire"", ""fire_weather""]",[],[],cohort,"[""United States""]",regional,none,[],[],"[{""subject"": ""wildfire event"", ""relation"": ""is_associated_with"", ""object"": ""Mexican spotted owl pair occupancy""}, {""subject"": ""high-severity fire"", ""relation"": ""is_associated_with"", ""object"": ""local persistence of owl pairs""}, {""subject"": ""frequent fires"", ""relation"": ""increases_risk_of"", ""object"": ""higher pair occupancy rates""}]",[],Mexican spotted owls show higher occupancy with frequent historical fires but lower persistence with extensive high-severity fire.,high,success
W4387251990,False,"[""heat_stress""]",[],[],modelling,"[""South America""]",regional,none,[],[],[],"[""Understanding large-scale long-term thermal stress variability"", ""Heat stress adaptation strategies needed""]","Heat stress hours in South America increased significantly from 1979–2020, with greatest increases in Amazon and northern regions.",medium,success
W2919730165,False,[],[],[],modelling,[],not_specified,none,[],[],[],"[""Limited information on underlying mechanisms of elemental reduction"", ""Lack of effective interventions to mitigate reductions"", ""Knowledge gaps beyond grain crops""]",Elevated CO2 reduces essential nutrients in C3 crops through lower absorption and translocation; C4 crops or genetic improvements could mitigate this.,medium,success
W1992434819,False,[],[],[],systematic_review,[],not_specified,none,[],[],[],[],Ecotoxicity of nanoparticles affects multiple trophic levels and ecosystems; safety remains a priority concern.,low,success
W1161845714,False,[],[],[],qualitative,"[""Ethiopia""]",regional,none,[],[],[],[],"Climate change in Ethiopia manifests through increased temperatures, altered rainfall patterns, and drought/flood events affecting agriculture.",medium,success
W4220790710,False,"[""fire_weather""]",[],[],modelling,"[""United States""]",regional,none,[],[],[],[],"Wildfire risk assessment in Oregon shows 12–52% of highest-risk areas on private land, requiring coordinated landscape-scale mitigation strategies.",medium,success
W4403258614,True,"[""other""]","[""mortality"", ""cardiovascular"", ""respiratory""]","[""general""]",time_series,"[""global""]",global,implicit,[],"[""local climate conditions"", ""urban infrastructure quality""]","[{""subject"": ""extreme rainfall events"", ""relation"": ""increases_risk_of"", ""object"": ""all-cause mortality""}, {""subject"": ""extreme rainfall events"", ""relation"": ""increases_risk_of"", ""object"": ""cardiovascular mortality""}, {""subject"": ""extreme rainfall events"", ""relation"": ""increases_risk_of"", ""object"": ""respiratory mortality""}]",[],"Extreme rainfall events increase relative risk for all-cause, cardiovascular, and respiratory mortality, with variation by local climate and infrastructure.",medium,success
W2899047754,False,[],[],[],other,[],global,none,[],[],[],[],"Climate change forecasts depend heavily on economic projections, making economics a major source of uncertainty in climate science.",low,success
W2021351307,False,[],[],[],experimental,"[""United Kingdom""]",local,none,[],"[""neighbourhood deprivation"", ""crime rates"", ""socioeconomic status""]",[],[],"Brief neighbourhood exposure induces social attitudes matching residents, with visitor effects comparable to resident differences.",medium,success
W2587349658,False,[],[],[],systematic_review,"[""Ethiopia""]",regional,none,[],[],[],[],"Rangeland degradation in Ethiopia driven by climate change, overgrazing, and policy failures reduces livestock productivity and pastoral livelihoods.",low,success
W4400014898,False,[],[],[],other,"[""United States""]",national,none,[],[],[],[],"A new fire-use decision model integrating prescribed fire, cultural burning, and managed wildfire can improve stakeholder collaboration and support climate adaptation.",low,success
W4388424624,True,"[""other""]","[""mental_health""]","[""other""]",qualitative,"[""Turkey""]",local,implicit,[],"[""environmental justice"", ""developing country status"", ""government responsibility"", ""global inequality"", ""self-efficacy""]","[{""subject"": ""wildfire event"", ""relation"": ""increases_risk_of"", ""object"": ""eco-anger""}, {""subject"": ""wildfire event"", ""relation"": ""increases_risk_of"", ""object"": ""eco-grief""}, {""subject"": ""cumulative stressors"", ""relation"": ""exacerbates"", ""object"": ""eco-emotions""}]","[""lack of psychometric measures for GEC-associated emotions"", ""limited research beyond WEIRD contexts"", ""emotion-specific omissions in assessment tools"", ""need for holistic eco-emotions research frameworks""]","Turkish environmentalists experience eco-anger and eco-grief more prominently than eco-anxiety, driven by environmental justice and global inequality concerns.",medium,success
W4295182536,False,[],[],[],other,[],global,none,[],[],[],[],"One-third of tree species face extinction, threatening biodiversity, ecosystem functions, and billions of people's livelihoods.",medium,success
W3152823728,False,[],[],[],other,"[""United States""]",global,none,[],[],[],[],"Science must transparently inform policy decisions on COVID-19, climate change, and sustainability while balancing competing societal needs.",low,success
W3176731445,False,[],[],[],other,[],not_specified,none,[],[],[],[],Remote sensing technology with AI and big data integration enhances sustainable agricultural productivity and food security.,low,success
W4387330714,False,[],[],[],experimental,[],not_specified,none,[],[],[],[],A protein-free vaccine stimulates innate immunity and protects mice against antimicrobial-resistant nosocomial pathogens.,high,success
W3121269699,False,[],[],[],other,"[""Brazil""]",national,none,[],[],[],[],Sentiment analysis of news and social media reveals public concerns during COVID-19 pandemic in Brazil.,low,success
W4225087442,False,"[""PM2.5""]",[],[],cross_sectional,"[""Italy""]",local,none,[],[],[],[],"Airborne microbial communities vary by pollution level, with road dust resuspension contributing significantly to microbial exchange.",medium,success
W2801861098,False,"[""wildfire_smoke"", ""PM2.5""]",[],[],modelling,"[""United States""]",regional,none,[],"[""population growth"", ""income growth"", ""socioeconomic factors""]","[{""subject"": ""wildfire smoke"", ""relation"": ""causes"", ""object"": ""PM2.5""}, {""subject"": ""wildfire smoke"", ""relation"": ""is_associated_with"", ""object"": ""human health impairment""}]","[""Need to correct biases in dynamical downscaling of wildfire climate drivers"", ""Projecting health risks of wildfire emissions more reliably""]","Projected wildfire emissions in the southeastern US are 13–62% lower than historical estimates, driven by changes in climate and socioeconomic factors through 2060.",medium,success
W4323317995,False,[],[],[],other,[],global,none,[],[],[],"[""Technological shortcomings in CSPM implementation"", ""Coordination challenges in CSPM systems"", ""Capacity building needs in developing countries""]","Climate-smart pest management is critical for sustainable agriculture but faces implementation, technological, and coordination challenges.",medium,success
W4253146259,False,[],[],"[""indigenous""]",qualitative,"[""Canada""]",regional,none,[],[],[],[],"Effective Arctic climate research requires early community engagement, collaborative design, local employment support, and research dissemination.",medium,success
W2736766569,False,[],[],[],modelling,"[""Australia""]",local,none,[],[],[],[],A new resprout curve model defines persistence and escape equilibria for savanna trees in frequent fire regimes.,high,success
W1908543963,False,[],[],[],modelling,[],not_specified,none,[],[],[],[],Duplication-based models reconstruct ancestral protein-protein interaction networks better than social network growth models.,low,success
W4403332864,True,"[""PM2.5""]","[""neurological""]","[""pregnant"", ""children""]",cohort,"[""United States""]",regional,implicit,"[""neurodevelopmental disruption"", ""prenatal oxidative stress""]","[""residential proximity to traffic"", ""socioeconomic status and neighbourhood pollution exposure""]","[{""subject"": ""wildfire smoke"", ""relation"": ""causes"", ""object"": ""PM2.5""}, {""subject"": ""PM2.5"", ""relation"": ""increases_risk_of"", ""object"": ""autism spectrum disorder""}, {""subject"": ""on-road gasoline PM2.5"", ""relation"": ""increases_risk_of"", ""object"": ""autism spectrum disorder""}, {""subject"": ""off-road gasoline PM2.5"", ""relation"": ""increases_risk_of"", ""object"": ""autism spectrum disorder""}]","[""toxicological mechanisms for source-specific PM2.5""]","Prenatal exposure to source-specific PM2.5, particularly from traffic sources, is associated with increased autism spectrum disorder risk.",high,success
W4404319422,False,"[""wildfire_smoke"", ""direct_fire""]",[],[],qualitative,"[""European Union""]",regional,none,[],[],[],"[""Fire-smart land management guidance lacking"", ""Wildfire nature-based solutions poorly conceptualized"", ""Beneficial side of fire underrepresented in policy""]","EU policies support coherent wildfire risk management with nature-based solutions, but implementation guidance on fire-smart practices needs improvement.",medium,success
W4405944899,True,"[""wildfire_smoke""]","[""respiratory"", ""cardiovascular""]","[""general""]",time_series,"[""United States""]",regional,implicit,[],"[""county-level socioeconomic variables""]","[{""subject"": ""wildfire smoke"", ""relation"": ""increases_risk_of"", ""object"": ""respiratory hospitalizations""}]","[""Understanding spatially and temporally compounded health impacts"", ""Drivers of heterogeneity in wildfire health effects""]",Wildfire smoke increased respiratory hospitalizations in exposed California counties; sociodemographic characteristics did not modulate effects.,high,success
W4367857042,False,"[""heat_stress""]",[],[],modelling,"[""Europe""]",regional,none,[],[],[],[],"Heatwave frequency and intensity in Europe increase 3–10 fold from 0.5 to 2.0 °C warming, with stronger increases in southern Europe.",high,success
W3080088422,False,[],[],[],systematic_review,"[""South Africa""]",regional,none,[],[],[],"[""interplay between trees and crops and their combination"", ""institutional and policy framework deficiencies""]","Agroforestry systems offer ecosystem services and livelihood benefits for climate adaptation in southern Africa, though knowledge gaps remain.",medium,success
W4295078914,False,[],[],[],other,[],not_specified,none,[],[],[],[],Rainbow models of health determinants have evolved since 1982 and remain influential in Nordic public health policy and practice.,low,success
W4328119003,False,[],[],[],systematic_review,[],global,none,[],[],[],"[""Protocols deviate from science on baselines and leakage"", ""Risk of reversal accounting needs improvement"", ""Carbon accounting in harvested wood products unclear"", ""More research needed on over-crediting factors""]","IFM offset protocols significantly over-estimate carbon credits due to weak baselines, leakage accounting, and reversal risk despite channeling substantial climate mitigation funds.",medium,success
W4388621443,False,[],[],[],systematic_review,[],global,none,[],[],[],[],"Community-based and co-managed protected areas tend to produce beneficial outcomes for people and nature, though findings are context-specific.",medium,success
W2087996591,False,[],[],[],other,"[""United States""]",local,none,[],[],[],[],"Valley oak woodlands in California were far more extensive in the 1800s than twentieth century records suggest, declining 99% by the 1930s.",medium,success
W2755538110,False,[],[],"[""children""]",qualitative,"[""Portugal""]",national,explicit,[],"[""limited participation in policy"", ""inadequate disaster preparedness education"", ""vulnerability as target group""]",[],"[""children's active participation in DRR programs unclear"", ""specific needs of children in disasters understudied""]",Children are policy targets in Portuguese disaster risk reduction but rarely participate actively in DRR programs.,medium,success
W2072072927,False,"[""wildfire_smoke""]",[],[],other,"[""Indonesia"", ""Malaysia"", ""Singapore"", ""Thailand"", ""Brunei"", ""Philippines""]",regional,none,[],[],"[{""subject"": ""wildfire smoke"", ""relation"": ""causes"", ""object"": ""atmospheric haze""}, {""subject"": ""wildfire event"", ""relation"": ""causes"", ""object"": ""nutrient enrichment in marine ecosystems""}, {""subject"": ""wildfire event"", ""relation"": ""causes"", ""object"": ""sediment runoff into coastal waters""}, {""subject"": ""wildfire event"", ""relation"": ""causes"", ""object"": ""reduced photosynthetically active radiation""}, {""subject"": ""wildfire smoke"", ""relation"": ""causes"", ""object"": ""reduced visibility""}, {""subject"": ""nutrient enrichment"", ""relation"": ""increases_risk_of"", ""object"": ""coral bleaching""}, {""subject"": ""nutrient enrichment"", ""relation"": ""increases_risk_of"", ""object"": ""seagrass bed loss""}, {""subject"": ""sediment loading"", ""relation"": ""causes"", ""object"": ""coral tissue abrasion and anoxia""}, {""subject"": ""sediment loading"", ""relation"": ""causes"", ""object"": ""reduced light availability for photosynthesis""}, {""subject"": ""reduced PAR"", ""relation"": ""causes"", ""object"": ""decreased primary productivity""}]","[""Synergistic effects on marine systems scarcely addressed"", ""Effects of haze on coral reef primary productivity unknown"", ""Fate of majority of aerosols after wet deposition unclear"", ""Sublethal effects of organic compounds not investigated"", ""PAR effects lacking for mangrove and seagrass communities"", ""Overall biological responses to synergistic stressors unknown"", ""Impacts on marine productivity currently unknown""]","Biomass burning and transboundary haze have potentially critical synergistic effects on Southeast Asian marine ecosystems through nutrient enrichment, sediment loading, and reduced light availability, but research remains nascent.",medium,success
W2598597435,False,[],[],[],other,[],not_specified,none,[],[],[],[],Information network analysis applied to fire-prone landscapes identifies pathways for enhancing community resilience.,low,success
W1982583228,False,[],[],[],experimental,[],not_specified,none,[],[],[],"[""Little known about native pathogen community of N. attenuata""]",Fungal pathogens Fusarium and Alternaria isolated from wild tobacco disease outbreak; bioassays established for ecological study.,high,success
W3083890861,False,[],[],[],other,[],not_specified,none,[],[],[],"[""Effects of biologicals on immune response in COVID-19 unknown""]",Biologicals for allergic diseases should continue during COVID-19 unless SARS-CoV-2 infection proven or suspected.,low,success
W4311136130,True,"[""fire_weather"", ""other""]","[""mental_health""]","[""general"", ""other""]",systematic_review,"[""Fiji"", ""Samoa"", ""Tonga"", ""Kiribati"", ""Marshall Islands"", ""Vanuatu"", ""Solomon Islands"", ""Palau""]",regional,implicit,[],"[""low resilience"", ""greater vulnerability"", ""limited healthcare access"", ""environmental stressors""]","[{""subject"": ""wildfire event"", ""relation"": ""is_associated_with"", ""object"": ""mental health problems""}, {""subject"": ""extreme weather events"", ""relation"": ""increases_risk_of"", ""object"": ""mental health disorders""}]","[""Limited investigation of climate change impacts on mental health in Pacific region"", ""Lack of awareness among public health professionals about climate-related mental health symptoms""]",Increased frequency of extreme weather events in Pacific region contributes to greater incidence of mental health problems associated with low resilience.,medium,success
W4412807487,True,"[""wildfire_smoke"", ""PM2.5""]","[""respiratory"", ""cardiovascular""]","[""general"", ""children"", ""elderly""]",systematic_review,"[""Brazil""]",national,explicit,"[""airway inflammation"", ""oxidative stress"", ""endothelial dysfunction""]","[""environmental degradation"", ""agricultural practices"", ""limited air quality monitoring"", ""low environmental regulation enforcement""]","[{""subject"": ""wildfire event"", ""relation"": ""causes"", ""object"": ""PM2.5 release""}, {""subject"": ""PM2.5"", ""relation"": ""causes"", ""object"": ""respiratory disease""}, {""subject"": ""PM2.5"", ""relation"": ""causes"", ""object"": ""cardiovascular disease""}, {""subject"": ""wildfire smoke"", ""relation"": ""increases_risk_of"", ""object"": ""hospital admissions""}, {""subject"": ""climate change"", ""relation"": ""increases_risk_of"", ""object"": ""wildfire event""}]","[""Need for improved air quality monitoring systems"", ""Requirement for enhanced healthcare preparedness strategies""]","Wildfires in Brazil increased PM2.5, causing 30% rise in respiratory hospital admissions and 15% increase in cardiovascular emergencies, disproportionately affecting children and elderly.",high,success
W4323043460,False,[],[],"[""rural"", ""general""]",cross_sectional,"[""Colombia""]",regional,none,[],[],[],"[""Role of environmental identity in pro-environmental behavior"", ""Connectedness with nature effects on sustainability"", ""Well-being as behavior predictor in contexts""]","Environmental identity, connectedness with nature, and well-being predict pro-environmental behavior more strongly in urban than rural populations.",high,success
W1933418130,False,[],[],[],qualitative,"[""Canada""]",national,none,[],[],[],"[""Better coordination mechanisms for climate adaptation"", ""Federal agency representation in policy networks""]",Canada's decentralized forest policy lacks coordination mechanisms necessary for effective climate change adaptation despite existing provincial capacity.,medium,success
W2883876373,False,[],[],[],modelling,"[""Greece""]",local,none,[],[],[],[],Land use/cover modelling projects 7.5–24% increase in built-up surfaces in Attica by 2040 depending on economic scenario.,medium,success
W4295808916,True,"[""heat_stress"", ""wildfire_smoke"", ""other""]","[""respiratory"", ""cardiovascular"", ""mortality"", ""burns_injury"", ""other""]","[""outdoor_workers"", ""other""]",systematic_review,"[""Egypt""]",global,explicit,"[""heatstroke"", ""immunological dysfunction"", ""oxidative stress from ozone""]","[""occupational exposure conditions"", ""workplace safety measures"", ""worker awareness and training"", ""geographic vulnerability""]","[{""subject"": ""wildfire event"", ""relation"": ""causes"", ""object"": ""wildfire smoke""}, {""subject"": ""wildfire smoke"", ""relation"": ""increases_risk_of"", ""object"": ""respiratory disorders""}, {""subject"": ""climate change"", ""relation"": ""increases_risk_of"", ""object"": ""heat stress""}, {""subject"": ""heat stress"", ""relation"": ""causes"", ""object"": ""heatstroke""}, {""subject"": ""heat stress"", ""relation"": ""increases_risk_of"", ""object"": ""cardiovascular disorders""}, {""subject"": ""heat stress"", ""relation"": ""increases_risk_of"", ""object"": ""mortality""}]","[""Effective preventive strategies for occupational climate change impacts"", ""Worker awareness and training programs"", ""Implementation of protective measures by employers""]","Climate change increases occupational health risks through heat stress and wildfire-related exposures, requiring multi-level preventive strategies.",medium,success
W2432792890,False,[],[],[],other,[],not_specified,none,[],[],[],[],"Industrialization contributes to climate change through technological, economic, and social transformation.",low,success
W4391719025,True,"[""PM2.5"", ""other""]","[""other""]","[""general""]",cohort,"[""Belgium"", ""Denmark"", ""France"", ""Germany"", ""Italy"", ""Netherlands"", ""Norway"", ""Spain"", ""Sweden"", ""United Kingdom""]",regional,none,"[""oxidative stress"", ""inflammation""]",[],"[{""subject"": ""PM2.5"", ""relation"": ""increases_risk_of"", ""object"": ""upper aerodigestive tract cancer""}, {""subject"": ""nitrogen dioxide"", ""relation"": ""increases_risk_of"", ""object"": ""upper aerodigestive tract cancer""}, {""subject"": ""black carbon"", ""relation"": ""increases_risk_of"", ""object"": ""upper aerodigestive tract cancer""}]","[""mechanism of air pollution and UADT cancer unclear"", ""lack of individual-level smoking data""]","Long-term exposure to PM2.5, NO2, and black carbon increased upper aerodigestive tract cancer incidence but not gastric cancer.",high,success
W2974848855,False,[],[],[],systematic_review,[],global,none,[],[],[],[],"Science journalism in the Global South faces structural challenges including foreign source dependence, low newsroom status, and political interference.",medium,success
W3093050933,False,[],[],[],other,[],not_specified,none,[],[],[],"[""Unanticipated outcomes of adaptive management approaches""]","Climate change will alter biological invasion pathways, success rates, and management strategies through physiological and biotic interaction changes.",low,success
W4379094724,True,"[""direct_fire"", ""displacement""]","[""mental_health""]","[""general"", ""rural""]",cross_sectional,"[""Australia""]",national,explicit,[],"[""financial distress"", ""rural residence"", ""limited mental health access""]","[{""subject"": ""wildfire event"", ""relation"": ""increases_risk_of"", ""object"": ""mental health problems""}, {""subject"": ""wildfire event"", ""relation"": ""increases_risk_of"", ""object"": ""financial distress""}]","[""Broader definition of bushfire-related impacts needed"", ""Understanding of resilience mechanisms in younger adults""]",Younger adults and rural populations show greater mental health vulnerability after bushfires; financial distress and broader impact definition are key considerations.,low,success
W2913614820,False,[],[],[],qualitative,"[""Brazil""]",national,none,[],[],[],"[""Insufficiently understood nexus interactions"", ""Need for adjusted scientific approach to challenges"", ""Stronger science-policy bridges needed""]",Brazil's Energy-Water-Food Nexus faces governance shortcomings requiring integrated policy approaches across sectors and scales.,medium,success
W2219268004,False,[],[],[],other,"[""United States""]",local,none,[],[],[],[],No abstract provided; unable to determine study focus or findings.,low,success
W4398181225,True,"[""wildfire_smoke"", ""PM2.5""]","[""respiratory""]","[""other""]",experimental,"[""United States""]",local,explicit,"[""decreased lung function"", ""increased airway resistance"", ""decreased lung compliance"", ""alveolar macrophage dysfunction"", ""TNFα secretion"", ""impaired efferocytosis"", ""IL-33 signalling"", ""immunotoxic effects"", ""oxidative stress""]",[],"[{""subject"": ""wildfire smoke"", ""relation"": ""causes"", ""object"": ""PM2.5 exposure""}, {""subject"": ""PM2.5"", ""relation"": ""causes"", ""object"": ""decreased lung function""}, {""subject"": ""PM2.5"", ""relation"": ""causes"", ""object"": ""increased airway resistance""}, {""subject"": ""PM2.5"", ""relation"": ""causes"", ""object"": ""decreased lung compliance""}, {""subject"": ""PM2.5"", ""relation"": ""causes"", ""object"": ""alveolar macrophage dysfunction""}, {""subject"": ""PM2.5"", ""relation"": ""increases_risk_of"", ""object"": ""immunotoxic effects""}, {""subject"": ""wildfire smoke"", ""relation"": ""is_associated_with"", ""object"": ""sex differences in susceptibility""}]","[""potential sex differences in wildfire smoke effects""]","Inhaled wildfire smoke causes lung function impairment and alveolar macrophage dysfunction; IL-33 appears protective, with males more susceptible than females.",high,success
W2333689197,False,[],[],[],other,[],not_specified,none,[],[],[],[],Resilience-based approaches guide conservation of high-nature-value farmland during socioeconomic transitions.,low,success
W3198472430,True,"[""other""]","[""other""]","[""outdoor_workers""]",cohort,"[""United States""]",local,implicit,"[""telomere shortening"", ""carcinogenesis risk""]","[""occupational exposure"", ""workplace hazards""]","[{""subject"": ""PFAS exposure"", ""relation"": ""is_associated_with"", ""object"": ""telomere length changes""}, {""subject"": ""OPFR metabolites"", ""relation"": ""is_associated_with"", ""object"": ""telomere length changes""}, {""subject"": ""telomere length changes"", ""relation"": ""increases_risk_of"", ""object"": ""carcinogenesis""}]",[],PFAS and organophosphate flame retardant exposures associated with telomere length changes in firefighters and office workers.,medium,success
W4317933161,False,"[""wildfire_smoke"", ""PM2.5""]",[],[],modelling,"[""Italy""]",regional,none,[],[],"[{""subject"": ""wildfire event"", ""relation"": ""causes"", ""object"": ""PM10 and PM2.5 emissions""}, {""subject"": ""wildfire smoke"", ""relation"": ""causes"", ""object"": ""PM2.5""}, {""subject"": ""wildfire smoke"", ""relation"": ""causes"", ""object"": ""air pollution episodes""}]",[],"Wildfires significantly contribute to PM10 and PM2.5 pollution episodes in Piemonte, with peak concentrations up to 87.3 µg/m³ and 67.7 µg/m³ respectively.",high,success
W4390840893,False,[],[],[],qualitative,"[""Italy""]",national,none,[],[],[],"[""How governance regimes shape wildfire risk management"", ""Integration of cross-scale governance arrangements"", ""Adaptive change in institutional structures""]","Italy's fragmented governance structure prioritises emergency response over precautionary risk management, displacing local participation.",high,success
W3158727828,False,[],[],[],systematic_review,[],global,none,[],[],[],[],Plant growth promoting microorganisms offer ecofriendly alternatives to agrochemicals for sustainable crop production in smallholder agroecosystems.,medium,success
W4309935898,False,[],[],[],cross_sectional,"[""China""]",national,none,[],[],[],"[""Lack of systematic studies on economic losses from forest fires"", ""Absence of spatial-temporal analysis of forest fire economic losses""]","Forest fire economic losses in China show fluctuating decline with spatial heterogeneity, highest in central regions and dominated by ecological damage.",medium,success
W4283269791,False,"[""fire_weather""]",[],[],qualitative,"[""United States""]",regional,none,[],[],[],[],Extreme weather events in Colorado River Basin require adaptive water management responses beyond long-term climate trends.,medium,success
W2079252331,True,"[""other""]","[""other""]","[""general""]",cross_sectional,"[""Saudi Arabia""]",national,none,[],"[""socio-economic factors"", ""demographic factors""]",[],"[""Individual-level environmental and demographic factors"", ""Behavioral and genetic risk factors unclear"", ""Low spatial resolution unexplained variation""]","NO2 concentration associated with cancer incidence in Saudi Arabia, strongest for lung and breast cancer.",medium,success
W4200225514,True,"[""heat_stress"", ""fire_weather"", ""other""]","[""other""]","[""outdoor_workers""]",other,[],global,implicit,"[""heat-related illness"", ""ultraviolet radiation damage"", ""vector-borne infection""]",[],"[{""subject"": ""wildfire event"", ""relation"": ""increases_risk_of"", ""object"": ""air pollution by ozone""}, {""subject"": ""air pollution by ozone"", ""relation"": ""causes"", ""object"": ""respiratory health risks""}, {""subject"": ""wildfire event"", ""relation"": ""increases_risk_of"", ""object"": ""heatwaves""}, {""subject"": ""heatwaves"", ""relation"": ""causes"", ""object"": ""heat stress in athletes""}]","[""Sport-related health risks from climate change underexplored in sports science""]","Climate change poses direct and indirect health risks to athletes through extreme weather, temperature extremes, and ecosystem changes including increased air pollution and infection risks.",medium,success
W4380990929,True,"[""wildfire_smoke""]","[""other""]","[""other""]",case_control,"[""Indonesia""]",local,none,"[""vocal quality degradation"", ""laryngeal stress""]",[],"[{""subject"": ""wildfire smoke"", ""relation"": ""causes"", ""object"": ""reduced call frequency in orangutans""}, {""subject"": ""wildfire smoke"", ""relation"": ""causes"", ""object"": ""vocal quality changes""}, {""subject"": ""wildfire smoke"", ""relation"": ""causes"", ""object"": ""lower pitch vocalizations""}, {""subject"": ""wildfire smoke"", ""relation"": ""causes"", ""object"": ""increased vocal harshness""}]","[""effects of wildfire smoke on wildlife poorly understood""]",Wildfire smoke exposure reduced call frequency and degraded vocal quality in male orangutans for two months post-exposure.,high,success
W4385667909,False,[],[],[],modelling,"[""United States""]",national,none,[],[],[],[],Wildfires and wood harvest reduced U.S. forest carbon stocks; harvest was the primary driver of carbon balance changes across regions.,high,success
W2136857521,False,[],[],[],systematic_review,"[""United States"", ""Canada"", ""Central America"", ""South America""]",regional,none,[],[],[],[],"Climate change drives widespread vegetation shifts across North and South America including tree line expansion, shrub encroachment, and forest compositional changes.",medium,success
W4391669528,False,[],[],"[""indigenous""]",systematic_review,"[""Australia""]",global,explicit,[],"[""indigenous land rights"", ""equitable fund distribution"", ""community empowerment"", ""cultural values recognition"", ""low socioeconomic status""]",[],"[""limited consideration of Indigenous values in programs"", ""need for bottom-up PES approach design""]",Nature-based solutions and PES schemes in Australia undervalue Indigenous perspectives; bottom-up co-designed approaches incorporating traditional management yield better conservation and socio-economic outcomes.,medium,success
W4392622596,True,"[""wildfire_smoke"", ""PM2.5""]","[""other""]","[""general""]",cross_sectional,"[""United States""]",regional,none,[],"[""work loss"", ""economic cost""]","[{""subject"": ""wildfire smoke"", ""relation"": ""causes"", ""object"": ""PM2.5""}, {""subject"": ""PM2.5"", ""relation"": ""causes"", ""object"": ""work loss""}]","[""current BenMAP-CE calculations for work-loss days require updating""]",Wildfire and conventional PM2.5 sources caused substantial work loss and economic costs in California.,medium,success
W4381469534,True,"[""heat_stress"", ""fire_weather"", ""other""]","[""respiratory"", ""cardiovascular"", ""mental_health"", ""mortality"", ""other""]","[""general"", ""children"", ""elderly"", ""low_income"", ""outdoor_workers"", ""other""]",systematic_review,"[""Germany""]",national,explicit,[],"[""socioeconomic disadvantage"", ""outdoor work exposure"", ""pre-existing health conditions"", ""immunocompromised status""]","[{""subject"": ""climate change"", ""relation"": ""increases_risk_of"", ""object"": ""infectious diseases""}, {""subject"": ""climate change"", ""relation"": ""increases_risk_of"", ""object"": ""non-communicable diseases""}, {""subject"": ""climate change"", ""relation"": ""increases_risk_of"", ""object"": ""mental_health disorders""}]",[],"Climate change poses direct and indirect health threats, with vulnerable populations facing disproportionately increased risk across infectious, non-communicable, and mental health outcomes.",medium,success
W3110195843,True,"[""direct_fire""]","[""burns_injury""]","[""general""]",modelling,[],not_specified,none,"[""differential gene expression"", ""host immune response"", ""shock pathophysiology"", ""molecular signaling pathways""]",[],"[{""subject"": ""direct_fire"", ""relation"": ""causes"", ""object"": ""burn shock""}, {""subject"": ""burn shock"", ""relation"": ""causes"", ""object"": ""changes in host response""}]",[],Identified hub genes and pathways underlying molecular mechanisms of host response changes in burn shock.,low,success
W4392649902,True,"[""wildfire_smoke"", ""PM2.5"", ""other""]","[""respiratory""]","[""children"", ""low_income"", ""racial_minorities""]",cross_sectional,"[""South Africa""]",local,implicit,"[""airway inflammation"", ""allergic sensitization""]","[""low socioeconomic status"", ""poor housing quality"", ""limited healthcare access""]","[{""subject"": ""wildfire smoke"", ""relation"": ""causes"", ""object"": ""PM2.5""}, {""subject"": ""PM2.5"", ""relation"": ""increases_risk_of"", ""object"": ""atopic eczema""}, {""subject"": ""open fires"", ""relation"": ""increases_risk_of"", ""object"": ""atopic eczema""}, {""subject"": ""environmental tobacco smoke"", ""relation"": ""increases_risk_of"", ""object"": ""atopic eczema""}, {""subject"": ""traffic pollution"", ""relation"": ""increases_risk_of"", ""object"": ""atopic eczema""}]",[],Outdoor and indoor air pollution sources significantly increased the prevalence of atopic eczema in South African preschool children.,high,success
W4205403440,True,"[""heat_stress"", ""fire_weather""]","[""mortality"", ""other""]","[""outdoor_workers""]",systematic_review,[],global,explicit,"[""heat-related illness"", ""vector-borne disease susceptibility""]","[""low socioeconomic status"", ""limited workplace protections"", ""occupational exposure"", ""developing country context""]","[{""subject"": ""heat_stress"", ""relation"": ""increases_risk_of"", ""object"": ""heat-related illness""}, {""subject"": ""heat_stress"", ""relation"": ""increases_risk_of"", ""object"": ""vector-borne diseases""}, {""subject"": ""heat_stress"", ""relation"": ""exacerbates"", ""object"": ""occupational safety risks""}, {""subject"": ""climate_change"", ""relation"": ""increases_risk_of"", ""object"": ""frequent heat waves""}]","[""Limited research in developing countries on heat health impacts"", ""Global-level workplace heat-health economic data lacking"", ""Need for economic impact assessment in developing regions""]",Heat stress from climate change significantly impacts outdoor worker health and productivity; more research needed in developing countries.,medium,success
W2787053552,False,[],[],[],systematic_review,[],global,none,[],[],[],[],Direct seeding offers cost-effective forest restoration but achieves only ~20% seedling establishment rates due to predation and competition.,high,success
W4318018848,False,"[""fire_weather"", ""other""]",[],"[""general"", ""low_income"", ""racial_minorities"", ""other""]",modelling,"[""United States""]",national,explicit,[],"[""low socioeconomic status"", ""limited healthcare access"", ""infrastructure inadequacy"", ""environmental injustice""]","[{""subject"": ""climate change"", ""relation"": ""increases_risk_of"", ""object"": ""infectious and chronic disease""}, {""subject"": ""climate change"", ""relation"": ""increases_risk_of"", ""object"": ""extreme weather events""}, {""subject"": ""climate change"", ""relation"": ""exacerbates"", ""object"": ""existing social and economic disparities""}]","[""health impacts of climate change"", ""intersection of vulnerability and climate risks"", ""local-scale climate and environmental justice""]","Climate change vulnerability and risks are heterogeneously distributed across the U.S., exacerbating existing disparities and health inequalities.",medium,success
W4295136459,False,[],[],[],case_control,"[""China""]",local,none,[],[],[],"[""Causality of PFAS-breast cancer association unclear""]",PFASs were associated with breast cancer in Chinese women; causality requires prospective cohort studies.,low,success
W4320716935,False,[],[],"[""outdoor_workers""]",other,[],not_specified,none,[],[],[],"[""Long-term studies with specific occupational exposure classification needed"", ""Relationship between years of service and aging biomarkers unclear""]",Abstract does not present findings; calls for long-term studies of occupational exposure and epigenetic aging.,low,success
W4399052785,True,"[""wildfire_smoke""]","[""respiratory"", ""other""]","[""other""]",experimental,[],not_specified,explicit,"[""proinflammatory cytokine expression"", ""chemokine signaling"", ""lung mRNA gene expression"", ""systemic inflammatory response"", ""acute lung inflammation"", ""sex-specific immunological response""]",[],"[{""subject"": ""wildfire smoke"", ""relation"": ""causes"", ""object"": ""proinflammatory cytokine expression""}, {""subject"": ""wildfire smoke"", ""relation"": ""causes"", ""object"": ""chemokine signaling""}, {""subject"": ""wildfire smoke"", ""relation"": ""causes"", ""object"": ""lung mRNA gene expression changes""}, {""subject"": ""wildfire smoke"", ""relation"": ""increases_risk_of"", ""object"": ""acute lung inflammation""}, {""subject"": ""wildfire smoke"", ""relation"": ""increases_risk_of"", ""object"": ""acute lung injury""}]","[""regulatory roles of genes under environmental stressors"", ""sex-specific therapeutic targets identification""]",Sex and ovarian hormone status significantly modify systemic inflammatory responses to acute woodsmoke exposure in mice.,high,success
W4313398558,True,"[""displacement"", ""fire_weather""]","[""mental_health"", ""other""]","[""general"", ""rural"", ""low_income"", ""other""]",qualitative,"[""Fiji"", ""Bangladesh"", ""Burkina Faso""]",global,explicit,[],"[""socio-political contexts"", ""limited healthcare access"", ""altered food sources"", ""poor working conditions"", ""livelihood disruption""]","[{""subject"": ""wildfire event"", ""relation"": ""causes"", ""object"": ""displacement""}, {""subject"": ""displacement"", ""relation"": ""increases_risk_of"", ""object"": ""mental_health impacts""}, {""subject"": ""displacement"", ""relation"": ""is_associated_with"", ""object"": ""health risks from altered living conditions""}, {""subject"": ""climate-related mobility"", ""relation"": ""exacerbates"", ""object"": ""health inequities for trapped populations""}]","[""Understanding diverse forms of climate-related mobility"", ""Health impacts of slower-onset climatic changes"", ""Health outcomes for immobile populations""]",Climate-related displacement creates heterogeneous health risks and opportunities shaped by socio-political contexts and healthcare access.,high,success
W2889031441,False,[],[],"[""general""]",cross_sectional,"[""Australia""]",regional,none,[],[],[],[],Public values at risk from wildfire are more diverse than those typically considered in management frameworks.,medium,success
W3093482996,True,"[""PM2.5"", ""other""]","[""other""]","[""general""]",time_series,"[""Thailand""]",national,none,[],[],"[{""subject"": ""PM2.5"", ""relation"": ""is_associated_with"", ""object"": ""colon cancer incidence""}, {""subject"": ""black carbon"", ""relation"": ""is_associated_with"", ""object"": ""colon cancer incidence""}, {""subject"": ""organic carbon"", ""relation"": ""is_associated_with"", ""object"": ""colon cancer incidence""}]",[],"Increased PM2.5, black carbon, and organic carbon levels were associated with elevated colon cancer incidence in Thailand.",medium,success
W4308650869,False,[],[],"[""indigenous""]",qualitative,"[""Mexico""]",local,none,[],[],[],[],Indigenous communities in Chiapas practise culturally-informed fire management through customary organizational and permit systems.,medium,success
W2072340646,False,[],[],[],other,"[""United States""]",regional,implicit,[],"[""income inequality"", ""access to institutional resources"", ""employment options"", ""institutional obligations"", ""public land management politics""]",[],"[""How climate information use varies by institutional context"", ""Effectiveness of climate information uptake in decision-making""]","Social vulnerability to climate variability in the Southwest is determined by demographic, economic, institutional, and resource access factors.",medium,success
W3091345950,False,[],[],[],other,[],global,none,[],[],[],[],"Adaptive Multi-Paddock grazing management restores soil health, ecosystem function, and ecosystem services while maintaining economic viability.",low,success
W3038972405,False,"[""direct_fire""]",[],[],modelling,[],not_specified,none,[],[],[],[],Mathematical model simulates heat transfer in wooden building structures exposed to forest fire fronts.,medium,success
W4403256653,True,"[""heat_stress""]","[""cardiovascular"", ""mortality"", ""other""]","[""general"", ""elderly""]",time_series,"[""Paraguay""]",national,explicit,"[""cardiovascular stress from heat exposure""]",[],"[{""subject"": ""wildfire event"", ""relation"": ""increases_risk_of"", ""object"": ""heat_stress""}, {""subject"": ""heat_stress"", ""relation"": ""increases_risk_of"", ""object"": ""cardiovascular mortality""}, {""subject"": ""heat_stress"", ""relation"": ""increases_risk_of"", ""object"": ""infectious disease morbidity""}]","[""Long-term projections for specific infectious disease burdens""]","Non-optimal temperatures caused 640 deaths and 2,013 hospitalizations annually in Paraguay in 2019; projections suggest 1.5-21.6% mortality increase by 2050.",high,success
W3043478536,False,[],[],[],qualitative,"[""Nepal""]",local,none,[],[],[],[],"139 plant species with ethnobotanical significance documented, 136 medicinal species used for treating various ailments in rural Nepal.",high,success
W2402181618,False,[],[],[],systematic_review,[],not_specified,none,[],[],[],"[""Few trade-off studies focus on boreal forests"", ""Methods have conflicting priorities for measurement"", ""Uncertain how economic activities maintain ecological functions"", ""Limited understanding of climate change impacts on trade-offs""]",Economic-ecological trade-offs in forest management are underexplored in boreal forests; optimization methods with multiple objectives are needed.,medium,success
W2083767148,False,[],[],[],other,"[""Bhutan""]",not_specified,none,[],[],[],[],Bhutan's Gross National Happiness approach demonstrates viability of sustainable development alternatives to growth-centric models.,low,success
W4385200996,False,[],[],[],systematic_review,[],not_specified,none,[],[],[],[],"One Health approach integrates fungal impacts on human, animal, plant health and environment.",low,success
W4324327985,False,"[""wildfire_smoke""]",[],[],qualitative,"[""Canada""]",national,none,[],[],[],[],Wildfire governance in Canada shifts from state-centered suppression toward security apparatus framed through economic freedom and individual responsibility.,low,success
W2965573185,False,[],[],[],systematic_review,[],not_specified,none,[],[],[],"[""Bridging gaps between forest sciences and health sciences"", ""Standardised BVOC sampling methods for forest trees"", ""BVOC roles in climate adaptation under climate change"", ""Integration of chemical ecology with tree physiology studies""]","Biogenic volatile organic compounds regulate ecosystem function, forest communication, pest management, and climate through secondary organic aerosol formation.",medium,success
W3136563516,False,[],[],[],systematic_review,[],not_specified,none,[],[],[],"[""No standalone monitoring method for NBS performance"", ""Remote sensing operational readiness for NBS monitoring"", ""Holistic approach for large-scale NBS performance monitoring"", ""Long-term effectiveness measurement of NBS interventions""]",Nature-based solutions require integrated monitoring methods combining ground measurements and remote sensing to assess performance against hydro-meteorological risks.,high,success
W2324364403,False,[],[],[],other,"[""United States""]",national,none,[],[],[],[],"US Forest Service promotes forest health and resilience through integrated management of food, energy, water, and ecosystem resources.",low,success
W3134335811,False,"[""PM2.5"", ""other""]",[],[],systematic_review,[],not_specified,none,[],[],[],[],Plant-associated bacteria offer potential for eliminating atmospheric contaminants in urban environments through biotechnology.,low,success
W2099530697,False,[],[],[],modelling,[],not_specified,none,[],[],[],[],Vessel redundancy increases plant safety below embolism thresholds but decreases it above thresholds.,medium,success
W3044929057,False,[],[],[],other,"[""Australia""]",local,none,[],[],[],[],Urban forests and living infrastructure provide climate conditioning and multiple ecosystem benefits for city adaptation to climate change.,low,success
W1483756400,False,[],[],[],qualitative,"[""Spain""]",local,none,[],"[""EU regulatory burden on farmers"", ""economic sustainability of traditional practices"", ""policy integration failures"", ""administrative costs""]","[{""subject"": ""free-ranging horse husbandry abandonment"", ""relation"": ""increases_risk_of"", ""object"": ""forest fires""}, {""subject"": ""EU animal welfare regulations"", ""relation"": ""causes"", ""object"": ""economic unsustainability of horse husbandry""}, {""subject"": ""traditional free-ranging horses"", ""relation"": ""protects_against"", ""object"": ""forest fires""}]","[""Side effects of unrelated regulations on traditional land uses""]",EU regulations threaten traditional horse husbandry that provides fire prevention and biodiversity conservation services in Galician heathlands.,medium,success
W4392459232,False,[],[],[],modelling,"[""United States""]",regional,none,[],[],[],"[""Aggregate efficacy of fuels treatments unknown at regional scales"", ""Multi-decadal effects of treatments unclear""]",Strategic fuels treatments reduced stand-replacing fire severity by up to 90% over 100 years but had negligible effects on live carbon loss.,high,success
W2114342937,False,[],[],[],other,"[""Papua New Guinea"", ""Indonesia"", ""Myanmar"", ""Sri Lanka"", ""Central Africa"", ""West Africa"", ""Amazon"", ""Colombia"", ""Central America"", ""New Caledonia"", ""Sierra Leone"", ""Balkans""]",global,none,[],[],[],[],"Armed conflict in forest regions threatens biodiversity conservation, though post-conflict exploitation may cause greater damage.",low,success
W3159879688,False,"[""fire_weather""]",[],"[""indigenous""]",qualitative,"[""Brazil""]",local,implicit,[],"[""food security"", ""food sovereignty"", ""livelihood transformation"", ""limited adaptive capacity""]","[{""subject"": ""wildfire event"", ""relation"": ""exacerbates"", ""object"": ""secondary forest recovery""}, {""subject"": ""wildfire event"", ""relation"": ""is_associated_with"", ""object"": ""shifting cultivation sustainability""}, {""subject"": ""drier climate"", ""relation"": ""increases_risk_of"", ""object"": ""wildfire event""}, {""subject"": ""deforestation"", ""relation"": ""causes"", ""object"": ""drier climate""}]","[""How forest regenerates during fallow periods"", ""How local management improves regeneration"", ""Indicator species for succession and fire vulnerability""]",Indigenous forest management practices can facilitate natural regeneration and restore degraded lands in the Amazon.,medium,success
W3165257240,False,[],[],[],systematic_review,"[""United States"", ""Australia"", ""Brazil""]",global,none,[],[],[],"[""Unified understanding of fire influence on animal diversity lacking"", ""Limited research on fire ecology and mammal interactions"", ""Need for integrated fire-fauna research frameworks"", ""Unclear fire effects on vegetation structure and wildlife resources""]",Only 5% of fire research addresses fauna and 0.5% addresses mammals; urgent need for integrated fire-fauna research.,high,success
W3148391746,False,[],[],[],cross_sectional,"[""Ethiopia""]",local,none,[],[],[],"[""Further study on biological parameters"", ""Identification of potential contaminant sources""]","Rebu River shows significant contamination with heavy metals and physico-chemical parameters exceeding WHO and national standards, particularly at effluent discharge sites.",medium,success
W3039820512,False,[],[],[],modelling,"[""Iraq""]",national,none,[],[],[],[],"Iraq experienced an increasing trend of burned areas from 2001 to 2019, with 2019 showing an eightfold increase compared to yearly average.",medium,success
W2170233181,False,[],[],"[""indigenous"", ""rural""]",systematic_review,"[""Canada""]",regional,explicit,[],"[""food_security"", ""poverty"", ""climate_change_impacts"", ""limited_economic_opportunities"", ""environmental_degradation""]",[],"[""social economic cultural political issues poorly understood"", ""issues unrelated to environmental change remain unexplored""]","Arctic communities experience well-being challenges linked to climate-driven environmental change, food security concerns, and resource development pressures.",medium,success
W2908629199,False,[],[],[],modelling,[],global,none,[],[],[],[],HERMESv3 is a multi-scale atmospheric emission modelling framework computing gaseous and aerosol emissions for chemistry models.,high,success
W4229068645,False,"[""direct_fire""]",[],[],time_series,"[""Madagascar""]",regional,none,[],[],"[{""subject"": ""wildfire event"", ""relation"": ""is_associated_with"", ""object"": ""suspension of protected-area management""}, {""subject"": ""wildfire event"", ""relation"": ""is_associated_with"", ""object"": ""COVID-19 lockdown""}]","[""Effect of pandemic on land management activities unclear"", ""Limited quantitative information on pandemic impacts on extinction crisis""]",COVID-19 lockdown suspension of protected-area management in Madagascar resulted in 76–248% more fires than predicted.,high,success
W2042285892,False,[],[],[],modelling,"[""Spain""]",regional,none,[],[],[],[],Jay-mediated directed dispersal increases oak regional abundance and alters species-environment correlations in Mediterranean Spain.,high,success
W1482467760,False,[],[],[],qualitative,"[""Tanzania""]",local,none,[],[],[],"[""financing mechanisms for PFCA"", ""technical capacity building at local level""]","Local communities in Tanzania successfully performed participatory forest carbon assessments, though financing and technical capacity remain challenges.",medium,success
W4297517552,True,"[""PM2.5"", ""other""]","[""respiratory"", ""other""]","[""general"", ""children"", ""pregnant"", ""other""]",systematic_review,"[""Bangladesh"", ""China"", ""India"", ""Mongolia"", ""Nepal"", ""Pakistan"", ""Sri Lanka"", ""Laos""]",regional,implicit,"[""airway inflammation"", ""oxidative stress""]","[""low socioeconomic status"", ""limited access to clean fuels"", ""poor housing ventilation"", ""traditional fuel dependence""]","[{""subject"": ""biomass cookstove emissions"", ""relation"": ""causes"", ""object"": ""PM2.5 exposure""}, {""subject"": ""PM2.5 exposure"", ""relation"": ""increases_risk_of"", ""object"": ""respiratory health risks""}, {""subject"": ""traditional cookstoves"", ""relation"": ""increases_risk_of"", ""object"": ""health risks""}, {""subject"": ""improved cookstoves"", ""relation"": ""protects_against"", ""object"": ""health risks""}]","[""dispersed literature on biomass cookstoves in Asian countries"", ""barriers to dissemination of improved cookstoves unclear""]",Improved biomass cookstoves achieve better thermal efficiency and lower emissions/health risks than traditional stoves but face dissemination barriers.,medium,success
W4293367111,False,[],[],[],case_control,"[""Iraq""]",local,none,[],[],[],[],Unvaccinated COVID-19 patients showed more symptoms than vaccinated patients; two doses may be insufficient against Omicron.,medium,success
W4225368740,True,"[""heat_stress""]","[""mortality"", ""respiratory"", ""cardiovascular"", ""other""]","[""general"", ""elderly""]",other,"[""Argentina""]",regional,explicit,"[""cardiovascular strain"", ""respiratory exacerbation"", ""renal dysfunction""]","[""place of residence"", ""age disparities""]","[{""subject"": ""heat waves"", ""relation"": ""increases_risk_of"", ""object"": ""all-cause mortality""}, {""subject"": ""heat waves"", ""relation"": ""increases_risk_of"", ""object"": ""respiratory mortality""}, {""subject"": ""heat waves"", ""relation"": ""increases_risk_of"", ""object"": ""cardiovascular mortality""}, {""subject"": ""heat waves"", ""relation"": ""increases_risk_of"", ""object"": ""renal disease mortality""}, {""subject"": ""heat waves"", ""relation"": ""increases_risk_of"", ""object"": ""diabetes-related mortality""}]","[""Health impact of heat waves poorly studied in southern hemisphere""]","Heat waves in Argentina summer 2013-14 caused 1877 excess deaths (RR=1.23), with highest risk in elderly aged 80+ years.",high,success
W4390444557,True,"[""other""]","[""respiratory"", ""cardiovascular"", ""neurological"", ""mental_health"", ""mortality"", ""other""]","[""general"", ""elderly"", ""other""]",time_series,"[""United States""]",local,implicit,[],"[""preexisting conditions"", ""climate change impacts"", ""dryland agriculture stress""]","[{""subject"": ""dust exposure"", ""relation"": ""increases_risk_of"", ""object"": ""respiratory hospitalization""}, {""subject"": ""dust exposure"", ""relation"": ""increases_risk_of"", ""object"": ""cardiovascular hospitalization""}, {""subject"": ""dust exposure"", ""relation"": ""increases_risk_of"", ""object"": ""neurological hospitalization""}, {""subject"": ""dust exposure"", ""relation"": ""increases_risk_of"", ""object"": ""mental health hospitalization""}, {""subject"": ""dust exposure"", ""relation"": ""increases_risk_of"", ""object"": ""asthma hospitalization""}, {""subject"": ""dust exposure"", ""relation"": ""increases_risk_of"", ""object"": ""stroke hospitalization""}, {""subject"": ""dust exposure"", ""relation"": ""increases_risk_of"", ""object"": ""renal disease hospitalization""}]","[""Health effects of dust exposures in other dust-prone population centers worldwide"", ""Investigation of causes of dust exposure health effects""]","Dust exposure in Lubbock, TX was associated with increased hospitalization risks for multiple conditions including respiratory, cardiovascular, and neurological diseases.",high,success
W4221047276,False,[],[],[],other,"[""Europe""]",regional,none,[],[],[],[],Paper addresses sustainable supply of forest ecosystem services in Europe.,low,success
W3175392612,True,"[""wildfire_smoke"", ""PM2.5""]","[""respiratory"", ""other""]","[""general"", ""outdoor_workers""]",case_control,"[""Australia""]",local,implicit,"[""airway irritation from particulate exposure""]","[""building age and maintenance"", ""HVAC system availability"", ""indoor air filtration quality"", ""workplace safety protocols""]","[{""subject"": ""wildfire smoke"", ""relation"": ""causes"", ""object"": ""PM2.5 infiltration into buildings""}, {""subject"": ""PM2.5"", ""relation"": ""increases_risk_of"", ""object"": ""occupant respiratory health risk""}, {""subject"": ""poor HVAC filtration"", ""relation"": ""exacerbates"", ""object"": ""indoor air pollution exposure""}]","[""ability of diverse indoor environments to protect occupants"", ""effectiveness of mechanical ventilation in extreme fire events"", ""protection standards for extreme weather scenarios""]","Commercial buildings with aging HVAC systems inadequately protect occupants from bushfire smoke infiltration, with PM2.5 peaks 24 times above safe thresholds.",high,success
W3137741370,False,[],[],[],qualitative,[],not_specified,none,[],[],[],[],Urban social-ecological-technological system changes create adaptation opportunities for climate resilience.,low,success
W4403249535,False,[],[],[],cross_sectional,"[""Chile""]",local,none,[],[],[],[],"High severity and short-interval wildfires severely limit post-fire tree regeneration in Araucaria-Nothofagus forests, with resprouting species showing greater resilience.",high,success
W4394686243,False,"[""fire_weather""]",[],[],other,[],not_specified,none,[],[],[],[],Green fire barriers and fuel treatment techniques can reduce fire risk while maintaining ecological sustainability and environmental benefits.,low,success
W4388621370,False,[],[],[],systematic_review,[],global,none,[],[],[],[],Energy justice metrics require systematic design and continual improvement to incorporate equity into policy decisions.,low,success
W3093068544,False,[],[],[],modelling,"[""Laos""]",local,none,[],[],[],[],"Vientiane experienced 24.36% forest loss and rapid urban expansion (1995–2018), with projections showing continued land-use conversion from natural to anthropogenic uses by 2050.",medium,success
W4389192386,False,[],[],[],qualitative,[],global,none,[],"[""climate-related migration patterns"", ""socioeconomic factors in relocation"", ""cultural attitudes towards rurality"", ""unequal climate adaptation capacity""]",[],"[""Long-term health impacts of climate migration"", ""Rural community capacity to absorb migrants"", ""Equity implications of climate-driven relocation""]",Climate-related counterurbanisation may represent individual adaptation but risk broader societal maladaptation through unequal impacts on host communities.,medium,success
W3020205819,False,"[""PM2.5"", ""other""]",[],[],modelling,"[""India"", ""global""]",global,none,[],[],[],[],"Climate policy ambition increases air quality co-benefits globally, with median health benefits of $18/tCO2e in 2030, varying strongly by region and sector.",medium,success
W4281490967,False,[],[],[],systematic_review,[],global,none,[],[],[],"[""Public understanding lags behind climate-health knowledge"", ""Need for effective communication strategies implementation""]",Evidence-based communication strategies improve climate change health risk understanding and promote healthier behaviours.,medium,success
W3194125229,False,[],[],[],modelling,[],global,none,[],[],[],"[""Country-specific implementation plans needed"", ""Feasibility barriers in developing countries unclear"", ""Co-benefits and risks vary by region""]","Land-based mitigation potential of 8–13.8 GtCO₂ eq/yr is cost-effective and aligns with 1.5°C targets, with 80% in developing countries.",high,success
W4388982310,True,[],"[""respiratory""]",[],experimental,[],not_specified,none,"[""airway inflammation"", ""complement C3 regulation"", ""Th2-associated immune response"", ""airway hyper-responsiveness"", ""miR-511-3p targeting C3""]",[],"[{""subject"": ""miR-511-3p deficiency"", ""relation"": ""increases_risk_of"", ""object"": ""airway hyper-responsiveness""}, {""subject"": ""miR-511-3p deficiency"", ""relation"": ""increases_risk_of"", ""object"": ""Th2-associated allergic airway inflammation""}, {""subject"": ""miR-511-3p treatment"", ""relation"": ""protects_against"", ""object"": ""airway inflammation""}, {""subject"": ""miR-511-3p"", ""relation"": ""causes"", ""object"": ""complement C3 downregulation""}]",[],miR-511-3p delivered via mannose-decorated exosomes alleviates allergic airway inflammation by targeting complement C3.,high,success
W2996724745,False,[],[],[],qualitative,"[""Brazil"", ""Spain""]",regional,none,[],"[""risk communication"", ""media framing"", ""governance structures"", ""social learning""]",[],"[""how wildfire risk governance can integrate multiple actor perspectives""]",Local media framing of wildfire as spectacle obstructs coherent risk governance and social learning.,medium,success
W1988303719,False,[],[],[],other,"[""China""]",local,none,[],[],[],[],"The Jehol Biota lasted 11 Ma with three major phases, highest radiation at 125 Ma characterized by diverse arboreal and herbivorous forms.",medium,success
W3182629634,True,"[""other""]","[""mental_health""]","[""general""]",systematic_review,[],not_specified,none,"[""oxytocin release"", ""hypothalamic-pituitary-adrenal axis inhibition"", ""cortisol reduction"", ""fear and stress decrease""]","[""perception of natural area safety"", ""positive natural phenomena experience"", ""social bonding and connection""]","[{""subject"": ""nature exposure"", ""relation"": ""causes"", ""object"": ""oxytocin release""}, {""subject"": ""oxytocin release"", ""relation"": ""causes"", ""object"": ""stress reduction""}, {""subject"": ""oxytocin release"", ""relation"": ""causes"", ""object"": ""increased wellbeing""}, {""subject"": ""nature exposure"", ""relation"": ""is_associated_with"", ""object"": ""cortisol levels""}, {""subject"": ""nature exposure"", ""relation"": ""increases_risk_of"", ""object"": ""psychological development""}]","[""direct empirical evidence of oxytocin release during nature exposure"", ""mechanisms linking specific natural phenomena to oxytocin activation""]",Nature exposure may reduce stress and promote wellbeing through oxytocin-mediated mechanisms involving calm and connection experiences.,medium,success
W3210324035,False,[],[],[],qualitative,"[""Germany""]",regional,none,[],"[""critical infrastructure failure"", ""limited information exchange"", ""dependency on emergency systems"", ""pandemic context""]",[],[],"2021 German floods revealed failures in warning systems, information exchange, and infrastructure resilience rather than a single causal event.",medium,success
W3097572033,False,[],[],[],qualitative,[],global,none,[],[],[],[],"Seaweeds have historically served as nutritional and medicinal resources during human crises including famine, warfare, and disease outbreaks.",low,success
W4282548889,True,"[""fire_weather"", ""displacement"", ""other""]","[""reproductive"", ""mental_health"", ""other""]","[""low_income"", ""other""]",qualitative,"[""Bangladesh""]",national,explicit,[],"[""gender inequality"", ""limited healthcare access"", ""economic constraints"", ""cultural restrictions"", ""limited bodily autonomy"", ""poor disaster preparedness""]","[{""subject"": ""wildfire event"", ""relation"": ""exacerbates"", ""object"": ""limited access to sexual and reproductive health services""}, {""subject"": ""wildfire event"", ""relation"": ""increases_risk_of"", ""object"": ""physical and psychological harm in women""}, {""subject"": ""limited access to SRHR services"", ""relation"": ""is_associated_with"", ""object"": ""capacity and resilience to climate change""}]","[""Need for reproductive justice framework integration"", ""Individual needs assessment for resilience building""]","Climate-related events in Bangladesh worsen women's access to sexual and reproductive health services, increasing vulnerability and reducing climate resilience.",medium,success
W2057504041,False,[],[],[],qualitative,"[""United States""]",regional,none,[],[],[],[],California Indian tribes used traditional burning practices to enhance mushroom populations and habitats across Sierra Nevada and northern California forests.,high,success
W4313894813,False,[],[],[],modelling,"[""Australia""]",regional,none,[],[],[],[],"Decision tree machine learning achieved 89.21% prediction accuracy for wildfire hazard mapping in Queensland, Australia.",medium,success
W4378650992,False,[],[],[],systematic_review,[],global,none,[],[],[],"[""Nonlethal effects on migrating birds less well understood than direct mortality"", ""Numbers of birds surviving with impaired flight or navigation ability unknown"", ""Multiple threat interactions and synergistic effects poorly characterized"", ""Pathways from sublethal injuries to population-level effects unclear""]",Nonlethal anthropogenic effects on migrating birds extend beyond direct mortality and can synergistically reduce fitness and lifetime reproductive success.,medium,success
W4308342314,False,[],[],[],modelling,[],not_specified,none,[],[],[],[],"Machine learning algorithms, particularly random forests and XGBoost, effectively predict sheep breeding values with correlations up to 0.917.",high,success
W2946943018,False,[],[],[],other,"[""Brazil""]",not_specified,none,[],[],[],[],Systemic corticosteroids are first-line treatment for pemphigus vulgaris and foliaceus; immunosuppressive agents and rituximab are alternatives.,low,success
W4366829951,False,[],[],[],other,"[""United States""]",national,none,[],[],[],[],Natural forest stewardship provides cost-effective climate adaptation by maintaining resilience and complexity better than active management.,low,success
W4366829190,False,[],[],[],cross_sectional,"[""Democratic Republic of the Congo""]",local,none,[],[],[],[],Forest cover in Kundelungu National Park decreased 32% (2339–1596 km²) from 2001–2022 due to deforestation and bushfires.,high,success
W4210824678,False,"[""wildfire_smoke""]",[],[],cross_sectional,"[""United States""]",regional,none,[],[],[],"[""Limited large-scale studies of CWPP participation variation"", ""Unclear factors responsible for stakeholder participation differences""]","CWPPs vary substantially in participant counts and diversity, driven by geographic scale and landowner diversity rather than wildfire hazard.",high,success
W3181995658,False,[],[],[],systematic_review,[],global,none,[],[],[],"[""Conservation strategies not adopted at large scale""]","Biodiversity loss driven by habitat conversion, climate change, and unsustainable resource use requires holistic conservation approaches.",low,success
W4384120460,False,[],[],"[""indigenous""]",qualitative,"[""Australia""]",national,explicit,[],"[""indigenous cultural significance"", ""benefit sharing practices"", ""limited ethics regulation"", ""traditional knowledge integration""]",[],"[""ethics guidelines for sedaDNA in Indigenous contexts"", ""benefit sharing frameworks for sedaDNA research"", ""integration of Traditional Knowledges with genomics""]",Sedimentary ancient DNA research in Indigenous Australia requires special ethical considerations and benefit-sharing frameworks.,medium,success
W4377940856,False,[],[],[],other,[],global,none,[],[],[],"[""Socio-economic barriers to large-scale peatland rewetting"", ""Hydrological constraints limiting restoration""]","Integrated wetscapes combining nature reserves, buffers, and paludiculture offer sustainable alternatives to drainage-based peatland use.",medium,success
W3201904572,True,"[""PM2.5"", ""other""]","[""reproductive"", ""other""]","[""children"", ""pregnant""]",systematic_review,[],not_specified,implicit,"[""altered immune response"", ""oxidative stress"", ""neuroinflammation"", ""inadequate placental development"", ""epigenetic modulation""]",[],"[{""subject"": ""ambient air pollution"", ""relation"": ""is_associated_with"", ""object"": ""altered metabolic systems""}, {""subject"": ""ambient air pollution"", ""relation"": ""is_associated_with"", ""object"": ""altered endocrine systems""}, {""subject"": ""prenatal air pollution exposure"", ""relation"": ""is_associated_with"", ""object"": ""type 1 diabetes mellitus""}, {""subject"": ""prenatal air pollution exposure"", ""relation"": ""is_associated_with"", ""object"": ""obesity""}, {""subject"": ""prenatal air pollution exposure"", ""relation"": ""is_associated_with"", ""object"": ""insulin resistance""}, {""subject"": ""prenatal air pollution exposure"", ""relation"": ""is_associated_with"", ""object"": ""thyroid dysfunction""}, {""subject"": ""prenatal air pollution exposure"", ""relation"": ""is_associated_with"", ""object"": ""pubertal timing alterations""}, {""subject"": ""postnatal air pollution exposure"", ""relation"": ""is_associated_with"", ""object"": ""type 1 diabetes mellitus""}, {""subject"": ""postnatal air pollution exposure"", ""relation"": ""is_associated_with"", ""object"": ""obesity""}, {""subject"": ""postnatal air pollution exposure"", ""relation"": ""is_associated_with"", ""object"": ""insulin resistance""}, {""subject"": ""postnatal air pollution exposure"", ""relation"": ""is_associated_with"", ""object"": ""thyroid dysfunction""}, {""subject"": ""postnatal air pollution exposure"", ""relation"": ""is_associated_with"", ""object"": ""pubertal timing alterations""}]","[""Mixed and inconclusive results across studies"", ""Different outcomes from different study designs"", ""Causality not demonstrated"", ""Inconsistent exposure measurement methodologies""]",Air pollution exposure during prenatal and postnatal periods is associated with childhood endocrine and metabolic disorders through oxidative stress and epigenetic mechanisms.,high,success
W2802239117,True,[],"[""respiratory""]","[""children"", ""low_income"", ""other""]",systematic_review,"[""developing countries""]",global,explicit,"[""chronic airway inflammation"", ""oxidative stress"", ""airway remodeling""]","[""poverty"", ""low socioeconomic status"", ""limited access to clean fuels"", ""occupational exposure to dust""]","[{""subject"": ""biomass fuel smoke"", ""relation"": ""causes"", ""object"": ""COPD""}, {""subject"": ""occupational dust exposure"", ""relation"": ""increases_risk_of"", ""object"": ""COPD""}, {""subject"": ""pulmonary tuberculosis history"", ""relation"": ""increases_risk_of"", ""object"": ""COPD""}, {""subject"": ""lower respiratory tract infection"", ""relation"": ""increases_risk_of"", ""object"": ""COPD""}]","[""need for preventive interventions"", ""burden of non-smoking COPD underestimated""]","Biomass fuel smoke exposure causes 25-45% of COPD cases in non-smokers, disproportionately affecting women and children in developing countries.",medium,success
W4313438406,False,[],[],[],systematic_review,[],not_specified,none,[],[],[],"[""Low adoption of hyper-heuristic algorithms in agriculture"", ""No universal algorithm performs multiple farm functions"", ""Data integrity and cyber security concerns unresolved""]","Swarm intelligence algorithms optimize agricultural processes including machinery path, pest detection, and irrigation, despite low adoption rates.",medium,success
W2890090487,False,[],[],[],other,[],global,none,[],[],[],[],"Fishway science requires frameworks beyond diadromous species migration to address metapopulation dynamics, habitat shifts, and gene flow for diverse fish species.",medium,success
W4387880987,False,"[""heat_stress"", ""other""]",[],"[""general"", ""indigenous""]",systematic_review,[],global,implicit,"[""acclimatization"", ""thermoregulation"", ""altitude adaptation""]","[""structural inequality"", ""climate change exposure""]",[],"[""how extreme environments and inequality interact"", ""mechanisms of embodied climate change stress""]","Review of human adaptation to heat, cold, altitude; climate change and inequality amplify health impacts.",low,success
W2537984422,False,[],[],[],other,"[""United States"", ""Canada"", ""Europe""]",regional,none,[],[],[],"[""Need to improve outbreak monitoring and detection"", ""Need to educate public on ecological role of bark beetles"", ""Need integrated metrics for ecosystem services comparison""]",Research prioritization identifies 25 key questions on bark beetle impacts to ecosystems and human systems.,medium,success
W2789527977,False,[],[],[],modelling,"[""Uganda""]",national,none,[],[],[],[],Vision 2040 agricultural policy may increase micronutrient deficiency despite intended livelihood improvements.,medium,success
W4391684175,True,"[""PM2.5"", ""other""]","[""reproductive"", ""neurological""]","[""other""]",cohort,"[""United States""]",not_specified,implicit,"[""DNA methylation changes"", ""epigenetic modifications in sperm"", ""neurodevelopmental gene regulation""]",[],"[{""subject"": ""air pollution exposure"", ""relation"": ""causes"", ""object"": ""DNA methylation changes in sperm""}, {""subject"": ""air pollution exposure"", ""relation"": ""causes"", ""object"": ""altered epigenetic patterns""}, {""subject"": ""DNA methylation changes"", ""relation"": ""is_associated_with"", ""object"": ""neurodevelopmental disruption""}]","[""little known about air pollution impacts on sperm epigenome"", ""mechanism of transmission to offspring unclear""]","Paternal air pollution exposure is associated with DNA methylation changes in sperm, particularly in neurodevelopment-related genes.",high,success
W3118453831,False,[],[],[],other,[],not_specified,none,[],[],[],[],"Large-scale CO2 drawdown is necessary to stabilize Earth's climate, requiring massive investment over a century.",low,success
W3165728850,False,[],[],"[""general""]",cross_sectional,"[""China""]",regional,none,[],"[""place attachment"", ""self-efficacy"", ""socioeconomic characteristics""]",[],"[""limited studies in east Asian cultural context""]","Self-efficacy mediates the relationship between place attachment and disaster preparedness across material, behavioral, and awareness domains.",medium,success
W4224212264,False,[],[],[],other,[],not_specified,none,[],[],[],[],"Effective wildfire governance requires collaborative, anticipatory, and deliberative approaches addressing transboundary risks and competing values.",low,success
W4313413667,False,[],[],[],other,"[""Brazil""]",national,none,[],[],[],[],"Brazilian biodiversity represents an underutilized opportunity for sustainable development, conservation, and bioeconomy growth.",low,success
W4221078981,False,"[""wildfire_smoke"", ""PM2.5""]",[],[],systematic_review,"[""United States"", ""China"", ""India""]",global,none,[],[],[],"[""Finer spatial and temporal resolution needed"", ""Understanding of complex atmospheric processes"", ""Characterization of clustering and oxidation"", ""Surface chemistry impacts on air quality""]","Bibliometric analysis reveals increased research on biomass burning and air quality, with PM2.5 as key focus.",high,success
W4307804863,False,[],[],[],other,"[""Indonesia"", ""Malaysia"", ""Pakistan""]",regional,none,[],[],[],[],AI and ML-based fake news detection model can minimize supply chain disruptions through improved decision-making.,low,success
W2919615316,False,[],[],[],experimental,[],not_specified,none,[],[],[],[],"Chronic soil contact with imidacloprid reduces longevity, delays development, and decreases body mass in ground-nesting bees.",medium,success
W2972964014,False,[],[],[],other,"[""Poland"", ""Slovakia""]",local,none,[],[],[],[],Green infrastructure in Bratislava and Wrocław shows potential for climate adaptation and urban quality improvement through diverse project types.,low,success
W2794954341,False,"[""direct_fire""]",[],[],experimental,"[""Africa"", ""Australia""]",regional,none,[],[],[],[],Adansonia fruit shells protect seeds from wildfire heat and may increase germination rates post-fire.,high,success
W4381252373,True,"[""heat_stress"", ""fire_weather"", ""wildfire_smoke""]","[""other""]","[""elderly"", ""general""]",qualitative,"[""Thailand""]",local,explicit,"[""thermoregulation impairment""]","[""healthcare access barriers"", ""limited adaptive capacity"", ""social support availability""]","[{""subject"": ""wildfire event"", ""relation"": ""causes"", ""object"": ""air pollution""}, {""subject"": ""air pollution"", ""relation"": ""increases_risk_of"", ""object"": ""health challenges in older persons""}, {""subject"": ""heat stress"", ""relation"": ""exacerbates"", ""object"": ""thermoregulation dysfunction""}, {""subject"": ""extreme weather conditions"", ""relation"": ""increases_risk_of"", ""object"": ""daily living routine disruption""}]","[""Long-term health impacts of repeated extreme weather exposure unclear""]",Older persons and families employ seasonal adaptability and adaptive strategies to mitigate extreme weather impacts on health.,high,success
W3169372364,False,[],[],[],systematic_review,"[""Iceland"", ""Greenland""]",regional,none,[],[],[],[],"Iceland and Greenland successfully mitigated COVID-19 through strict border controls and health-prioritizing policies, achieving low case and death rates.",medium,success
W4397420087,False,"[""wildfire_smoke""]",[],[],cross_sectional,"[""India""]",local,none,[],[],[],[],"Wildfire frequency reduces carbon stock, sequestration, and mitigation potential in seasonally dry forests.",high,success
W4402687199,True,"[""other""]","[""mortality"", ""other""]","[""general"", ""low_income"", ""rural""]",time_series,"[""India"", ""China"", ""Somalia"", ""Southern Asia"", ""Sub-Saharan Africa""]",global,explicit,[],"[""inadequate healthcare infrastructure"", ""limited access to resources"", ""low socioeconomic status""]","[{""subject"": ""extreme drought events"", ""relation"": ""causes"", ""object"": ""mortality""}, {""subject"": ""extreme drought events"", ""relation"": ""increases_risk_of"", ""object"": ""health emergencies""}, {""subject"": ""inadequate healthcare infrastructure"", ""relation"": ""exacerbates"", ""object"": ""drought health impacts""}]","[""context-specific drought health intervention strategies"", ""health system preparedness mechanisms for climate droughts""]","Over 1.6 billion people globally affected by drought 2000–2023, with 24,000+ deaths; socio-economic factors exacerbate impacts.",medium,success
W4394806084,True,"[""other""]","[""neurological""]","[""elderly"", ""general""]",systematic_review,[],global,implicit,"[""epigenetic modifications"", ""DNA methylation"", ""histone modifications"", ""oxidative stress"", ""neuroinflammation""]","[""urban environmental factors"", ""population ageing"", ""urban planning and design""]","[{""subject"": ""air pollution"", ""relation"": ""causes"", ""object"": ""epigenetic modifications""}, {""subject"": ""air pollution"", ""relation"": ""increases_risk_of"", ""object"": ""cognitive impairment""}, {""subject"": ""air pollution"", ""relation"": ""increases_risk_of"", ""object"": ""neurodegenerative disease""}, {""subject"": ""epigenetic modifications"", ""relation"": ""mediates"", ""object"": ""cognitive impairment""}]","[""Sparse evidence base on biological pathways"", ""Limited understanding of epigenetic mechanisms in neurodegenerative disease""]",Epigenetic analysis can elucidate biological pathways linking urban air pollution to cognitive impairment and neurodegeneration.,medium,success
W4220882796,True,"[""wildfire_smoke""]","[""neurological"", ""reproductive"", ""other""]","[""other""]",cohort,"[""United States""]",local,explicit,"[""inflammation"", ""cortisol dysregulation"", ""neural development impairment"", ""teratogenic effects""]",[],"[{""subject"": ""wildfire smoke"", ""relation"": ""causes"", ""object"": ""inflammation in exposed infants""}, {""subject"": ""wildfire smoke"", ""relation"": ""causes"", ""object"": ""blunted cortisol response""}, {""subject"": ""wildfire smoke"", ""relation"": ""causes"", ""object"": ""passive behavior in infants""}, {""subject"": ""wildfire smoke"", ""relation"": ""causes"", ""object"": ""memory impairment""}, {""subject"": ""wildfire smoke"", ""relation"": ""increases_risk_of"", ""object"": ""teratogenic effects on fetal development""}]","[""little known on behavioral and physiological consequences of prenatal WFS exposure""]",Prenatal wildfire smoke exposure increased inflammation and blunted cortisol while impairing memory and behavior in infant primates.,high,success
W3048631191,False,[],[],[],cross_sectional,"[""Pakistan""]",regional,none,[],[],[],[],"Pakistani health professionals have satisfactory COVID-19 knowledge and attitudes, but some misperceptions and malpractices need addressing.",low,success
W3137716211,False,[],[],[],other,"[""Europe""]",regional,none,[],[],[],[],GenTree Platform provides phenotyping and environmental data for 12 European forest tree species for ecological and evolutionary research.,medium,success
W2912267583,False,[],[],"[""children"", ""elderly"", ""other""]",other,"[""Belt and Road Initiative region""]",global,explicit,[],"[""healthcare access"", ""physician availability"", ""hospital infrastructure"", ""vaccination coverage""]",[],"[""Disaster vulnerability indicators lack health components""]",Integrated health vulnerability index incorporating nine health indicators improves disaster risk assessment in BRI regions.,medium,success
W4383695476,False,"[""wildfire_smoke""]",[],[],modelling,"[""China""]",national,none,[],[],"[{""subject"": ""wildfire event"", ""relation"": ""increases_risk_of"", ""object"": ""air pollution""}, {""subject"": ""wildfire event"", ""relation"": ""causes"", ""object"": ""human health damage""}, {""subject"": ""wildfire event"", ""relation"": ""causes"", ""object"": ""increased risk aversion""}, {""subject"": ""wildfire event"", ""relation"": ""causes"", ""object"": ""reduced labor supply""}]","[""Most research on landscape fires has not considered economic impacts""]","Landscape fires significantly reduce local entrepreneurial activity, with greater impacts in less developed regions.",medium,success
W3008259531,False,[],[],[],systematic_review,[],global,none,[],[],[],[],Low-cost IoT with pay-as-you-go models can disseminate Internet of Things for Development to achieve UN Sustainable Development Goals.,low,success
W4389795335,False,"[""direct_fire""]",[],[],other,"[""United States""]",local,none,[],[],[],"[""How fire effects are mediated by burn severity in different habitats"", ""Species-level responses to burn severity and floral resources""]",Burn severity negatively impacts pollinators in meadows but moderate-severity fire benefits upland forest pollinators; floral richness mediates responses.,high,success
W2549043721,False,[],[],[],cohort,"[""South Africa""]",local,none,[],[],[],"[""Lower thermal tolerances influence on ant behaviour""]",Ant thermal tolerances decline with elevation and constrain activity in cold-limited species.,high,success
W2560057311,False,[],[],[],systematic_review,"[""Kenya""]",national,none,[],[],[],"[""Limited empirical evidence on aquaculture's income and employment impacts"", ""Scattered evidence on aquaculture's nutritional security contribution"", ""Need for more data on poor household food consumption improvements""]","Aquaculture offers potential to address food insecurity, poverty, and malnutrition in Kenya through household food production and income generation.",low,success
W4296483170,False,[],[],[],systematic_review,[],not_specified,none,[],[],[],"[""Ambiguity in biodiversity definitions across stakeholders"", ""Lack of explicit biodiversity goals in projects"", ""Need for transparent reporting of restoration outcomes"", ""Understanding of ecosystem function restoration unclear""]","Biodiversity definitions vary among reforestation stakeholders, risking inadequate restoration outcomes and unachieved project goals.",medium,success
W4220771838,False,[],[],"[""children""]",cross_sectional,"[""China""]",regional,none,[],[],[],[],"Scalds, flames, contact, and chemicals are main burn causes in children aged 1-5 years in central China.",medium,success
W4385569082,False,[],[],[],systematic_review,[],global,none,[],[],[],"[""Need comparative studies on climate responses"", ""Experimental manipulations needed for ecosystem inference""]","Sky islands show lineage formation, reduced genetic variation, and trait evolution in response to climate change across taxa.",medium,success
W4319233388,False,"[""PM2.5"", ""other""]",[],[],systematic_review,[],not_specified,none,[],"[""risk communication effectiveness"", ""target group engagement"", ""affected population involvement""]",[],"[""effectiveness of communication efforts needs analysis"", ""lack of target-group-specific approaches"", ""insufficient affected population involvement""]",Science communication on air pollution risks requires population-centered approaches and evaluation of communication effectiveness.,low,success
W4225638573,True,[],"[""other""]","[""outdoor_workers"", ""other""]",qualitative,"[""Thailand""]",local,explicit,[],"[""limited_healthcare_access"", ""population_mobility"", ""low_transmission_setting_challenges""]",[],"[""optimal anti-malarial regimen for forest goers"", ""strategies to ensure adherence to prophylaxis"", ""maintaining accessible malaria services in mobile populations""]",Forest goers require targeted malaria prophylaxis with accessible village-level services accounting for population mobility and drug resistance.,medium,success
W1854960972,False,[],[],[],other,"[""United States""]",not_specified,none,[],[],[],[],Descriptive account of longleaf pine forest ecosystem characteristics and landscape features.,low,success
W2923440297,False,[],[],[],time_series,"[""Switzerland""]",regional,none,[],[],[],[],"Long-term forest monitoring reveals species-specific tree mortality patterns driven primarily by stand structure, with increasing climate influence on large trees.",high,success
W4386054451,False,[],[],[],other,[],not_specified,none,[],[],[],[],"Seed dispersal is a multiscale process fundamental to plant population dynamics, gene flow, and range expansion.",low,success
W4308553835,False,"[""direct_fire""]",[],[],cross_sectional,"[""United States""]",local,none,[],[],[],"[""Long-term functional recovery of biocrusts post-fire"", ""Legacy effects of wildfire on gene expression""]","Biocrust microbial communities recover to pre-fire composition within 1–6 years post-fire, though functional gene differences persist.",high,success
W3025376867,False,"[""wildfire_smoke"", ""fire_weather""]",[],"[""general""]",cross_sectional,"[""Australia""]",national,none,[],"[""employment opportunities"", ""living costs"", ""healthcare access"", ""self-efficacy beliefs"", ""perceived disaster risk""]","[{""subject"": ""wildfire event"", ""relation"": ""is_associated_with"", ""object"": ""internal labour mobility decisions""}, {""subject"": ""wildfire event"", ""relation"": ""is_associated_with"", ""object"": ""long-term demographic change""}]","[""Environmental factors largely ignored in migration literature"", ""Limited understanding of wildfire role in location choices""]",Wildfire risk influences Australian migration decisions but ranks below economic and safety factors; devastating 2019/20 wildfires may increase future avoidance of high fire-risk regions.,medium,success
W2218399603,True,"[""direct_fire""]","[""other""]","[""outdoor_workers""]",experimental,[],not_specified,none,"[""IL-8 elevation"", ""IL-6 elevation"", ""IL-4 elevation"", ""pro-inflammatory cytokine response"", ""acute inflammatory stress""]",[],"[{""subject"": ""sleep restriction"", ""relation"": ""increases_risk_of"", ""object"": ""IL-8 elevation""}, {""subject"": ""simulated firefighting work"", ""relation"": ""causes"", ""object"": ""IL-6 elevation""}, {""subject"": ""simulated firefighting work"", ""relation"": ""causes"", ""object"": ""IL-4 elevation""}]","[""Whether IL-8 and IL-6 elevated following repeated deployments"", ""Chronic cytokine elevation effects across fire season""]","Sleep restriction combined with simulated firefighting increases inflammatory markers, particularly IL-8, raising concerns about repeated occupational stress.",medium,success
W4283737914,False,[],[],[],systematic_review,[],global,none,[],[],[],"[""Limited knowledge on meeting smallholders' needs outside certification"", ""Lack of recognition of small-scale agriculture advantages"", ""Knowledge gaps in resolving persistent smallholder challenges"", ""Need for research beyond productivity-focused approaches""]",Sustainable palm oil certification has limited positive impacts on smallholder welfare and leaves critical implementation gaps unaddressed.,high,success
W4360978603,False,[],[],[],other,[],not_specified,none,[],[],[],[],Migraine and tension-type headache impose significant disease burden in non-high-income East and Southeast Asia.,low,success
W4293419783,False,[],[],[],systematic_review,[],not_specified,none,[],[],[],[],Machine learning enables IoT systems to extract insights from sensor data and automate intelligent decision-making across multiple applications and industries.,low,success
W4401169767,False,"[""wildfire_smoke"", ""direct_fire""]",[],[],time_series,"[""Brazil""]",regional,none,[],[],"[{""subject"": ""wildfire event"", ""relation"": ""causes"", ""object"": ""greenhouse gas emissions""}, {""subject"": ""wildfire event"", ""relation"": ""causes"", ""object"": ""changes in fire regime""}, {""subject"": ""wildfire event"", ""relation"": ""causes"", ""object"": ""ecological transformation""}, {""subject"": ""farming expansion"", ""relation"": ""increases_risk_of"", ""object"": ""wildfire event""}]","[""Understanding of temporal fire dynamics across ecoregions""]","Fire regime in the Cerrado shifted from July-September to August-October peak, with increasing patch sizes and fire recurrence over four decades.",high,success
W4319298252,False,[],[],"[""low_income"", ""racial_minorities"", ""other""]",other,"[""Global South"", ""Africa"", ""Canada""]",global,explicit,[],"[""low socioeconomic status"", ""limited healthcare access"", ""gender inequality"", ""ethnic disparities"", ""social vulnerability""]",[],[],AI and big data analytics can address clinical public health needs in the Global South while addressing health equity and determinants of health.,low,success
W3176429360,True,"[""fire_weather"", ""other""]","[""other""]","[""indigenous"", ""low_income"", ""rural""]",qualitative,"[""India""]",local,explicit,[],"[""low socioeconomic status"", ""limited coping resources"", ""food insecurity"", ""limited healthcare access"", ""poor housing quality"", ""forced migration to wage labor"", ""limited access to indigenous foods""]","[{""subject"": ""wildfire event"", ""relation"": ""exacerbates"", ""object"": ""climate variability with erratic rainfall""}, {""subject"": ""wildfire event"", ""relation"": ""increases_risk_of"", ""object"": ""reduced crop productivity""}, {""subject"": ""wildfire event"", ""relation"": ""increases_risk_of"", ""object"": ""reduced agroforestry diversity""}, {""subject"": ""reduced crop productivity"", ""relation"": ""causes"", ""object"": ""household food insecurity""}, {""subject"": ""reduced agroforestry diversity"", ""relation"": ""causes"", ""object"": ""shifts to migratory wage labor""}, {""subject"": ""shifts to migratory wage labor"", ""relation"": ""causes"", ""object"": ""reduced dietary diversity""}]","[""impact of hybrid crops on indigenous food systems sustainability""]","Climate variability reduces crop productivity and agroforestry diversity, driving food insecurity and forced migration among Sauria Paharia indigenous farmers.",high,success
W2992212698,False,[],[],[],other,[],not_specified,none,[],[],[],[],Earth scientists studying climate change experience emotional stressors requiring support resources.,low,success
W2044471440,False,[],[],[],other,"[""United States""]",national,none,[],"[""bureaucratic regulations"", ""institutional barriers"", ""risk-averse culture"", ""decline in field education"", ""fear of nature""]",[],[],"Field mammalogy research is threatened by bureaucratic, institutional, and social barriers that may paradoxically undermine disease prevention goals.",low,success
W3024681671,False,[],[],[],other,"[""United States""]",not_specified,none,[],"[""equitable access to essential services"", ""food access"", ""healthcare access"", ""educational access"", ""infrastructure restoration"", ""community resilience""]",[],"[""operationalizing community resilience remains challenging"", ""current approaches lack actionable insight for essential services""]","Community resilience should be reframed around equitable access to essential services including food, healthcare, education, and infrastructure.",low,success
W3157544488,False,[],[],[],systematic_review,"[""Qatar"", ""Oman"", ""Jordan"", ""Egypt"", ""Morocco""]",regional,none,[],[],[],"[""Disaster management remains disproportionately unexplored in Arab world"", ""Limited understanding of cultural barriers to emergency preparedness""]","Arab countries face disaster management challenges from social, economic, and political vulnerabilities requiring improved community engagement and preparedness.",medium,success
W3028226478,True,"[""direct_fire"", ""wildfire_smoke""]","[""respiratory"", ""other""]","[""general""]",time_series,"[""Brazil""]",national,none,[],[],"[{""subject"": ""wildfire event"", ""relation"": ""is_associated_with"", ""object"": ""respiratory diseases""}, {""subject"": ""wildfire event"", ""relation"": ""is_associated_with"", ""object"": ""malaria""}, {""subject"": ""wildfire event"", ""relation"": ""is_associated_with"", ""object"": ""leishmaniasis""}, {""subject"": ""drought period"", ""relation"": ""exacerbates"", ""object"": ""fire outbreak""}]","[""Mechanisms linking fires to disease transmission unclear""]","Spatial-temporal correlations identified between fire occurrences and respiratory diseases, malaria, and leishmaniasis in Brazil, strongest during drought periods.",medium,success
W2509229213,False,[],[],[],experimental,[],not_specified,none,[],[],[],[],"Low-threshold seeds produce better-performing seedlings under competitive conditions, supporting maintenance of cryptic seed heteromorphism in fire-prone ecosystems.",high,success
W4390273728,False,[],[],[],other,[],not_specified,none,[],[],[],[],"Supply chains must adopt regenerative principles (proportionality, reciprocity, poly-rhythmicity) to address climate, biodiversity, and inequity crises.",low,success
W2946675321,True,"[""wildfire_smoke""]","[""other""]","[""general""]",qualitative,"[""Australia""]",local,implicit,[],"[""awareness gaps"", ""preparedness capacity"", ""adaptive capacity""]","[{""subject"": ""wildfire event"", ""relation"": ""increases_risk_of"", ""object"": ""health risks""}]","[""efficacy of trialled public policy""]",New policies narrow awareness-preparedness gap and build adaptive capacity to reduce health risks from bushfires.,low,success
W3090302585,False,[],[],[],other,"[""Germany""]",national,none,[],[],[],[],Large-scale flood risk awareness campaigns showed limited effectiveness in changing household protection or insurance behavior.,high,success
W2883910134,False,"[""direct_fire""]",[],[],cross_sectional,"[""Ghana""]",local,none,[],[],[],[],Late dry season burning reduces tree diversity and density more than early burning or non-burning in Guinea savanna woodland.,high,success
W3089880770,False,[],[],"[""low_income"", ""rural"", ""other""]",cross_sectional,"[""Bangladesh""]",local,implicit,[],"[""livelihood diversification"", ""seasonal migration"", ""land use change"", ""environmental hazards exposure"", ""religious minority status""]",[],[],Livelihood diversification through shrimp farming enables long-term non-migration in coastal Bangladesh communities.,medium,success
W2574755614,True,"[""direct_fire""]","[""other""]","[""outdoor_workers""]",cross_sectional,"[""Canada""]",local,none,"[""energy expenditure"", ""heart rate variability""]","[""occupational demands"", ""nutrition access""]","[{""subject"": ""wildfire event"", ""relation"": ""causes"", ""object"": ""physiological energy demands""}, {""subject"": ""wildfire event"", ""relation"": ""is_associated_with"", ""object"": ""nutritional inadequacy""}]","[""Need for improved food practices during fire deployments"", ""Physical fitness maintenance strategies required""]","FireRangers expend highest energy during initial attack deployments, requiring targeted fitness and nutrition interventions.",medium,success
W4401511055,False,[],[],"[""children""]",systematic_review,"[""United States""]",national,explicit,[],"[""economic recessions"", ""job loss"", ""family disruption"", ""socioeconomic status""]",[],[],Disruptive events affect children heterogeneously; impacts vary significantly across different population groups.,medium,success
W4387377398,False,"[""fire_weather""]",[],[],systematic_review,[],global,none,[],[],[],"[""Insufficient understanding of climate change impact on beekeeping"", ""Lack of inclusive strategy for beekeeping adaptation"", ""Mitigation measures for beekeeping inadequately understood""]",Climate change will increase colony losses and reduce beekeeper income; comprehensive adaptation strategy is needed.,medium,success
W4386303381,True,"[""heat_stress""]","[""other""]","[""outdoor_workers""]",qualitative,"[""Canada""]",national,implicit,[],"[""occupational exposure"", ""workplace conditions"", ""work type variability""]","[{""subject"": ""heat stress"", ""relation"": ""causes"", ""object"": ""heat-related illnesses""}, {""subject"": ""heat stress"", ""relation"": ""causes"", ""object"": ""work cancellations""}, {""subject"": ""heat stress"", ""relation"": ""causes"", ""object"": ""work modifications""}]","[""Limited understanding of cascading workplace impacts"", ""Need for occupational health surveillance beyond compensation claims""]",The 2021 Heat Dome impacted 52 occupations with diverse health and safety effects ranging from work cancellations to heat-related illnesses.,medium,success
W2989120639,False,[],[],[],modelling,"[""United States""]",regional,none,[],[],[],[],Solar and wind energy penetration enhances drought resilience and groundwater sustainability in California's water-food-energy nexus.,medium,success
W3033918420,False,[],[],[],other,[],not_specified,none,[],[],[],[],Protocol for text messaging mental health intervention during COVID-19 pandemic.,low,success
W2738925162,False,[],[],[],other,[],not_specified,none,[],[],[],[],"Advances in nutrition science, microbiome understanding, and sensor technologies can improve livestock production sustainability globally.",low,success
W4393057123,False,[],[],[],other,[],not_specified,none,[],[],[],[],"Heavy metal stress disrupts plant biosynthetic pathways and secondary metabolite production, compromising medicinal plant therapeutic potential.",low,success
W3216343339,False,[],[],[],other,[],not_specified,none,[],[],[],[],"Four conceptual frameworks—risk society, biopolitics, political ecology, and justice—provide theoretical rigour for examining global tourism crises.",low,success
W3217158428,False,[],[],[],systematic_review,"[""Bangladesh""]",national,none,[],[],[],"[""Evidence gap for urban green infrastructure effectiveness"", ""Short-term trade-offs between NbS and local needs poorly understood"", ""Systematic monitoring of NbS project outcomes needed""]","Nature-based solutions in Bangladesh effectively reduce disaster exposure and climate impacts while supporting sustainable development, if well-designed and properly governed.",medium,success
W4385580713,True,"[""PM2.5"", ""other""]","[""neurological""]","[""general"", ""elderly""]",cohort,"[""United Kingdom""]",national,implicit,"[""neuroinflammation"", ""neurodegeneration""]",[],"[{""subject"": ""PM2.5"", ""relation"": ""increases_risk_of"", ""object"": ""all-cause dementia""}, {""subject"": ""PM2.5"", ""relation"": ""increases_risk_of"", ""object"": ""Alzheimer's disease""}, {""subject"": ""NOx"", ""relation"": ""increases_risk_of"", ""object"": ""all-cause dementia""}, {""subject"": ""NOx"", ""relation"": ""increases_risk_of"", ""object"": ""Alzheimer's disease""}]",[],PM2.5 and NOx exposure increase risk of all-cause dementia and Alzheimer's disease in UK Biobank participants.,high,success
W4366742339,False,"[""wildfire_smoke""]",[],"[""general""]",cross_sectional,"[""United States""]",local,none,[],"[""community social networks"", ""access to information sources"", ""climate change concern"", ""experiential harm exposure""]",[],[],Higher experienced harm and climate change concern predict greater disaster preparedness and community helping behaviours after wildfires.,medium,success
W4389832881,True,"[""wildfire_smoke"", ""PM2.5""]","[""respiratory"", ""other""]","[""general"", ""children"", ""elderly"", ""low_income""]",other,"[""United States""]",local,explicit,"[""airway inflammation"", ""skin inflammation"", ""allergic sensitization""]","[""low socioeconomic status"", ""vulnerable age groups""]","[{""subject"": ""wildfire smoke"", ""relation"": ""causes"", ""object"": ""PM2.5 elevation""}, {""subject"": ""wildfire smoke"", ""relation"": ""causes"", ""object"": ""CO elevation""}, {""subject"": ""PM2.5"", ""relation"": ""causes"", ""object"": ""skin inflammation""}, {""subject"": ""PM2.5"", ""relation"": ""causes"", ""object"": ""airway inflammation""}, {""subject"": ""wildfire smoke"", ""relation"": ""exacerbates"", ""object"": ""atopic dermatitis flares""}]","[""Limited evidence on skin-specific impacts of wildfire smoke""]","Wildfire smoke containing PM2.5 and CO triggers airway and skin inflammation, disproportionately affecting vulnerable populations.",low,success
W4212788308,True,"[""PM2.5"", ""other""]","[""neurological""]","[""children""]",cross_sectional,"[""Malaysia""]",local,explicit,"[""DNA damage"", ""oxidative stress""]","[""traffic pollution exposure"", ""urban area residence""]","[{""subject"": ""wildfire smoke"", ""relation"": ""causes"", ""object"": ""PM2.5""}, {""subject"": ""PM2.5"", ""relation"": ""causes"", ""object"": ""PAH exposure""}, {""subject"": ""PAH exposure"", ""relation"": ""causes"", ""object"": ""DNA damage""}]","[""relationship between PAH exposure and genomic integrity in children requires further investigation""]",Children in heavy traffic areas showed significantly greater DNA damage associated with higher PAH exposure than low traffic areas.,high,success
W3113170194,True,"[""other""]","[""respiratory"", ""other""]","[""outdoor_workers""]",cohort,[],not_specified,none,"[""oxidative stress"", ""malondialdehyde elevation"", ""DNA damage markers"", ""airway inflammation""]",[],"[{""subject"": ""nanoparticle exposure"", ""relation"": ""causes"", ""object"": ""oxidative stress""}, {""subject"": ""oxidative stress"", ""relation"": ""is_associated_with"", ""object"": ""malondialdehyde elevation""}, {""subject"": ""oxidative stress"", ""relation"": ""is_associated_with"", ""object"": ""DNA damage""}, {""subject"": ""nanoparticle exposure"", ""relation"": ""is_associated_with"", ""object"": ""respiratory disease risk""}]","[""biomarkers for nanoparticle exposure monitoring urgently needed"", ""potential late health effects require targeting""]","Nanocomposite workers show elevated oxidative stress biomarkers in exhaled breath condensate and plasma, suggesting chronic health effects.",high,success
W4392931032,False,"[""wildfire_smoke""]",[],[],modelling,"[""Europe""]",regional,none,[],[],[],[],"Up to 12% of Europe's forest ecosystem services are at risk from disturbances including wildfires, with soil erosion control most threatened.",medium,success
W2866815595,False,"[""fire_weather""]",[],[],cross_sectional,"[""Brazil""]",regional,none,[],[],[],"[""No field studies of ENSO drought on adult cocoa trees in Americas""]",ENSO-related drought caused 15% cocoa tree mortality and 89% yield loss in Brazilian agroforests.,high,success
W2740973237,False,"[""fire_weather""]",[],[],modelling,"[""Portugal""]",local,none,[],[],[],[],"Fire risk integration into forest management models enables calculation of fire susceptibility, vulnerability and damage under multiple climatic scenarios.",medium,success
W2068875301,False,[],[],[],modelling,"[""United States""]",local,none,[],[],[],[],Anisotropic path modeling shows thousands in Long Beach Peninsula cannot reach safety before tsunami arrival; elevation data resolution most critical.,high,success
W4386742891,False,"[""direct_fire""]",[],[],modelling,[],not_specified,none,[],[],[],[],"Building-block-level fire risk assessment integrating hazard modelling, vulnerability assessment, and field validation improves fire management in peri-urban areas.",medium,success
W4247676638,True,"[""PM2.5"", ""fire_weather"", ""other""]","[""respiratory"", ""other""]","[""general""]",systematic_review,[],global,none,"[""airway inflammation"", ""allergenic potential modification"", ""lung function decrease"", ""oxidative stress""]","[""urban air pollution exposure"", ""motor vehicle emissions"", ""climate change vulnerability"", ""meteorological conditions""]","[{""subject"": ""wildfire event"", ""relation"": ""is_associated_with"", ""object"": ""air pollution patterns""}, {""subject"": ""air pollution"", ""relation"": ""causes"", ""object"": ""PM2.5""}, {""subject"": ""PM2.5"", ""relation"": ""increases_risk_of"", ""object"": ""asthma morbidity""}, {""subject"": ""PM2.5"", ""relation"": ""increases_risk_of"", ""object"": ""allergic respiratory diseases""}, {""subject"": ""air pollution"", ""relation"": ""exacerbates"", ""object"": ""allergenic potential of pollens""}, {""subject"": ""climate change"", ""relation"": ""increases_risk_of"", ""object"": ""asthma exacerbation""}]","[""underlying mechanisms of interactions not well known"", ""laboratory evaluations do not reflect natural exposition"", ""individual response variability poorly understood""]",Climate change and air pollution interact to increase asthma and allergic disease prevalence globally through altered allergen patterns and atmospheric accumulation.,medium,success
W2783545249,True,"[""other""]","[""mental_health""]","[""general""]",qualitative,"[""global""]",global,none,[],"[""climate change"", ""healthcare system capacity"", ""professional training""]","[{""subject"": ""climate change"", ""relation"": ""increases_risk_of"", ""object"": ""mental_health disorders""}]","[""How to implement mitigation in mental health services"", ""Adaptation strategies for psychiatry"", ""Integration of sustainability in psychiatric training""]","Climate change poses a severe threat to global mental health; psychiatrists should implement mitigation, adaptation, and sustainability training.",low,success
W2969074426,False,[],[],[],qualitative,"[""New Zealand""]",local,none,[],[],[],[],Social-ecological inventory framework applied to 2016 Kaikōura earthquake postdisaster context.,low,success
W3202081462,False,[],[],[],qualitative,[],not_specified,none,[],[],[],[],Incorporating social values into community project planning improves policy outcomes.,low,success
W4213388879,False,[],[],[],qualitative,"[""India""]",regional,none,[],[],[],[],"Himalayan communities perceive climate change as reducing rainfall predictability, altering land-use, damaging forests, and decreasing harvests.",medium,success
W2131415853,False,[],[],"[""rural"", ""general""]",cross_sectional,"[""United States""]",local,none,[],[],[],[],"North-central Arizona residents broadly support ecological restoration, though rural populations emphasize fire risk reduction over broader ecosystem goals.",medium,success
W4390814788,False,[],[],[],systematic_review,[],global,none,[],[],[],"[""Implementation challenges of AI in forestry and biodiversity""]","AI and machine learning enhance forest management and biodiversity conservation through surveillance, administration, and resource preservation globally.",medium,success
W3100159783,True,"[""fire_weather""]","[""other""]","[""general""]",other,"[""Brazil""]",regional,none,[],"[""rainforest degradation"", ""climate change"", ""urbanization""]","[{""subject"": ""wildfire event"", ""relation"": ""exacerbates"", ""object"": ""rainforest degradation""}, {""subject"": ""rainforest degradation"", ""relation"": ""increases_risk_of"", ""object"": ""mosquito-borne disease spread""}, {""subject"": ""extreme weather events"", ""relation"": ""increases_risk_of"", ""object"": ""mosquito-borne disease transmission""}]",[],"Rainforest degradation and extreme weather events increase spread of dengue, chikungunya, and Zika in urbanized Amazon regions.",low,success
W2796369838,False,[],[],[],qualitative,[],not_specified,none,[],[],[],"[""Public communication and risk perception on social media understudied""]","Reddit users perceived Zika risks multidimensionally, including virus-related and management-measure risks across temporal and geographical scales.",medium,success
W2888821530,False,[],[],[],other,[],global,none,[],[],[],"[""More inclusive and appropriate GI integration with grey infrastructure needed"", ""Context-specific GI implementation strategies require further development""]","Green infrastructure enhances urban resilience through social-ecological-technical integration, though implementation challenges in standards, regulation, and financing persist.",medium,success
W4391656550,False,[],[],[],systematic_review,[],global,none,[],[],[],"[""Knowledge gaps in understanding climate adaptation needs"", ""Capacity gaps in implementing adaptation strategies globally"", ""Finance gaps in funding adaptation efforts"", ""Gender equality and social inclusion in adaptation"", ""Loss and damage assessment and response frameworks""]","Global climate change adaptation efforts face significant gaps in finance, capacity, and knowledge despite progress in agreements and initiatives.",medium,success
W3037622680,False,[],[],[],cross_sectional,"[""Pakistan"", ""Bangladesh""]",local,none,[],[],[],"[""Community awareness and sensitisation needed"", ""Emergency toolkit availability in poor localities""]","South Asian urban residents show low climate change perception and mitigation motivation, with higher income and education enabling adaptive behaviour.",medium,success
W3107564445,True,[],"[""mental_health""]","[""general"", ""low_income""]",cross_sectional,"[""Hong Kong""]",local,explicit,[],"[""low socioeconomic status"", ""income loss"", ""perceived social isolation"", ""lack of social trust"", ""weak sense of belonging""]","[{""subject"": ""lack of perceived interpersonal trust"", ""relation"": ""is_associated_with"", ""object"": ""probable depression""}, {""subject"": ""lack of perceived sense of belonging"", ""relation"": ""is_associated_with"", ""object"": ""probable depression""}, {""subject"": ""lack of perceived social harmony"", ""relation"": ""is_associated_with"", ""object"": ""probable depression""}, {""subject"": ""low social capital"", ""relation"": ""increases_risk_of"", ""object"": ""probable depression""}]",[],Low social capital and income loss are associated with increased depression risk and reduced preventive health behaviors.,high,success
W3004959679,False,[],[],[],cross_sectional,[],not_specified,none,[],[],[],[],"Traditional meat goat farming provides ecosystem services but lacks economic recognition, threatening farm sustainability.",medium,success
W4385199045,True,"[""fire_weather"", ""other""]","[""mental_health"", ""mortality""]","[""general""]",modelling,[],global,none,[],[],"[{""subject"": ""wildfire event"", ""relation"": ""increases_risk_of"", ""object"": ""mental health morbidity""}, {""subject"": ""wildfire event"", ""relation"": ""increases_risk_of"", ""object"": ""mortality""}]","[""Evidence linking climate change to mental health"", ""Development of evidence-based interventions""]",Climate-related mental health costs are high and increasing; evidence-based interventions are needed.,low,success
W4399388419,False,"[""fire_weather""]",[],"[""indigenous"", ""rural""]",qualitative,"[""Ecuador""]",regional,none,[],"[""traditional ecological knowledge"", ""community fire management practices"", ""cultural practices integration""]",[],[],"Traditional fire knowledge aligns with climatic conditions and low-severity fires, supporting ecosystem-inclusive fire management.",medium,success
W4393152951,False,[],[],[],other,[],global,none,[],[],[],"[""Science and policy tasks needed to operationalize CSS assessment""]",Incorporating Complex Systems Science concepts into ecosystem restoration project cycles can improve restoration outcomes.,medium,success
W2248880694,False,[],[],[],other,[],not_specified,none,[],[],[],[],"Satellite communications enable Internet of Remote Things through interoperability, IPv6 support, and resource management.",low,success
W3025212406,False,[],[],[],systematic_review,"[""United States""]",regional,none,[],[],[],"[""Further research on drivers of historical forests needed"", ""Continual re-evaluation of forest change drivers required""]",Fire exclusion best explains transition from open oak-pine forests to closed forests in eastern United States.,high,success
W4396224503,True,"[""wildfire_smoke"", ""direct_fire""]","[""other""]","[""racial_minorities"", ""low_income"", ""indigenous"", ""children""]",cross_sectional,"[""United States""]",regional,explicit,[],"[""low socioeconomic status"", ""poverty"", ""limited education"", ""racial disparities"", ""housing cost burden"", ""tribal community status""]","[{""subject"": ""wildfire smoke"", ""relation"": ""increases_risk_of"", ""object"": ""health harm in exposed communities""}, {""subject"": ""wildfire event"", ""relation"": ""is_associated_with"", ""object"": ""property damage""}, {""subject"": ""wildfire event"", ""relation"": ""exacerbates"", ""object"": ""health impacts in low socioeconomic status communities""}]","[""Need for identifying communities at increased wildfire risk with sociodemographic disparities""]","Southeastern North Carolina communities with high wildfire hazard potential are disproportionately populated by low-income, non-white, and indigenous residents.",high,success
W2883526947,False,[],[],[],modelling,"[""Canada""]",regional,none,[],[],[],[],Species distribution models accurately predicted 69% of bird species responses to land-use changes over 30 years in southern Quebec.,high,success
W4384825985,False,"[""fire_weather""]",[],[],modelling,"[""United States""]",local,none,[],[],"[{""subject"": ""wildfire event"", ""relation"": ""is_associated_with"", ""object"": ""climate change""}, {""subject"": ""wildfire event"", ""relation"": ""is_associated_with"", ""object"": ""population growth""}, {""subject"": ""wildfire event"", ""relation"": ""is_associated_with"", ""object"": ""periurban development""}]","[""How WUI communities assess alternative risk management approaches"", ""Feedbacks between wildfire and social-ecological processes""]",Agent-based modelling reveals unexpected stabilizing feedbacks from treatment costs that reduced effectiveness of risk responses in fire-prone WUI landscapes.,high,success
W4386346853,False,[],[],[],other,[],global,none,[],[],[],"[""health costs rarely incorporated into climate economic models""]",Aligning health and environmental policy across borders can promote both environmental and human health outcomes.,low,success
W4404857719,False,[],[],[],other,"[""Australia""]",regional,none,[],[],[],[],"Koala populations in eastern Australia show low genomic diversity and high inbreeding, particularly in isolated coastal regions, requiring habitat protection and active management.",medium,success
W4389308028,False,[],[],[],systematic_review,"[""Sub-Saharan Africa""]",regional,none,[],[],[],"[""More research on climate change adaptation mechanisms needed""]",Agriculture and energy use drive GHG emissions in SSA; sustainable land use and energy strategies are essential for climate adaptation.,medium,success
W2085202611,False,[],[],[],other,[],not_specified,none,[],[],[],[],Island endemic Guadalupe cypress shows higher plastid DNA diversity than continental Tecate cypress counterpart.,medium,success
W4380361158,True,"[""wildfire_smoke"", ""direct_fire""]","[""respiratory"", ""other""]","[""general""]",time_series,"[""United States""]",regional,none,"[""coccidioidomycosis infection""]",[],"[{""subject"": ""wildfire event"", ""relation"": ""increases_risk_of"", ""object"": ""coccidioidomycosis incidence""}, {""subject"": ""wildfire event"", ""relation"": ""is_associated_with"", ""object"": ""Coccidioides spp. aerosolization""}]","[""field studies examining Coccidioides spp. in soils and air pre- and post-wildfires"", ""mechanisms linking wildfires to coccidioidomycosis transmission""]","Limited evidence that wildfires drive coccidioidomycosis increases in general population, but large fires in endemic regions may increase incidence.",high,success
W4300484543,False,"[""wildfire_smoke""]",[],[],modelling,[],not_specified,none,[],[],[],[],"Artificial Bee Colony algorithm optimizes drone coverage for bushfire-affected regions, improving area coverage by 30% at 121 m height.",medium,success
W1595037344,False,[],[],[],modelling,[],not_specified,none,[],[],[],[],Environmental variance is favored under strong fluctuating selection; genetic polymorphism emerges with asymmetric selective optima distributions.,high,success
W4402990069,True,"[""PM2.5"", ""heat_stress""]","[""respiratory"", ""cardiovascular"", ""other""]","[""outdoor_workers"", ""rural""]",cross_sectional,"[""Guatemala""]",local,implicit,"[""airway inflammation"", ""oxidative stress"", ""heat-induced physiological stress""]","[""occupational exposure in agriculture"", ""limited access to pollution controls"", ""rural residential setting"", ""low socioeconomic status""]","[{""subject"": ""wildfire smoke"", ""relation"": ""causes"", ""object"": ""PM2.5""}, {""subject"": ""PM2.5"", ""relation"": ""increases_risk_of"", ""object"": ""respiratory health effects""}, {""subject"": ""heat_stress"", ""relation"": ""exacerbates"", ""object"": ""PM2.5-related health impacts""}]","[""Research needs to consider individual-level exposures at both work and home""]","Female sugarcane workers in Guatemala experienced 3.6-fold higher personal PM2.5 exposure during workdays (271 μg/m³) concurrent with extreme heat (39.4°C), with elevated exposure persisting in residential settings.",high,success
W4220731029,False,[],[],[],systematic_review,"[""Brazil""]",regional,none,[],[],[],"[""Human influence on savanna dynamics remains uncertain"", ""Little known about human activities effects on ecosystem diversity""]",Indigenous management practices create and maintain tropical savanna ecosystem diversity through ten distinct management strategies.,high,success
W4399304352,False,[],[],"[""low_income""]",systematic_review,"[""Sub-Saharan Africa""]",global,implicit,[],"[""poverty"", ""socioeconomic inequality"", ""limited economic resources""]",[],"[""inconclusive evidence on climate change impacts on inequality""]","Higher temperatures consistently increase poverty, especially in Sub-Saharan Africa, with larger short-term impacts on chronic poverty.",high,success
W2593065871,False,"[""PM2.5""]",[],[],time_series,"[""Pakistan""]",local,none,[],[],[],[],PM2.5 concentrations in Lahore show strong seasonal variation with winter peaks and significant correlations with traffic and industrial sources.,high,success
W2987663599,False,[],[],[],qualitative,"[""Brazil""]",local,none,[],[],[],[],Fire management perceptions differ between quilombolas and environmental managers regarding fire normativity in Brazilian savanna.,medium,success
W4297968758,False,[],[],[],other,"[""global""]",global,none,[],"[""climate change"", ""disease outbreaks"", ""armed conflict"", ""food system disruption""]",[],[],"Climate change, COVID-19, and conflict threaten food security and nutrition globally; systemic change required.",low,success
W2107891236,False,[],[],[],cross_sectional,"[""Eswatini""]",local,none,[],[],[],[],"Household adaptation strategy choices are significantly influenced by age, occupation, social group membership, land access, credit availability, and climate change perceptions.",medium,success
W4210384655,True,"[""displacement"", ""other""]","[""mental_health""]","[""general"", ""other""]",qualitative,[],not_specified,explicit,[],"[""disaster-related trauma"", ""limited mental health support"", ""displacement from community"", ""resource scarcity"", ""social disruption""]","[{""subject"": ""wildfire event"", ""relation"": ""causes"", ""object"": ""trauma and mental health impacts""}, {""subject"": ""community trauma"", ""relation"": ""exacerbates"", ""object"": ""impaired engagement in recovery planning""}, {""subject"": ""re-traumatization during recovery planning"", ""relation"": ""exacerbates"", ""object"": ""mental health outcomes""}]","[""Lack of trauma-informed training for recovery practitioners"", ""Limited understanding of disaster mental health impacts on community engagement""]",Disaster-affected communities experience trauma that impedes recovery planning; trauma-informed approaches can facilitate healing and reduce re-traumatization.,medium,success
W1983470045,False,[],[],[],qualitative,"[""Bangladesh""]",local,none,[],[],[],[],Cohesive social groups and spatial proximity facilitate rainwater harvesting technology adoption in coastal Bangladesh through hearing and observation.,medium,success
W4200341495,False,[],[],"[""indigenous""]",qualitative,"[""Canada""]",national,explicit,[],"[""indigenous sovereignty"", ""colonial land dispossession"", ""extractive capitalism"", ""limited jurisdictional authority"", ""systemic underinvestment in indigenous governance""]",[],"[""implementation mechanisms for IPCAs within extractivist state structures""]",Indigenous Protected Areas represent paradigm shifts toward Indigenous-led conservation but face undermining from extractive development and jurisdictional inconsistencies.,medium,success
W2971683538,False,[],[],[],qualitative,"[""Brazil""]",regional,none,[],[],[],"[""National government does not monitor local climate actions"", ""Unclear how local urban policy aligns with climate action"", ""Policy implementation yet to be realized""]",Brazilian cities incorporate climate issues in planning but emphasize adaptation over mitigation with limited implementation.,medium,success
W4390796822,False,[],[],[],other,[],global,none,[],[],[],[],"Gene-editing technologies may contribute to addressing food security, climate change, and biodiversity challenges through appropriate regulatory frameworks.",low,success
W4283377124,False,[],[],[],cross_sectional,"[""Pakistan""]",local,explicit,[],"[""low socioeconomic status"", ""illiteracy"", ""weak financial capacity"", ""large household size"", ""high proportion of elderly"", ""high proportion of children"", ""gender inequality""]",[],[],Rural households in southern Charsadda District show highest vulnerability where high flood exposure and social vulnerability indicators converge.,high,success
W2794169666,True,"[""PM2.5"", ""other""]","[""neurological"", ""other""]","[""children""]",systematic_review,"[""global""]",global,explicit,"[""neuroinflammation"", ""neurodegeneration"", ""breakdown of blood-brain barrier"", ""toxic particle translocation""]","[""urban air pollution exposure"", ""socioeconomic disparities in pollution""]","[{""subject"": ""urban outdoor air pollution"", ""relation"": ""causes"", ""object"": ""neuroinflammation""}, {""subject"": ""urban outdoor air pollution"", ""relation"": ""causes"", ""object"": ""impaired cognitive development""}, {""subject"": ""urban outdoor air pollution"", ""relation"": ""causes"", ""object"": ""memory deficits""}, {""subject"": ""urban outdoor air pollution"", ""relation"": ""causes"", ""object"": ""executive function impairment""}, {""subject"": ""urban outdoor air pollution"", ""relation"": ""causes"", ""object"": ""emotional regulation problems""}, {""subject"": ""urban outdoor air pollution"", ""relation"": ""increases_risk_of"", ""object"": ""neurodegenerative disease""}, {""subject"": ""neuroinflammation"", ""relation"": ""causes"", ""object"": ""early neurodegenerative processes""}]","[""gaps in current scientific knowledge regarding mechanisms"", ""challenges in translating evidence to policy""]","Urban air pollution exposure in childhood impairs brain development across cognitive, emotional, and structural domains and increases neurodegeneration risk.",medium,success
W3043058483,False,[],[],"[""indigenous""]",cross_sectional,"[""Australia""]",national,explicit,[],"[""low socioeconomic status"", ""remote geographic location"", ""indigenous land ownership""]",[],"[""few studies on spatial distribution of investment"", ""extent to which co-benefits address socio-economic disadvantage""]","Indigenous land management investment concentrated in disadvantaged remote areas with high Indigenous populations, addressing multiple socio-economic co-benefits.",high,success
W4309744076,True,"[""other""]","[""other""]","[""other""]",other,[],global,explicit,[],"[""structural disadvantage"", ""limited healthcare access"", ""environmental injustice""]",[],"[""Long-term health consequences of natural disasters unclear"", ""Limited understanding of impacts among vulnerable groups"", ""Need for life-course health surveillance framework"", ""Lack of implementation science intervention studies""]",Long-term health effects of natural disasters remain understudied; urgent research agenda needed focusing on vulnerable populations and structural factors.,low,success
W4402089361,False,[],[],[],other,[],not_specified,none,[],[],[],[],PRISM implementation science framework has evolved across 200+ publications with increased focus on accessibility and health equity.,low,success
W2062295184,False,[],[],[],other,"[""Canada""]",national,none,[],[],[],[],Assisted migration is ecologically feasible for Canadian forest trees if constraints are managed carefully.,medium,success
W4400241832,True,"[""wildfire_smoke""]","[""other""]","[""children"", ""general""]",experimental,[],not_specified,implicit,[],"[""health communication effectiveness"", ""parental risk perception"", ""public health messaging""]","[{""subject"": ""wildfire smoke"", ""relation"": ""increases_risk_of"", ""object"": ""children's health effects""}, {""subject"": ""wildfire smoke"", ""relation"": ""is_associated_with"", ""object"": ""parental worry""}, {""subject"": ""high-risk AQI infographics"", ""relation"": ""increases_risk_of"", ""object"": ""parental action intentions""}, {""subject"": ""AQHI index format"", ""relation"": ""mediates"", ""object"": ""parental risk perception at moderate levels""}]","[""How parents respond to Air Quality Indices"", ""Effectiveness of different index formats for risk communication""]",AQHI infographics may better attune parents to moderate wildfire smoke risk to children than standard AQI formats.,high,success
W4280518766,True,"[""fire_weather"", ""heat_stress"", ""other""]","[""respiratory"", ""cardiovascular"", ""mental_health"", ""mortality"", ""other""]","[""general"", ""children"", ""elderly"", ""other""]",qualitative,[],global,implicit,[],"[""healthcare preparedness"", ""health sector capacity""]",[],[],Commentary summarises health impacts of extreme climate events and recommends health sector preparedness measures.,low,success
W2791585943,False,[],[],[],cross_sectional,"[""United States""]",regional,none,[],"[""media exposure frequency"", ""interpersonal communication patterns"", ""risk amplification by information sources""]",[],[],"Fear of Zika increased with personal relevance, media exposure frequency, and interpersonal communication among US women.",medium,success
W2035216962,True,"[""other""]","[""other""]","[""general""]",qualitative,"[""United States"", ""Europe"", ""Americas""]",global,none,[],"[""global warming"", ""land use changes"", ""water management changes"", ""increased travel"", ""animal trade""]","[{""subject"": ""global change"", ""relation"": ""increases_risk_of"", ""object"": ""bluetongue emergence""}, {""subject"": ""global change"", ""relation"": ""increases_risk_of"", ""object"": ""West Nile fever emergence""}, {""subject"": ""global warming"", ""relation"": ""exacerbates"", ""object"": ""arboviral disease distribution""}, {""subject"": ""land use changes"", ""relation"": ""exacerbates"", ""object"": ""arboviral disease distribution""}]","[""Contribution of global changes to disease increase unclear"", ""Relative importance of different global change factors unknown""]",Global change factors including warming and land use changes have likely contributed to emergence of bluetongue and West Nile fever as global diseases.,medium,success
W4224212063,True,"[""PM2.5""]","[""mortality""]","[""general""]",cohort,"[""Thailand""]",regional,none,[],[],"[{""subject"": ""PM2.5"", ""relation"": ""increases_risk_of"", ""object"": ""mortality in lung cancer patients""}]",[],Higher residential PM2.5 concentrations independently associated with increased mortality risk in lung cancer patients.,high,success
W4200356686,False,[],[],[],experimental,[],not_specified,none,[],[],[],"[""Mechanisms regulating dormancy in physiologically dormant species"", ""Fire seasonality sensitivity of germination processes"", ""Integration with fire management frameworks needed""]","Fire seasonality, dormancy cycling, temperature cues, and moisture availability mediate post-fire germination in physiologically dormant plant species.",high,success
W3012286253,False,"[""PM2.5""]",[],[],time_series,"[""Turkey""]",local,none,[],[],[],[],Harmonic regression model forecasts PM10 levels in Ankara more accurately than ARIMA models without parameter estimation.,medium,success
W2461616610,False,[],[],[],cross_sectional,"[""Brazil""]",regional,none,[],[],[],"[""implications for ecological functions and services unknown""]","Land use intensification increased soil bacterial diversity but shifted community composition, potentially affecting ecological functions.",high,success
W2749354405,False,[],[],[],other,"[""Brazil""]",regional,none,[],[],[],[],Study examines socioeconomic and environmental factors driving land-use persistence in Brazilian Amazon.,low,success
W1957345001,False,[],[],[],other,"[""Spain""]",local,none,[],[],[],"[""Effects of exotic gene flow remain largely unexamined"", ""Early viability differences across parental cross types unclear""]",Exotic gene flow detected in pine relicts but early seedling viability differences across cross-types remain inconclusive.,medium,success
W4401898161,False,[],[],[],qualitative,"[""United States""]",regional,none,[],[],[],[],Managers identify institutional coordination and community engagement as key opportunities and barriers to prescribed fire implementation in mid-Atlantic region.,medium,success
W2117504631,False,[],[],[],qualitative,"[""United Kingdom""]",national,none,[],[],[],[],Volunteer naturalists' participation in biodiversity action planning constitutes nascent environmental citizenship through knowledge exchange.,medium,success
W3017023538,False,[],[],[],other,[],not_specified,none,[],[],[],[],"COVID-19 disruption tests food system resilience through innovation and reorganization in delivery, production, and consumption patterns.",low,success
W2884487681,False,[],[],[],other,[],not_specified,none,[],[],[],[],"Ancient lakes face multiple anthropogenic threats including warming, eutrophication, and species introductions that threaten biodiversity and ecosystem integrity.",medium,success
W4323316988,False,[],[],[],other,"[""United States"", ""Australia""]",regional,none,[],[],[],[],UAS with air quality sensors can detect early wildfires while optimizing battery life to cover broad areas.,low,success
W2102112228,False,[],[],[],other,"[""Netherlands""]",global,none,[],[],[],[],"Climate change increases extreme weather frequency and severity, creating significant economic losses and insurance sector risks.",low,success
W4280623699,False,[],[],[],systematic_review,[],not_specified,none,[],[],[],"[""Limited literature on conceptualizing participation"", ""Participation strategies need greater transparency"", ""Frameworks must be more context-sensitive""]","Participatory approaches enhance resilience through multi-stakeholder cooperation and capacity building, but require more transparent and inclusive frameworks.",medium,success
W2810284880,False,[],[],"[""indigenous""]",qualitative,[],not_specified,none,[],"[""colonialism"", ""resource access restrictions"", ""cultural knowledge systems""]",[],[],"Indigenous communities perceive climate change through relational frameworks linking ecological, cultural, and historical timescales differently than Western science.",medium,success
W2065154029,False,[],[],[],experimental,"[""United States""]",local,none,[],[],[],[],Invasive Membranipora and Codium species interact to facilitate kelp bed decline in New England through gap formation and recruitment inhibition.,high,success
W4307872797,False,"[""heat_stress""]",[],[],modelling,"[""Asia"", ""Africa""]",global,implicit,[],"[""urban heat island effect"", ""rural-urban inequality""]","[{""subject"": ""heat_stress"", ""relation"": ""is_associated_with"", ""object"": ""urban population exposure""}, {""subject"": ""climate change"", ""relation"": ""increases_risk_of"", ""object"": ""extreme heatwaves""}]","[""How many people exposed to extreme heat remains unclear"", ""Limited urban heat adaptation policies in decision-making""]","By 2070–2099, over 3.5 billion urban residents projected exposed to extreme heatwaves (>42°C), concentrated in Southern Asia and tropical Africa.",high,success
W3194780171,False,"[""wildfire_smoke""]",[],[],qualitative,"[""New Zealand""]",regional,none,[],[],[],[],Wildfire volunteering contributes to community disaster resilience through institutional change in rural social-ecological settings.,low,success
W4320180451,True,"[""other""]","[""other""]","[""general""]",systematic_review,[],not_specified,none,"[""hepatocarcinogenesis""]",[],"[{""subject"": ""outdoor air pollution"", ""relation"": ""increases_risk_of"", ""object"": ""liver cancer""}]","[""residual confounding in air pollution studies"", ""improved exposure assessment methods needed""]","Air pollution exposure increases liver cancer risk, but methodological improvements are needed to demonstrate independent association.",low,success
W4387131964,False,[],[],[],other,[],not_specified,none,[],[],[],[],Healthcare professionals can reduce healthcare carbon emissions and support net zero goals through practical clinical actions.,low,success
W1986893802,False,[],[],[],qualitative,[],not_specified,none,[],[],[],[],"The 'do not delay' breast cancer message persisted due to reinforcing perceptions, behaviours, and problematic assumptions about cancer natural history.",medium,success
W2165185127,False,[],[],"[""rural"", ""low_income""]",qualitative,"[""Nepal"", ""Pakistan""]",regional,explicit,[],"[""weak governance"", ""low adaptive capacity"", ""poor economic conditions"", ""maladaptation"", ""limited institutional capacity""]",[],"[""Region-specific adaptation strategies need development"", ""Governance-resilience linkages require further investigation""]",Poor governance is a central obstacle to adaptation and community resilience in response to environmental risks in both Nepal and Pakistan.,medium,success
W2942195083,False,[],[],[],other,[],not_specified,none,[],[],[],[],Complex systems theory provides novel frameworks for understanding animal population dynamics and interactions.,medium,success
W4362585001,True,"[""PM2.5"", ""other""]","[""other""]","[""general""]",cross_sectional,"[""France""]",local,none,"[""circulating miRNA changes""]",[],"[{""subject"": ""atmospheric pollution"", ""relation"": ""is_associated_with"", ""object"": ""circulating miRNA alterations""}]",[],Circulating miRNAs are potentially valuable biomarkers of air pollution health effects in adults.,low,success
W2797733761,False,[],[],"[""indigenous"", ""rural"", ""other""]",qualitative,"[""Uganda""]",national,explicit,[],"[""displacement"", ""poverty"", ""breakdown of social networks"", ""limited healthcare access"", ""food insecurity"", ""marginalization""]",[],"[""ecological and social impacts of fire regimes"", ""optimal fire regimes for rangelands""]","Uganda's rangeland policies based on Western models marginalized pastoralists, increased exposure to droughts and disease, reducing resilience and productivity.",high,success
W4281777628,False,[],[],[],cross_sectional,"[""Sudan""]",local,none,[],[],[],[],"High prevalence of erectile dysfunction in type 2 diabetes patients; age, diabetes duration, and cholesterol associated.",low,success
W3175570679,False,[],[],"[""children""]",cohort,[],not_specified,none,[],[],[],[],Study describes design of AERO-BPD cohort investigating air quality and respiratory outcomes in bronchopulmonary dysplasia.,low,success
W4402519168,False,[],[],[],modelling,[],not_specified,none,[],[],[],[],"Forest structural complexity and ignition pattern independently influence prescribed fire crown scorch, consumption, and damage in dry ecosystems.",high,success
W4206176493,False,[],[],[],other,"[""Pakistan""]",regional,none,[],[],[],"[""Instrumental climatological records insufficient to assess forest extreme events reliably"", ""Very little research quantifies rate of ongoing climatic changes""]",Tree ring reconstruction reveals drought variability over 264 years; deforestation and degradation increased during extreme drought periods.,medium,success
W2578081910,False,[],[],[],other,[],not_specified,none,[],[],[],[],Insects contribute to food security and livelihoods in developed and developing countries.,low,success
W3145006061,False,[],[],[],systematic_review,[],global,none,[],[],[],[],Global assessment report on biodiversity and ecosystem services for policymakers.,low,success
W1521716432,False,[],[],[],other,[],not_specified,none,[],[],[],[],"Health and development are linked across the life course through biological, human capital, and economic pathways.",low,success
W1575391972,False,[],[],[],other,[],not_specified,none,[],[],[],[],Review of smouldering combustion phenomena in scientific and technological contexts.,low,success
W287116676,False,[],[],[],systematic_review,"[""United States""]",national,none,[],[],[],[],Scientific assessment of climate change effects on U.S. forest resources and regional ecosystem conditions.,medium,success
W2890496251,False,"[""wildfire_smoke"", ""fire_weather"", ""displacement"", ""heat_stress"", ""other""]",[],"[""general"", ""low_income"", ""racial_minorities"", ""other""]",other,"[""United States""]",national,explicit,[],"[""low socioeconomic status"", ""social inequities"", ""limited healthcare access"", ""poor housing quality"", ""food insecurity"", ""employment disruption""]",[],[],Environmental challenges disproportionately affect vulnerable populations; social work leadership essential for mitigation and response.,low,success
W1587956888,False,[],[],[],other,"[""Indonesia""]",national,none,[],[],[],[],Annual rainfall in Indonesia has decreased by 2-3% and seasons are changing.,low,success
W2216795537,False,[],[],"[""indigenous""]",qualitative,"[""Australia""]",local,none,[],"[""indigenous land rights"", ""cultural continuity"", ""economic self-determination"", ""institutional support""]",[],[],"Indigenous people living on traditional lands generate economic, social, and ecological benefits with appropriate institutional support.",low,success
W2940258545,False,"[""PM2.5"", ""other""]",[],[],systematic_review,"[""China"", ""India"", ""Indonesia"", ""Bangladesh"", ""Pakistan"", ""Vietnam"", ""Thailand"", ""Philippines"", ""Myanmar"", ""Cambodia""]",regional,none,[],[],[],[],UNEP assessment identifies 25 clean air measures to achieve safe air quality for 1 billion people by 2030.,low,success
W643377996,False,[],[],[],other,[],not_specified,none,[],[],[],[],Ocean Data View is a software tool for analysis and visualization of oceanographic data across multiple platforms.,low,success
W1561558283,False,[],[],[],other,[],not_specified,none,[],[],[],[],Internet generativity is threatened by tethered appliances and centralized control platforms.,low,success
W2168966432,False,[],[],"[""indigenous""]",qualitative,"[""Australia""]",regional,implicit,[],"[""indigenous disadvantage"", ""limited economic opportunity"", ""land access barriers"", ""equitable public support""]",[],[],Indigenous community-based natural resource management generates conservation benefits and economic development through sustainable fire regimes and wildlife harvesting.,medium,success
W2554800123,False,[],[],[],other,"[""global""]",global,none,[],[],[],[],WWF's Living Planet Report describes global conservation efforts across 100+ countries.,low,success
W2905655852,False,[],[],[],other,[],not_specified,none,[],[],[],[],"Biodiversity provides essential natural resources for human survival, health, wealth, and security.",low,success
W2244202034,False,[],[],[],other,[],not_specified,none,[],[],[],[],Document addresses climate variability and change consequences without specific health focus or findings.,low,success
W1530107707,False,[],[],[],other,[],not_specified,none,[],[],[],[],Ecosystem-based forest adaptation offers opportunities to reduce climate change vulnerability in forests and forest-dependent communities.,low,success
W3006084848,True,"[""other""]","[""respiratory"", ""other""]","[""children""]",systematic_review,"[""United Kingdom""]",national,explicit,[],"[""indoor environment quality"", ""home conditions"", ""school conditions""]",[],[],Indoor air quality significantly impacts children's health; recommendations provided for Government and families.,low,success
W2580522466,False,[],[],[],other,"[""United States""]",national,none,[],[],[],"[""Need for research on ecosystem management to control introduced species"", ""Effectiveness and reliability of management tools require improvement""]",Nonindigenous species threaten native ecosystems; policy shifts and international coordination are essential to mitigate impacts.,medium,success
W2183040610,False,[],[],"[""indigenous""]",other,"[""Australia""]",national,explicit,[],"[""low_socioeconomic_status"", ""poverty"", ""limited_economic_opportunity""]",[],[],Alternative livelihoods approaches may better address poverty in remote Indigenous Australia than mainstreaming-focused policies.,low,success
W2470194203,False,"[""displacement"", ""fire_weather""]",[],"[""low_income"", ""rural"", ""other""]",other,[],global,explicit,[],"[""low socioeconomic status"", ""limited capital for migration"", ""poor urban infrastructure"", ""climate vulnerability exposure""]","[{""subject"": ""wildfire event"", ""relation"": ""increases_risk_of"", ""object"": ""displacement""}, {""subject"": ""wildfire event"", ""relation"": ""is_associated_with"", ""object"": ""migration""}, {""subject"": ""displacement"", ""relation"": ""is_associated_with"", ""object"": ""humanitarian emergencies""}]","[""Distinguish environmental migrants from other drivers"", ""Predict future migration flows under climate change"", ""Link migration to health outcomes""]",Environmental change drives migration through complex socioeconomic drivers; planned migration can build resilience while preventing it risks greater vulnerability.,medium,success
W3089207896,False,[],[],[],other,[],not_specified,none,[],[],[],[],The Anthropocene offers an opportunity to reconfigure human ontology and relationship to the material world beyond human-nature binaries.,low,success
W196469909,False,[],[],[],other,"[""Australia""]",regional,none,[],[],[],[],"Extended droughts exposed and amplified pasture degradation processes in Australian rangelands, causing physical, biological, and socioeconomic harm.",low,success
W2212009327,True,"[""wildfire_smoke"", ""PM2.5""]","[""respiratory"", ""cardiovascular"", ""mortality""]","[""general"", ""children"", ""elderly"", ""other""]",time_series,"[""United States""]",regional,explicit,"[""airway inflammation"", ""asthma exacerbation"", ""COPD exacerbation""]","[""low owner-occupied housing"", ""socioeconomic status gradients""]","[{""subject"": ""wildfire smoke"", ""relation"": ""causes"", ""object"": ""PM2.5""}, {""subject"": ""PM2.5"", ""relation"": ""increases_risk_of"", ""object"": ""asthma hospitalizations""}, {""subject"": ""PM2.5"", ""relation"": ""increases_risk_of"", ""object"": ""COPD exacerbations""}, {""subject"": ""PM2.5"", ""relation"": ""increases_risk_of"", ""object"": ""pneumonia""}, {""subject"": ""PM2.5"", ""relation"": ""increases_risk_of"", ""object"": ""all-cause respiratory hospitalizations""}, {""subject"": ""PM2.5"", ""relation"": ""is_associated_with"", ""object"": ""all-cause mortality""}, {""subject"": ""wildfire smoke"", ""relation"": ""exacerbates"", ""object"": ""respiratory health effects""}]","[""Inconsistent evidence for cardiovascular effects"", ""Limited understanding of specific causes of mortality""]","Wildfire PM2.5 exposure during 2008 northern California wildfires increased respiratory hospitalizations, particularly for asthma, with greater vulnerability among women and adults.",high,success
W2794950304,True,"[""heat_stress""]","[""mortality""]","[""general""]",time_series,"[""Australia""]",national,implicit,[],[],"[{""subject"": ""climate change"", ""relation"": ""causes"", ""object"": ""heatwaves""}, {""subject"": ""heatwaves"", ""relation"": ""causes"", ""object"": ""mortality""}]",[],"Heatwaves have caused more deaths in Australia since 1890 than all other natural disasters combined, with climate change intensifying heat events.",medium,success
W43715252,False,[],[],[],systematic_review,[],global,explicit,[],"[""food security vulnerability"", ""dependence on agricultural commodities"", ""socioeconomic vulnerability of populations"", ""poverty in tropics and subtropics""]",[],"[""Impacts on key staples not well understood"", ""Uncertainties in temperature, rainfall, CO2 interactions"", ""Pests and diseases distribution largely unknown"", ""Climate change impacts on food security unclear""]","Climate change impacts on agricultural commodities and natural resources remain poorly understood, with major knowledge gaps on food security implications.",medium,success
W2275298749,False,[],[],[],other,[],not_specified,none,[],[],[],[],Guidelines for developing and testing criteria and indicators for sustainable forest management assessment.,low,success
W2763553386,False,[],[],[],other,[],not_specified,none,[],[],[],[],Health communication is a vital research topic studied across multiple disciplines and integrated into university curricula.,low,success
W2988383381,False,[],[],[],systematic_review,"[""Nigeria""]",national,none,[],[],[],"[""Limited comprehensive reports on climate impacts throughout Nigeria"", ""Literature focuses heavily on agricultural sector and farming communities"", ""Few examples of implemented mitigation and adaptation measures"", ""Limited attention to state and national capacity building""]","Nigeria experiences increasing temperatures, variable rainfall, flooding, and drought; responses focus mainly on agriculture with gaps in implementation and capacity building.",medium,success
W185227695,False,[],[],[],other,"[""United States""]",local,none,[],[],[],[],The Savannah River Site underwent land use transitions from agriculture and timber extraction to nuclear facility operations with subsequent forest restoration efforts.,medium,success
W1602186721,False,[],[],[],other,"[""United States""]",national,none,[],[],[],[],"The Wilderness Act permits active climate adaptation management despite its rigid reputation, though procedural hurdles favour passive approaches.",low,success
W2738675635,True,"[""other""]","[""other""]","[""general"", ""low_income""]",systematic_review,[],global,implicit,[],"[""climate change"", ""globalisation"", ""low socioeconomic status"", ""limited adaptive capacity""]",[],"[""complex relationship between environment and health"", ""understanding pathways of risk assessment"", ""impacts of pollutants on health"", ""adaptive capacity of societies""]",Review reveals limited understanding of complex environment-health relationships and calls for comprehensive risk assessment beyond linear causal models.,medium,success
W1520806904,False,"[""other""]",[],"[""elderly"", ""low_income"", ""children"", ""other""]",qualitative,"[""United States""]",national,explicit,[],"[""health equity"", ""vulnerable subpopulations"", ""health disparities"", ""low socioeconomic status"", ""chronic health conditions"", ""limited local resources""]",[],"[""how to balance emergency preparedness with routine health threat intensification"", ""jurisdictional funding mechanisms for climate health adaptation"", ""risk-risk trade-off communication in adaptation planning""]",Public health law should shift from emergency preparedness to resilience frameworks to address climate change's intensifying routine health threats and health disparities.,medium,success
W176723471,False,[],[],[],other,[],not_specified,none,[],[],[],[],Dynamic systems frameworks integrating natural science and social perspectives are needed for sustainable development policy.,low,success
W2266096148,True,"[""wildfire_smoke"", ""other""]","[""respiratory"", ""cardiovascular"", ""other""]","[""general"", ""children"", ""elderly"", ""other""]",systematic_review,[],not_specified,implicit,[],[],[],[],Review examines health effects of smoke from solid fuel combustion across populations.,low,success
W2592836093,False,[],[],[],qualitative,"[""Brazil"", ""Malaysia"", ""Indonesia"", ""Mozambique"", ""Mekong region""]",global,none,[],"[""land grabbing"", ""low socioeconomic status"", ""human rights violations"", ""limited land tenure"", ""environmental injustice""]",[],[],"Industrial tree plantations in the global South cause severe social and environmental justice conflicts, primarily around land access, despite promotion as sustainable carbon sinks.",medium,success
W2780163211,False,[],[],[],systematic_review,[],global,none,[],[],[],[],"Global review of in situ conservation methodologies for wild plant species, emphasizing species-based approaches and local community participation.",medium,success
W3099113789,False,[],[],[],other,"[""United States""]",regional,none,[],[],[],[],Annual forest health investigation identifying priority areas in Colorado requiring timely management action.,low,success
W2904714790,False,[],[],[],other,[],not_specified,none,[],[],[],[],"Unable to extract: only disclaimer provided, no substantive abstract content available.",low,success
W1494158083,False,[],[],[],other,[],not_specified,none,[],[],[],[],Forest management must balance adaptation and mitigation objectives while ensuring community participation and transparent risk communication in REDD programs.,low,success
W2097624894,False,[],[],[],qualitative,"[""South Africa""]",regional,none,[],[],[],[],Human activities and culturally-shaped values drive alien plant invasions through multiple interconnected pathways requiring public awareness and collaborative interventions.,medium,success
W2235186456,False,[],[],"[""children""]",qualitative,[],not_specified,explicit,[],"[""child participation in decision-making"", ""child rights recognition"", ""community-based programmes"", ""policy inclusion""]",[],[],Child-centred approaches to disaster risk reduction and climate change adaptation require both child-sensitive programmes and meaningful child participation in decision-making.,low,success
W1524858531,False,[],[],[],other,"[""United States""]",regional,none,[],[],[],[],Tree-ring analysis reconstructs historic fire regimes in eastern Great Basin mountains.,low,success
W2572559826,False,[],[],[],systematic_review,[],global,none,[],[],[],"[""Formulating taxonomy with broad policy maker buy-in""]","Health, Land Use, and Transport sectors offer greatest co-benefits from urban climate action policies.",medium,success
