paper_id,openalex_id,doi,publication_year,metadata_language,query_languages,llm_input_source,llm_review_decision,screening_route,fire_context_predicted,fire_context,wildfire_result_separable,is_health_study,exposure_type,outcome_types,population_groups,study_design,study_regions,geographic_scope,vulnerable_focus,biological_mechanisms,social_determinants,confidence
P8F9388099DC4,https://openalex.org/W2613628409,10.1021/acs.est.6b06200,2017,en,en,strict,not_required,strict_include_wildland,wildland,wildland,True,True,"[""wildfire_smoke"", ""PM2.5""]","[""respiratory system"", ""circulatory system"", ""endocrine nutritional metabolic""]","[""elderly"", ""low income"", ""limited education"", ""general""]",epidemiological,"[""United States""]",national,explicit,[],"[""poverty"", ""socioeconomic status"", ""education"", ""unemployment"", ""income""]",high
PB03E20604E7B,https://openalex.org/W3118915980,10.1073/pnas.2011048118,2021,en,en,strict,not_required,strict_include_wildland,wildland,wildland,True,True,"[""wildfire_smoke"", ""PM2.5""]","[""respiratory system"", ""circulatory system"", ""external causes morbidity mortality""]","[""general""]",modelling,"[""United States""]",national,implicit,[],"[""socioeconomic pollution exposure gradients""]",low
PB03FBA96CFC0,https://openalex.org/W2921008026,10.1289/ehp3860,2019,en,en,strict,not_required,strict_include_wildland,wildland,wildland,True,True,"[""PM2.5"", ""wildfire_smoke""]","[""respiratory system"", ""circulatory system""]","[""elderly""]",epidemiological,"[""United States""]",national,implicit,[],[],high
PA7D4DBF96A34,https://openalex.org/W1975272340,10.1136/oem.2008.041376,2008,en,en,strict,not_required,strict_include_wildland,wildland,wildland,True,True,"[""wildfire_smoke"", ""PM2.5""]","[""respiratory system"", ""circulatory system""]","[""general"", ""elderly"", ""children""]",epidemiological,"[""United States""]",regional,implicit,[],"[""zip code-level population and sociodemographics""]",high
PB10C7E3ABA57,https://openalex.org/W2158512214,10.1097/ede.0000000000000090,2014,en,en,strict,not_required,strict_include_wildland,wildland,wildland,True,True,"[""wildfire_smoke"", ""PM2.5""]","[""external causes morbidity mortality"", ""circulatory system"", ""respiratory system"", ""genitourinary system"", ""nervous system""]","[""elderly"", ""general""]",time_series,"[""Russia""]",local,implicit,[],[],high
PDBD94FACDB8C,https://openalex.org/W1985756787,10.1164/rccm.200604-519oc,2006,en,en,strict,not_required,strict_include_wildland,wildland,wildland,True,True,"[""wildfire_smoke"", ""PM2.5""]","[""respiratory system"", ""visual system""]","[""children""]",cross_sectional,"[""United States""]",regional,explicit,[],[],high
P67EA7260F5E6,https://openalex.org/W2006866603,10.1289/ehp.1104515,2012,en,en,strict,not_required,strict_include_wildland,wildland,wildland,True,True,"[""wildfire_smoke""]","[""perinatal conditions""]","[""pregnant""]",cohort,"[""United States""]",regional,implicit,"[""air pollution exposure during pregnancy""]",[],high
P1DB0D003B527,https://openalex.org/W2147669416,10.1080/15287394.2012.690686,2012,en,en,strict,not_required,strict_include_wildland,wildland,wildland,True,True,"[""wildfire_smoke""]","[""respiratory system""]","[""outdoor workers""]",epidemiological,"[""Portugal""]",local,implicit,"[""exhaled nitric oxide reduction"", ""carbon monoxide accumulation""]","[""occupational exposure""]",high
P7AC9475D70D8,https://openalex.org/W2155505397,10.1080/09603120601093642,2006,en,en,strict,not_required,strict_include_wildland,wildland,wildland,True,True,"[""wildfire_smoke"", ""PM2.5""]","[""respiratory system""]","[""general"", ""children""]",cohort,"[""Australia""]",local,implicit,[],[],high
PA6E36A07743E,https://openalex.org/W3193003181,10.1029/2021gh000418,2021,en,en,strict,not_required,strict_include_wildland,wildland,wildland,True,True,"[""PM2.5""]","[""external causes morbidity mortality"", ""perinatal conditions""]","[""low income""]",modelling,"[""Southeast Asia"", ""China""]",regional,explicit,[],"[""poverty""]",high
PA1D8ACBA1252,https://openalex.org/W2444588504,10.1016/j.envres.2016.06.012,2016,en,en,strict,not_required,strict_include_wildland,wildland,wildland,True,True,"[""wildfire_smoke"", ""PM2.5""]","[""respiratory system""]","[""general"", ""low income""]",epidemiological,"[""United States""]",regional,implicit,[],"[""area-level median income"", ""socioeconomic status""]",high
P297A9104E02D,https://openalex.org/W2083016202,10.3390/ijerph111111772,2014,en,en,strict,not_required,strict_include_wildland,wildland,wildland,True,True,"[""wildfire_smoke"", ""PM2.5""]","[""respiratory system"", ""circulatory system"", ""external causes morbidity mortality""]","[""elderly"", ""outdoor workers"", ""general""]",systematic_review,"[""global""]",global,explicit,"[""particulate matter inhalation"", ""inflammatory response""]",[],high
P48F6323834EF,https://openalex.org/W2143719619,10.1186/1476-069x-7-42,2008,en,en,strict,not_required,strict_include_wildland,wildland,wildland,True,True,"[""wildfire_smoke"", ""PM2.5""]","[""respiratory system"", ""circulatory system"", ""infectious parasitic""]","[""general"", ""indigenous""]",time_series,"[""Australia""]",local,implicit,[],"[""indigenous status"", ""disadvantage""]",medium
P490126CC92BF,https://openalex.org/W2523426713,10.1097/ede.0000000000000556,2016,en,en,strict,not_required,strict_include_wildland,wildland,wildland,True,True,"[""wildfire_smoke"", ""PM2.5""]","[""respiratory system"", ""circulatory system""]","[""elderly"", ""general""]",epidemiological,"[""United States""]",regional,implicit,"[""chemical composition differences in wildfire PM2.5""]","[""rural versus urban residence""]",high
P660249CFACE0,https://openalex.org/W3158013970,10.1513/annalsats.202102-148st,2021,en,en,strict,not_required,strict_include_wildland,wildland,wildland,True,True,"[""wildfire_smoke""]","[""respiratory system"", ""circulatory system""]","[""general"", ""children"", ""outdoor workers""]",synthesis,"[""United States""]",national,implicit,[],[],high
PFEF71495D402,https://openalex.org/W3015919399,10.1161/jaha.119.014125,2020,en,en,strict,not_required,strict_include_wildland,wildland,wildland,True,True,"[""wildfire_smoke""]","[""circulatory system""]","[""general"", ""elderly"", ""low income""]",case_crossover,"[""United States""]",regional,implicit,[],"[""socioeconomic status"", ""poverty""]",high
P7FFFD4CF4801,https://openalex.org/W2972680888,10.1016/j.envint.2019.105151,2019,en,en,strict,not_required,strict_include_wildland,wildland,wildland,True,True,"[""wildfire_smoke"", ""PM2.5""]","[""respiratory system"", ""circulatory system""]","[""general"", ""children"", ""elderly""]",case_crossover,"[""United States""]",regional,implicit,[],[],high
P25EE5ABD7A91,https://openalex.org/W4392881587,10.1016/j.envint.2024.108583,2024,en,en,strict,not_required,strict_include_wildland,wildland,wildland,True,True,"[""wildfire_smoke"", ""PM2.5""]","[""perinatal conditions""]","[""pregnant""]",cohort,"[""United States""]",regional,implicit,[],"[""race/ethnicity"", ""education"", ""medical insurance"", ""smoking status""]",high
P3F03C5A0D1E7,https://openalex.org/W2161990528,10.1136/oem.2010.064238,2011,en,en,strict,not_required,strict_include_wildland,wildland,wildland,True,True,"[""wildfire_smoke""]","[""external causes morbidity mortality"", ""circulatory system"", ""respiratory system""]","[""general"", ""elderly""]",time_series,"[""Greece""]",local,implicit,"[""ambient particle concentrations""]","[""population density"", ""proximity to densely populated area""]",high
PAF17B7E63F38,https://openalex.org/W2146300306,10.1186/1476-069x-13-105,2014,en,en,strict,not_required,strict_include_wildland,wildland,wildland,True,True,"[""wildfire_smoke"", ""PM2.5""]","[""respiratory system"", ""circulatory system""]","[""general"", ""children""]",case_crossover,"[""Australia""]",local,none,[],[],high
P05F6969D02C7,https://openalex.org/W2078528388,10.3390/ijgi3020713,2014,en,en,strict,not_required,strict_include_wildland,wildland,wildland,True,True,"[""wildfire_smoke"", ""PM2.5""]","[""respiratory system"", ""circulatory system""]","[""elderly""]",epidemiological,"[""United States"", ""Canada""]",regional,explicit,[],[],high
PA125A56A41A7,https://openalex.org/W2977791017,10.3390/ijerph16193720,2019,en,en,strict,not_required,strict_include_wildland,wildland,wildland,True,True,"[""wildfire_smoke"", ""PM2.5""]","[""pregnancy childbirth puerperium"", ""perinatal conditions""]","[""pregnant""]",epidemiological,"[""United States""]",regional,explicit,[],[],high
P16D166340CF1,https://openalex.org/W4402760953,10.1073/pnas.2403960121,2024,en,en,strict,not_required,strict_include_wildland,wildland,wildland,True,True,"[""wildfire_smoke"", ""PM2.5""]","[""external causes morbidity mortality"", ""circulatory system"", ""digestive system"", ""endocrine nutritional metabolic"", ""mental behavioural neurodevelopmental"", ""genitourinary system""]","[""general"", ""elderly""]",epidemiological,"[""United States""]",national,implicit,[],[],high
P7C3B2AB2A72E,https://openalex.org/W4226323819,10.1071/wf21137,2022,en,en,strict,not_required,strict_include_wildland,wildland,wildland,True,True,"[""direct_fire""]","[""external causes morbidity mortality"", ""injury poisoning external consequences""]","[""outdoor workers"", ""local communities""]",epidemiological,"[""China""]",national,implicit,[],"[""population density"", ""geographic concentration of settlements""]",high
P42C147E4CB04,https://openalex.org/W2797340806,10.1161/jaha.117.007492,2018,en,en,strict,not_required,strict_include_wildland,wildland,wildland,True,True,"[""wildfire_smoke""]","[""circulatory system"", ""nervous system"", ""respiratory system""]","[""general"", ""elderly""]",epidemiological,"[""United States""]",regional,implicit,"[""particulate matter inhalation"", ""inflammatory response""]",[],high
P12B3C19C438E,https://openalex.org/W2890377989,10.1353/jhr.2009.0001,2009,en,en,strict,not_required,strict_include_wildland,wildland,wildland,True,True,"[""wildfire_smoke"", ""PM2.5""]","[""perinatal conditions"", ""external causes morbidity mortality""]","[""children"", ""low income""]",epidemiological,"[""Indonesia""]",national,implicit,[],"[""poverty"", ""socioeconomic status""]",high
PC7A024656377,https://openalex.org/W3047361573,10.3390/toxics8030053,2020,en,en,strict,not_required,strict_include_wildland,wildland,wildland,True,True,"[""wildfire_smoke"", ""PM2.5""]","[""respiratory system""]","[""elderly"", ""general""]",cohort,"[""United States""]",local,implicit,[],[],high
P94D11825F7DE,https://openalex.org/W2514885691,10.1016/j.envres.2016.08.003,2016,en,en,strict,not_required,strict_include_wildland,wildland,wildland,True,True,"[""wildfire_smoke"", ""PM2.5""]","[""circulatory system"", ""respiratory system"", ""external causes morbidity mortality""]","[""general"", ""elderly""]",time_series,"[""Finland""]",local,implicit,[],[],medium
PBBC550BB1A70,https://openalex.org/W4229064084,10.1007/s40572-022-00355-7,2022,en,en,strict,not_required,strict_include_wildland,wildland,wildland,True,True,"[""wildfire_smoke""]","[""respiratory system"", ""circulatory system"", ""perinatal conditions""]","[""general"", ""children"", ""outdoor workers"", ""low income""]",synthesis,"[""United States""]",national,explicit,[],"[""adaptive capacity"", ""socioeconomic disadvantage""]",high
P9FDA445865F9,https://openalex.org/W2484421982,10.1289/ehp194,2016,en,en,strict,not_required,strict_include_wildland,wildland,wildland,True,True,"[""wildfire_smoke"", ""PM2.5""]","[""external causes morbidity mortality""]","[""general""]",modelling,"[""Europe""]",multi-country,none,[],[],high
PB5D44D1B284A,https://openalex.org/W2006065622,10.1289/ehp.1003206,2011,en,en,strict,not_required,strict_include_wildland,wildland,wildland,True,True,"[""wildfire_smoke""]","[""respiratory system"", ""circulatory system""]","[""rural""]",epidemiological,"[""United States""]",regional,implicit,[],"[""sparse air-quality monitoring""]",high
P1B23CD35105A,https://openalex.org/W2127858336,10.1186/1476-069x-12-11,2013,en,en,strict,not_required,strict_include_wildland,wildland,wildland,True,True,"[""wildfire_smoke"", ""PM2.5""]","[""respiratory system""]","[""general""]",time_series,"[""Canada""]",regional,none,[],[],high
P25F42A13FFA1,https://openalex.org/W2161020141,10.1177/070674370505000302,2005,en,en,strict,not_required,strict_include_wildland,wildland,wildland,True,True,"[""direct_fire""]","[""mental behavioural neurodevelopmental""]","[""children""]",cross_sectional,"[""United States""]",local,explicit,[],"[""exposure to threat"", ""perception of threat""]",high
PB805D109AA05,https://openalex.org/W3078106026,10.1088/2515-7620/abb0db,2020,en,en,strict,not_required,strict_include_wildland,wildland,wildland,True,True,"[""wildfire_smoke"", ""PM2.5""]","[""external causes morbidity mortality""]","[""general""]",modelling,"[""South America"", ""Amazon Basin"", ""Bolivia"", ""Brazil""]",regional,none,[],[],high
PE752B6DEDDFE,https://openalex.org/W3005427858,10.3390/ijerph17031032,2020,en,en,strict,not_required,strict_include_wildland,wildland,wildland,True,True,"[""PM2.5"", ""wildfire_smoke""]","[""circulatory system"", ""respiratory system"", ""external causes morbidity mortality""]","[""rural"", ""general""]",epidemiological,"[""Portugal""]",regional,implicit,[],[],high
P0D4CDBDD731C,https://openalex.org/W2140953789,10.1161/jaha.114.001653,2015,en,en,strict,not_required,strict_include_wildland,wildland,wildland,True,True,"[""wildfire_smoke"", ""PM2.5""]","[""circulatory system""]","[""general"", ""elderly""]",case_crossover,"[""Australia""]",local,implicit,"[""PM2.5-induced acute coronary triggering""]",[],high
P141D69746DF7,https://openalex.org/W2149004604,10.1183/09031936.00097707,2008,en,en,strict,not_required,strict_include_wildland,wildland,wildland,True,True,"[""wildfire_smoke""]","[""respiratory system"", ""immune system""]","[""outdoor workers""]",cohort,"[""unclear""]",local,implicit,"[""pulmonary inflammation"", ""systemic inflammatory response"", ""increased sputum granulocytes"", ""elevated circulating white blood cells"", ""increased inflammatory cytokines""]",[],high
PA2C19CBFC802,https://openalex.org/W2037504066,10.1016/j.envint.2014.08.012,2014,en,en,strict,not_required,strict_include_wildland,wildland,wildland,True,True,"[""direct_fire""]","[""neoplasms"", ""external causes morbidity mortality""]","[""general"", ""local communities""]",modelling,"[""Ukraine"", ""Belarus"", ""Russia"", ""Western Europe""]",regional,implicit,"[""radioactive contamination redistribution"", ""radionuclide remobilization""]","[""nutritional habits"", ""proximity to forests"", ""rural settlement patterns""]",medium
PFECADFD257E9,https://openalex.org/W2155331441,10.1186/1476-069x-11-71,2012,en,en,strict,not_required,strict_include_wildland,wildland,wildland,True,True,"[""wildfire_smoke"", ""PM2.5""]","[""respiratory system"", ""circulatory system""]","[""rural"", ""low income""]",epidemiological,"[""United States""]",regional,implicit,[],"[""socioeconomic factors"", ""access to clinical care"", ""health behaviors"", ""physical environment""]",high
P7FD2AC3AAFB4,https://openalex.org/W2915551744,10.1073/pnas.1802876116,2019,en,en,strict,not_required,strict_include_wildland,wildland,wildland,True,True,"[""wildfire_smoke""]","[""perinatal conditions""]","[""pregnant""]",cohort,"[""Indonesia""]",national,implicit,"[""air pollution exposure during prenatal development""]","[""land-use practices"", ""economic incentives for clearing"", ""regulatory enforcement""]",high
P4BB27A2B0BC8,https://openalex.org/W4206084024,10.1186/s12995-021-00328-w,2022,en,en,strict,not_required,strict_include_wildland,wildland,wildland,True,True,"[""direct_fire"", ""wildfire_smoke""]","[""respiratory system"", ""mental behavioural neurodevelopmental"", ""injury poisoning external consequences"", ""immune system""]","[""outdoor workers""]",systematic_review,"[""United States""]",national,explicit,"[""oxidative stress"", ""inflammation""]","[""occupational exposure""]",high
PF776AD41ED1F,https://openalex.org/W1971695596,10.1016/j.wem.2011.01.008,2011,en,en,strict,not_required,strict_include_wildland,wildland,wildland,True,True,"[""heat_stress""]","[""injury poisoning external consequences""]","[""outdoor workers""]",case_control,"[""United States""]",local,implicit,"[""elevated core temperature"", ""dehydration despite fluid intake""]","[""high work demands during wildfire suppression""]",high
P692D633E941F,https://openalex.org/W2615441313,10.1093/aje/kwx141,2017,en,en,strict,not_required,strict_include_wildland,wildland,wildland,True,True,"[""wildfire_smoke"", ""PM2.5""]","[""respiratory system""]","[""elderly"", ""racial minorities"", ""limited education""]",epidemiological,"[""United States""]",regional,explicit,[],"[""educational attainment"", ""racial composition"", ""urban vs. rural residence""]",high
PF953AFA4C698,https://openalex.org/W2094936087,10.1080/15459624.2014.895372,2014,en,en,strict,not_required,strict_include_wildland,wildland,wildland,True,True,"[""wildfire_smoke""]","[""respiratory system""]","[""outdoor workers""]",cohort,"[""United States""]",local,implicit,"[""fine particle inhalation"", ""airway obstruction""]","[""occupational exposure""]",high
P455713141CB5,https://openalex.org/W4281771502,10.1029/2021gh000578,2022,en,en,strict,not_required,strict_include_wildland,wildland,wildland,True,True,"[""wildfire_smoke"", ""PM2.5""]","[""respiratory system"", ""circulatory system""]","[""general"", ""children"", ""elderly"", ""racial minorities""]",epidemiological,"[""United States""]",regional,implicit,[],[],high
PA70C564F90F6,https://openalex.org/W2995335094,10.1071/wf18063,2019,en,en,strict,not_required,strict_include_wildland,wildland,wildland,True,True,"[""displacement""]","[""mental behavioural neurodevelopmental""]","[""children"", ""local communities""]",systematic_review,"[""Australia"", ""United States"", ""Canada""]",multi-country,explicit,[],"[""home and property loss"", ""family functioning"", ""proximity to wildfire""]",medium
P1C250F9BF92C,https://openalex.org/W2820771618,10.1371/journal.pmed.1002601,2018,en,en,strict,not_required,strict_include_wildland,wildland,wildland,True,True,"[""wildfire_smoke"", ""PM2.5""]","[""respiratory system"", ""circulatory system""]","[""children"", ""elderly"", ""low income""]",case_crossover,"[""United States""]",regional,explicit,[],"[""low income""]",high
PFA2F33BFFB7E,https://openalex.org/W3015154045,10.1016/j.envint.2020.105668,2020,en,en,strict,not_required,strict_include_wildland,wildland,wildland,True,True,"[""wildfire_smoke"", ""PM2.5""]","[""respiratory system"", ""infectious parasitic""]","[""rural"", ""general""]",time_series,"[""United States""]",regional,implicit,"[""particulate matter inhalation"", ""immune system priming""]","[""rural setting"", ""limited healthcare access""]",high
PCF322520DD5A,https://openalex.org/W2115261921,10.1002/jts.21656,2012,en,en,strict,not_required,strict_include_wildland,wildland,wildland,True,True,"[""displacement""]","[""mental behavioural neurodevelopmental"", ""external causes morbidity mortality""]","[""children""]",cross_sectional,"[""Greece""]",local,implicit,[],"[""disaster-related threat perception"", ""predisaster life events"", ""postdisaster losses"", ""coping strategies"", ""social support""]",high
PE76A9F95D519,https://openalex.org/W3138787553,10.1542/peds.2020-027128,2021,en,en,strict,not_required,strict_include_wildland,wildland,wildland,True,True,"[""wildfire_smoke"", ""PM2.5""]","[""respiratory system""]","[""children""]",epidemiological,"[""United States""]",regional,explicit,[],[],high
P331685CB32BC,https://openalex.org/W2031403972,10.1097/ede.0b013e31819d128d,2009,en,en,strict,not_required,strict_include_wildland,wildland,wildland,True,True,"[""wildfire_smoke""]","[""respiratory system"", ""visual system""]","[""children""]",cross_sectional,"[""United States""]",regional,implicit,"[""small airway size as marker of susceptibility""]",[],high
P0F240EE023E6,https://openalex.org/W4311673720,10.1038/s41467-022-35326-x,2022,en,en,strict,not_required,strict_include_wildland,wildland,wildland,True,True,"[""wildfire_smoke"", ""PM2.5""]","[""external causes morbidity mortality"", ""circulatory system"", ""respiratory system""]","[""general"", ""elderly""]",time_series,"[""Brazil""]",national,implicit,[],[],high
P54E904388A0C,https://openalex.org/W4384823552,10.3389/fphys.2023.1225195,2023,en,en;fr,strict,not_required,strict_include_wildland,wildland,wildland,True,True,"[""wildfire_smoke"", ""PM2.5""]","[""circulatory system""]","[""general""]",systematic_review,"[""Global""]",global,none,"[""microvascular dysfunction"", ""oxidative stress"", ""inflammatory response""]",[],medium
P73CB6E76EAD4,https://openalex.org/W3127089284,10.3390/ijerph18041487,2021,en,en,strict,not_required,strict_include_wildland,wildland,wildland,True,True,"[""direct_fire""]","[""mental behavioural neurodevelopmental"", ""sleep wake""]","[""general""]",cross_sectional,"[""United States""]",local,implicit,[],"[""childhood trauma"", ""resilience"", ""mindfulness""]",high
P0C93CD6B7B22,https://openalex.org/W3155248034,10.1001/jamadermatol.2021.0179,2021,en,en,strict,not_required,strict_include_wildland,wildland,wildland,True,True,"[""wildfire_smoke"", ""PM2.5""]","[""skin""]","[""children"", ""general""]",time_series,"[""United States""]",local,implicit,"[""inflammatory response""]",[],high
P5FA44A44F0CB,https://openalex.org/W4297539121,10.3390/ijerph191912288,2022,en,en,strict,not_required,strict_include_wildland,wildland,wildland,True,True,"[""heat_stress""]","[""external causes morbidity mortality""]","[""outdoor workers""]",cross_sectional,"[""Southern Europe"", ""Latin America""]",multi-country,explicit,"[""thermal strain""]","[""occupational safety practices"", ""workplace implementation barriers""]",high
PBEF2DAC7EE82,https://openalex.org/W4398781924,10.3390/ijerph21060675,2024,en,en;pt,strict,not_required,strict_include_wildland,wildland,wildland,True,True,"[""wildfire_smoke"", ""fire_weather""]","[""respiratory system""]","[""children"", ""elderly""]",time_series,"[""Brazil""]",regional,explicit,"[""air quality variations"", ""smoke inhalation""]","[""deforestation"", ""human activities"", ""climate change""]",high
P814691388282,https://openalex.org/W4404199966,10.1021/acs.est.4c06653,2024,en,en,strict,not_required,strict_include_wildland,wildland,wildland,True,True,"[""wildfire_smoke""]","[""external causes morbidity mortality"", ""respiratory system"", ""circulatory system"", ""immune system"", ""skin""]","[""general"", ""elderly""]",meta_analysis,"[""global""]",global,implicit,"[""oxidative stress"", ""inflammatory reactions"", ""immune dysregulation"", ""genotoxicity"", ""direct toxicity""]",[],high
P2510FA95675F,https://openalex.org/W2319323659,10.1111/ina.12285,2016,en,en,strict,not_required,strict_include_wildland,wildland,wildland,True,True,"[""wildfire_smoke"", ""PM2.5""]","[""external causes morbidity mortality"", ""circulatory system"", ""respiratory system""]","[""general"", ""elderly""]",modelling,"[""United States""]",regional,implicit,[],[],high
P2381860D6559,https://openalex.org/W2105306820,10.1186/1471-2458-7-240,2007,en,en,strict,not_required,strict_include_wildland,wildland,wildland,True,True,"[""PM2.5""]","[""respiratory system"", ""circulatory system""]","[""general"", ""indigenous""]",case_crossover,"[""Australia""]",local,explicit,[],[],high
P9C0476021625,https://openalex.org/W4361029377,10.1016/j.lana.2023.100482,2023,en,en,strict,not_required,strict_include_wildland,wildland,wildland,True,True,"[""wildfire_smoke""]","[""neoplasms"", ""circulatory system"", ""respiratory system""]","[""outdoor workers""]",systematic_review,"[""United States""]",national,explicit,"[""toxicant exposure"", ""carcinogenic exposure""]","[""occupational exposure"", ""inadequate respiratory protection""]",high
P0CAFE3FE6321,https://openalex.org/W2990503466,10.1097/jom.0000000000001775,2019,en,en,strict,not_required,strict_include_wildland,wildland,wildland,True,True,"[""smoke_inhalation"", ""thermal_strain"", ""physical_exertion""]","[""immune system""]","[""outdoor workers""]",experimental,"[""Australia""]",local,implicit,"[""pro-inflammatory cytokine elevation"", ""IL-6 and IL-8 upregulation"", ""IL-10 downregulation"", ""acute inflammatory response""]","[""occupational exposure""]",high
P30D7978AE35F,https://openalex.org/W4386987610,10.1016/j.scitotenv.2023.167335,2023,en,en,strict,not_required,strict_include_wildland,wildland,mixed,True,True,"[""wildfire_smoke"", ""PM2.5""]","[""respiratory system""]","[""general"", ""local communities""]",epidemiological,"[""Australia""]",regional,implicit,"[""particulate inhalation""]","[""population proximity to fire-prone forests"", ""regional wind patterns""]",high
P77ADA39D733B,https://openalex.org/W2015925797,10.1037/ort0000054,2015,en,en,strict,not_required,strict_include_wildland,wildland,wildland,True,True,"[""displacement""]","[""mental behavioural neurodevelopmental""]","[""children""]",cross_sectional,"[""United States""]",unclear,implicit,[],"[""social support"", ""coping strategies"", ""recovery environment""]",high
PDAE834687764,https://openalex.org/W4395447774,10.1161/circresaha.124.323614,2024,en,en,strict,not_required,strict_include_wildland,wildland,wildland,True,True,"[""wildfire_smoke""]","[""circulatory system"", ""external causes morbidity mortality""]","[""general"", ""outdoor workers""]",systematic_review,"[""global""]",global,implicit,"[""oxidative stress"", ""inflammatory response"", ""pathophysiological processes in cardiovascular tissues""]","[""occupational exposure"", ""proximity to active fire""]",high
PBA36A89FF910,https://openalex.org/W2108743424,10.1289/ehp.1306768,2013,en,en,strict,not_required,strict_include_wildland,wildland,wildland,True,True,"[""wildfire_smoke"", ""PM2.5""]","[""respiratory system""]","[""general""]",time_series,"[""Canada""]",regional,none,[],[],high
P9F881A5D8757,https://openalex.org/W4206480019,10.3390/ijerph19010593,2022,en,en,strict,not_required,strict_include_wildland,wildland,wildland,True,True,"[""PM2.5"", ""wildfire_smoke""]","[""respiratory system"", ""perinatal conditions"", ""external causes morbidity mortality""]","[""children""]",epidemiological,"[""Portugal""]",regional,explicit,"[""air quality decline"", ""hazardous contaminant exposure""]",[],high
P3B935D3A4BCD,https://openalex.org/W2550068189,10.1038/srep37074,2016,en,en,strict,not_required,strict_include_wildland,wildland,wildland,True,True,"[""wildfire_smoke"", ""PM2.5""]","[""external causes morbidity mortality"", ""respiratory system""]","[""general""]",modelling,"[""Indonesia"", ""Borneo"", ""Equatorial Asia""]",regional,none,[],"[""land use changes"", ""human driven deforestation""]",high
PCF9DB9FF0C0D,https://openalex.org/W2259189366,10.1186/s12940-016-0093-4,2016,en,en,strict,not_required,strict_include_wildland,wildland,wildland,True,True,"[""wildfire_smoke"", ""PM2.5""]","[""respiratory system"", ""circulatory system"", ""infectious parasitic""]","[""general"", ""children"", ""rural""]",epidemiological,"[""United States""]",regional,implicit,[],"[""poverty""]",high
P48954AC39D88,https://openalex.org/W4386609214,10.1073/pnas.2221621120,2023,en,en,strict,not_required,strict_include_wildland,wildland,wildland,True,True,"[""wildfire_smoke"", ""PM2.5""]","[""mental behavioural neurodevelopmental"", ""external causes morbidity mortality""]","[""rural"", ""general"", ""outdoor workers"", ""limited education""]",epidemiological,"[""United States""]",national,implicit,[],"[""rural residence"", ""occupational exposure"", ""educational attainment"", ""baseline suicide risk""]",high
PA697775B5FE4,https://openalex.org/W4391229864,10.3390/healthcare12030307,2024,en,en,strict,not_required,strict_include_wildland,wildland,wildland,True,True,"[""wildfire_smoke"", ""PM2.5""]","[""respiratory system"", ""external causes morbidity mortality""]","[""children"", ""elderly"", ""outdoor workers""]",systematic_review,"[""North America"", ""Global""]",global,explicit,"[""oxidative stress"", ""local and systemic inflammation"", ""airway epithelium compromise"", ""increased vulnerability to infection""]","[""climate change"", ""modern fire suppression practices""]",high
PB6CCAA71A78F,https://openalex.org/W3200072183,10.1093/ije/dyab206,2021,en,en,strict,not_required,strict_include_wildland,wildland,wildland,True,True,"[""wildfire_smoke"", ""PM2.5""]","[""respiratory system"", ""circulatory system""]","[""general"", ""children"", ""elderly""]",epidemiological,"[""Canada""]",local,implicit,[],[],high
PEDBF1B7E2E94,https://openalex.org/W4301401321,10.1016/j.scitotenv.2022.159218,2022,en,en,strict,not_required,strict_include_wildland,wildland,wildland,True,True,"[""PM2.5""]","[""circulatory system""]","[""low income"", ""local communities""]",cross_sectional,"[""United States""]",regional,explicit,[],"[""poverty"", ""housing inequities"", ""environmental justice vulnerability""]",high
P6251203BC90C,https://openalex.org/W2521370717,10.1016/j.atmosenv.2016.09.049,2016,en,en,strict,not_required,strict_include_wildland,wildland,wildland,True,True,"[""wildfire_smoke"", ""PM2.5""]","[""respiratory system"", ""external causes morbidity mortality""]","[""general""]",modelling,[],unclear,none,[],[],high
PF1A9AA119BD0,https://openalex.org/W1934661590,10.2190/ns.24.4.i,2015,en,en,strict,not_required,strict_include_wildland,wildland,wildland,True,True,"[""direct_fire"", ""heat_stress""]","[""injury poisoning external consequences"", ""external causes morbidity mortality""]","[""outdoor workers""]",other,"[""United States""]",national,explicit,"[""thermal injury"", ""heat stress""]","[""occupational exposure"", ""climate change""]",high
P26D44DE8E3FC,https://openalex.org/W2334455940,10.1021/es5012725,2014,en,en,strict,not_required,strict_include_wildland,wildland,wildland,True,True,"[""wildfire_smoke"", ""PM2.5""]","[""respiratory system"", ""circulatory system"", ""external causes morbidity mortality""]","[""general"", ""children"", ""rural""]",modelling,"[""United States""]",regional,implicit,[],"[""rural location""]",high
PAC9B0CE77465,https://openalex.org/W4404672055,10.1001/jamaneurol.2024.4058,2024,en,en,strict,not_required,strict_include_wildland,wildland,wildland,True,True,"[""wildfire_smoke"", ""PM2.5""]","[""nervous system""]","[""elderly"", ""racial minorities"", ""low income""]",cohort,"[""United States""]",regional,implicit,"[""particulate matter accumulation in brain tissue"", ""neuroinflammation""]","[""poverty"", ""race and ethnicity"", ""census tract-level characteristics""]",high
P570E8365AD0E,https://openalex.org/W2924480546,10.1186/s12888-018-2007-1,2019,en,en,strict,not_required,strict_include_wildland,wildland,wildland,True,True,"[""displacement""]","[""mental behavioural neurodevelopmental"", ""external causes morbidity mortality""]","[""children""]",cross_sectional,"[""Canada""]",local,implicit,[],"[""disaster exposure"", ""community trauma""]",high
P228A416D38ED,https://openalex.org/W3163611744,10.1029/2020gh000349,2021,en,en,strict,not_required,strict_include_wildland,wildland,wildland,True,True,"[""wildfire_smoke"", ""PM2.5""]","[""respiratory system"", ""circulatory system""]","[""elderly"", ""indigenous"", ""rural""]",case_crossover,"[""United States""]",regional,implicit,[],"[""delayed healthcare access""]",high
P8B9A0A6EC522,https://openalex.org/W4366090488,10.3390/fire6040159,2023,en,en,strict,not_required,strict_include_wildland,wildland,wildland,True,True,"[""wildfire_smoke"", ""PM2.5""]","[""respiratory system""]","[""general""]",epidemiological,"[""United States""]",regional,none,[],"[""smoke avoidance"", ""personal exposure reduction""]",high
P0A3928FC780D,https://openalex.org/W3006811860,10.1080/13504851.2020.1730747,2020,en,en,strict,not_required,strict_include_wildland,wildland,wildland,True,True,"[""wildfire_smoke""]","[""perinatal conditions""]","[""general""]",epidemiological,"[""United States""]",unclear,none,[],[],high
P3A7D0CDAC2D8,https://openalex.org/W4282826341,10.1289/ehp10498,2022,en,en,strict,not_required,strict_include_wildland,wildland,wildland,True,True,"[""wildfire_smoke"", ""PM2.5""]","[""mental behavioural neurodevelopmental""]","[""general""]",longitudinal,"[""United States""]",national,implicit,[],[],high
P1C2985D457B1,https://openalex.org/W3196524882,10.1016/s2542-5196(21)00173-x,2021,en,en,strict,not_required,strict_include_wildland,wildland,wildland,True,True,"[""wildfire_smoke"", ""PM2.5""]","[""respiratory system"", ""circulatory system"", ""external causes morbidity mortality""]","[""children"", ""elderly"", ""general""]",time_series,"[""Brazil""]",national,implicit,[],"[""climate change"", ""deforestation""]",high
PF6833D98442E,https://openalex.org/W1455584582,,2002,en,en,strict,not_required,strict_include_wildland,wildland,wildland,True,True,"[""direct_fire"", ""wildfire_smoke""]","[""injury poisoning external consequences"", ""external causes morbidity mortality""]","[""outdoor workers""]",case_control,"[""South Africa""]",regional,explicit,[],"[""lack of training"", ""lack of escape routes"", ""inadequate safety protocols""]",high
P305444F3ACC0,https://openalex.org/W3137111453,10.1371/journal.pone.0248617,2021,en,en,strict,not_required,strict_include_wildland,wildland,wildland,True,True,"[""displacement""]","[""mental behavioural neurodevelopmental"", ""external causes morbidity mortality""]","[""local communities"", ""climate hazard affected"", ""displaced refugees""]",qualitative,"[""United States""]",regional,implicit,[],"[""housing access"", ""employment access"", ""access to health resources"", ""recovery resource availability""]",high
P806461037B6D,https://openalex.org/W4311663557,10.1164/rccm.202207-1324oc,2022,en,en,strict,not_required,strict_include_wildland,wildland,wildland,True,True,"[""wildfire_smoke"", ""PM2.5""]","[""respiratory system"", ""circulatory system""]","[""general"", ""elderly"", ""racial minorities"", ""rural""]",epidemiological,"[""United States""]",regional,implicit,[],"[""differential exposure"", ""subpopulation susceptibility""]",high
PEAA4F298A4A8,https://openalex.org/W4200433773,10.1093/annweh/wxab117,2021,en,en,strict,not_required,strict_include_wildland,wildland,wildland,True,True,"[""other""]","[""circulatory system"", ""respiratory system"", ""ear mastoid"", ""genitourinary system""]","[""outdoor workers""]",cohort,"[""United States""]",regional,explicit,"[""inflammation"", ""arterial stiffness"", ""platelet function""]","[""occupational exposure""]",high
P79950F3DFC94,https://openalex.org/W3121765052,10.3368/jhr.44.4.916,2009,en,en,strict,not_required,strict_include_wildland,wildland,wildland,True,True,"[""wildfire_smoke"", ""PM2.5""]","[""perinatal conditions"", ""external causes morbidity mortality""]","[""children"", ""pregnant"", ""low income""]",epidemiological,"[""Indonesia""]",national,implicit,[],"[""poverty"", ""socioeconomic status""]",high
P2973BE880781,https://openalex.org/W2176421684,10.1093/emph/eov027,2015,en,en,strict,not_required,strict_include_wildland,wildland,wildland,True,True,"[""displacement""]","[""perinatal conditions""]","[""pregnant""]",epidemiological,"[""Australia""]",local,implicit,"[""maternal stress"", ""elevated maternal blood glucose""]","[""disaster exposure""]",high
P9C2C1853FF51,https://openalex.org/W2009748301,10.3109/02770903.2010.535885,2010,en,en,strict,not_required,strict_include_wildland,wildland,wildland,True,True,"[""wildfire_smoke"", ""PM2.5""]","[""respiratory system""]","[""general""]",case_control,"[""United States""]",local,implicit,"[""airways inflammation"", ""eosinophil elevation""]",[],high
P5CAEC12A81FE,https://openalex.org/W3153425664,10.1029/2020gh000359,2021,en,en,strict,not_required,strict_include_wildland,wildland,wildland,True,True,"[""wildfire_smoke"", ""PM2.5""]","[""external causes morbidity mortality"", ""respiratory system""]","[""general""]",epidemiological,"[""United States""]",regional,none,[],[],high
P281E59AEF202,https://openalex.org/W4396707658,10.1016/j.envres.2024.119094,2024,en,en,strict,not_required,strict_include_wildland,wildland,wildland,True,True,"[""wildfire_smoke"", ""PM2.5""]","[""pregnancy childbirth puerperium"", ""perinatal conditions""]","[""pregnant"", ""racial minorities""]",case_crossover,"[""United States""]",regional,implicit,[],"[""racial disparities""]",high
P78522679D86D,https://openalex.org/W4376107932,10.1088/2752-5309/acd3a1,2023,en,en,strict,not_required,strict_include_wildland,wildland,wildland,True,True,"[""wildfire_smoke"", ""PM2.5""]","[""respiratory system"", ""circulatory system""]","[""general"", ""children""]",case_crossover,"[""United States""]",regional,implicit,[],[],high
P30B008260B6A,https://openalex.org/W4307262623,10.3390/ijerph192113727,2022,en,en,strict,not_required,strict_include_wildland,wildland,wildland,True,True,"[""wildfire_smoke""]","[""pregnancy childbirth puerperium"", ""perinatal conditions""]","[""pregnant""]",systematic_review,"[""global""]",global,explicit,"[""inflammation"", ""oxidative stress"", ""endocrine disruption"", ""DNA damage"", ""telomere shortening"", ""epigenetic changes"", ""metabolic dysregulation"", ""vascular dysregulation"", ""endothelial dysregulation""]","[""vulnerability"", ""exposure reduction access""]",high
P7798DE181B1A,https://openalex.org/W1495172247,10.1071/wf14181,2015,en,en,strict,not_required,strict_include_wildland,wildland,wildland,True,True,"[""wildfire_smoke""]","[""neoplasms""]","[""outdoor workers""]",modelling,"[""United States""]",local,explicit,"[""inhalation of resuspended radioactive material""]","[""occupational exposure""]",high
PDDAE3E21F927,https://openalex.org/W4399569145,10.1001/jamacardio.2024.1321,2024,en,en,strict,not_required,strict_include_wildland,wildland,mixed,True,True,"[""wildfire_smoke""]","[""circulatory system"", ""external causes morbidity mortality""]","[""elderly"", ""racial minorities"", ""low income""]",systematic_review,"[""Global""]",global,explicit,"[""direct physiologic changes""]","[""health-related infrastructure disruption"", ""lower-wealth communities""]",medium
P5AF66A08E153,https://openalex.org/W2560359191,10.1088/1748-9326/11/12/124018,2016,en,en,strict,not_required,strict_include_wildland,wildland,wildland,True,True,"[""wildfire_smoke"", ""PM2.5""]","[""respiratory system""]","[""elderly""]",modelling,"[""United States""]",regional,explicit,[],"[""climate change""]",medium
PF8C45B818880,https://openalex.org/W4386136010,10.15585/mmwr.mm7234a5,2023,en,en,strict,not_required,strict_include_wildland,wildland,wildland,True,True,"[""wildfire_smoke"", ""PM2.5""]","[""respiratory system""]","[""general"", ""children""]",time_series,"[""United States""]",national,implicit,[],[],high
P7735E85B04C7,https://openalex.org/W2115735854,10.1080/00140139.2015.1105389,2015,en,en,strict,not_required,strict_include_wildland,wildland,wildland,True,True,"[""other""]","[""sleep wake""]","[""outdoor workers""]",epidemiological,"[""unclear""]",unclear,implicit,"[""circadian disruption"", ""fatigue accumulation""]","[""shift length"", ""sleep location"", ""shift timing""]",high
PC13E68C41B81,https://openalex.org/W4324144755,10.18863/pgy.1172916,2023,en,en,strict,not_required,strict_include_wildland,wildland,wildland,True,True,"[""displacement"", ""other""]","[""mental behavioural neurodevelopmental""]","[""local communities""]",qualitative,[],unclear,implicit,[],"[""poverty"", ""unemployment"", ""housing instability"", ""environmental change"", ""loss of sense of place""]",low
P60B9D261B14B,https://openalex.org/W4389301705,10.1016/s2542-5196(23)00235-8,2023,en,en,strict,not_required,strict_include_wildland,wildland,wildland,True,True,"[""wildfire_smoke"", ""PM2.5"", ""black carbon""]","[""external causes morbidity mortality""]","[""general""]",modelling,"[""United States""]",national,none,[],[],high
PBD6ACE3961A4,https://openalex.org/W3006017149,10.1080/1059924x.2020.1725699,2020,en,en,strict,not_required,strict_include_wildland,wildland,wildland,True,True,"[""wildfire_smoke""]","[""respiratory system""]","[""outdoor workers"", ""low income"", ""rural""]",qualitative,"[""United States""]",regional,explicit,[],"[""employer attitudes toward safety"", ""knowledge gaps about safety precautions"", ""workplace protection policies""]",high
PAAF8D2B8179A,https://openalex.org/W4317538420,10.3390/ijerph20031937,2023,en,en,strict,not_required,strict_include_wildland,wildland,wildland,True,True,"[""wildfire_smoke""]","[""respiratory system""]","[""children""]",cohort,"[""Canada""]",regional,explicit,[],[],high
PCF6BCF6E196D,https://openalex.org/W2944706802,10.3390/ijerph16091604,2019,en,en,strict,not_required,strict_include_wildland,wildland,wildland,True,True,"[""displacement""]","[""mental behavioural neurodevelopmental"", ""sleep wake""]","[""displaced refugees"", ""climate hazard affected""]",cross_sectional,"[""Canada""]",local,implicit,[],"[""evacuation displacement""]",high
PAE66894A0AF3,https://openalex.org/W3158427908,10.3389/fpubh.2021.655357,2021,en,en,strict,not_required,strict_include_wildland,wildland,wildland,True,True,"[""displacement""]","[""mental behavioural neurodevelopmental"", ""sleep wake"", ""external causes morbidity mortality""]","[""displaced refugees"", ""general""]",cross_sectional,"[""Canada""]",local,implicit,[],"[""financial stress"", ""economic decline"", ""evacuation displacement""]",high
P21CA77CEA618,https://openalex.org/W2994999068,10.1513/annalsats.201902-150oc,2019,en,en,strict,not_required,strict_include_wildland,wildland,wildland,True,True,"[""wildfire_smoke"", ""PM2.5""]","[""respiratory system""]","[""children""]",time_series,"[""United States""]",local,explicit,[],[],high
P0A34C459B3E4,https://openalex.org/W4383711324,10.1007/s00127-023-02519-8,2023,en,en,strict,not_required,strict_include_wildland,wildland,wildland,True,True,"[""displacement""]","[""mental behavioural neurodevelopmental"", ""external causes morbidity mortality""]","[""local communities"", ""climate hazard affected""]",cross_sectional,"[""Australia""]",national,implicit,[],"[""social group connections"", ""social identification"", ""social support networks"", ""community cohesion""]",high
P3F03AD7CDEF6,https://openalex.org/W4327703609,10.1016/j.envint.2023.107879,2023,en,en,strict,not_required,strict_include_wildland,wildland,wildland,True,True,"[""wildfire_smoke"", ""PM2.5""]","[""perinatal conditions""]","[""pregnant""]",cohort,"[""Australia""]",regional,implicit,[],"[""temperature extremes"", ""residential location""]",high
PD2F26DFFA30C,https://openalex.org/W3162801323,10.1016/j.ridd.2021.103981,2021,en,en,strict,not_required,strict_include_wildland,wildland,wildland,True,True,"[""displacement""]","[""mental behavioural neurodevelopmental""]","[""children"", ""persons with disabilities""]",qualitative,"[""United States""]",regional,explicit,[],"[""accessible housing availability"", ""disability-related needs navigation"", ""community mental health infrastructure""]",high
P4E8DFBD2442A,https://openalex.org/W2939514084,10.1029/2018gh000142,2019,en,en,strict,not_required,strict_include_wildland,wildland,wildland,True,True,"[""wildfire_smoke"", ""PM2.5""]","[""respiratory system""]","[""children""]",cohort,"[""United States""]",local,explicit,[],[],high
PC36431442CAC,https://openalex.org/W4382776613,10.3390/ijerph20136252,2023,en,en,strict,not_required,strict_include_wildland,wildland,wildland,True,True,"[""wildfire_smoke""]","[""respiratory system"", ""external causes morbidity mortality"", ""mental behavioural neurodevelopmental""]","[""elderly"", ""indigenous""]",systematic_review,[],unclear,explicit,[],"[""evacuation access"", ""community engagement""]",high
PACEF954D0BB1,https://openalex.org/W4200171175,10.1093/toxsci/kfab147,2021,en,en,strict,not_required,strict_include_wildland,wildland,wildland,True,True,"[""wildfire_smoke""]","[""nervous system"", ""immune system""]","[""general""]",experimental,"[""United States""]",regional,none,"[""neuroinflammation"", ""microglia activation"", ""proinflammatory cytokines"", ""cerebrovascular endothelial cell activation"", ""peripheral immune cell infiltration"", ""amyloid-beta accumulation"", ""decreased NAD+ and taurine""]",[],high
PF841D26A7CA9,https://openalex.org/W3025837410,10.1088/1748-9326/ab9270,2020,en,en,strict,not_required,strict_include_wildland,wildland,wildland,True,True,"[""wildfire_smoke"", ""PM2.5""]","[""respiratory system"", ""circulatory system""]","[""general"", ""racial minorities"", ""indigenous"", ""rural""]",modelling,"[""United States""]",regional,explicit,[],"[""race/ethnicity"", ""urbanicity"", ""indigenous status""]",high
P0394C9C38DF7,https://openalex.org/W4287219066,10.1017/s1049023x22001054,2022,en,en,strict,not_required,strict_include_wildland,wildland,wildland,True,True,"[""wildfire_smoke"", ""PM2.5""]","[""respiratory system"", ""circulatory system""]","[""children"", ""elderly"", ""general""]",systematic_review,"[""United States"", ""Australia""]",multi-country,implicit,[],[],high
P62E2F0D7404B,https://openalex.org/W3126898285,10.1136/bmjopen-2020-037029,2021,en,en,strict,not_required,strict_include_wildland,wildland,wildland,True,True,"[""wildfire_smoke"", ""PM2.5""]","[""respiratory system""]","[""indigenous"", ""children"", ""elderly"", ""general""]",cohort,"[""Canada""]",regional,implicit,"[""airway inflammation"", ""oxidative stress""]","[""prolonged exposure duration"", ""inadequate protective measures"", ""indoor air quality access""]",high
P112CCB67ABAA,https://openalex.org/W4387827119,10.1029/2023gh000860,2023,en,en,strict,not_required,strict_include_wildland,wildland,wildland,True,True,"[""wildfire_smoke"", ""PM2.5""]","[""respiratory system"", ""circulatory system""]","[""elderly"", ""racial minorities"", ""rural""]",case_crossover,"[""United States""]",regional,implicit,[],[],high
P55C2AD2C7F4A,https://openalex.org/W3134671848,10.3390/ijerph18073538,2021,en,en,strict,not_required,strict_include_wildland,wildland,wildland,True,True,"[""wildfire_smoke"", ""PM2.5""]","[""external causes morbidity mortality"", ""circulatory system"", ""respiratory system""]","[""general""]",modelling,"[""Australia""]",regional,none,[],[],high
P511CA2E4760E,https://openalex.org/W2945689515,10.4067/s0717-73482019000100049,2019,es,en;es,strict,not_required,strict_include_wildland,wildland,wildland,True,True,"[""wildfire_smoke""]","[""respiratory system"", ""circulatory system"", ""nervous system""]","[""children"", ""elderly"", ""pregnant"", ""general""]",systematic_review,"[""global""]",global,explicit,"[""inflammatory systemic response"", ""oxidative stress"", ""endothelial dysfunction"", ""pro-inflammatory cytokines"", ""autonomic nervous system dysfunction"", ""prothrombotic response""]",[],high
P6816A9DB5CCC,https://openalex.org/W4386790663,10.1016/j.envres.2023.117154,2023,en,en,strict,not_required,strict_include_wildland,wildland,wildland,True,True,"[""wildfire_smoke"", ""PM2.5""]","[""respiratory system"", ""circulatory system"", ""endocrine nutritional metabolic"", ""mental behavioural neurodevelopmental""]","[""general"", ""racial minorities""]",time_series,"[""United States""]",regional,implicit,[],"[""race/ethnicity disparities""]",high
PF68F08CFF929,https://openalex.org/W2965238660,10.3389/fpsyt.2019.00623,2019,en,en,strict,not_required,strict_include_wildland,wildland,wildland,True,True,"[""displacement""]","[""mental behavioural neurodevelopmental""]","[""children""]",cross_sectional,"[""Canada""]",local,explicit,[],"[""disaster exposure"", ""direct wildfire experience"", ""resilience""]",high
PD0A43F48A6C1,https://openalex.org/W3214621173,10.1111/ppe.12823,2021,en,en,strict,not_required,strict_include_wildland,wildland,wildland,True,True,"[""wildfire_smoke""]","[""developmental anomalies""]","[""pregnant""]",cohort,"[""United States""]",regional,explicit,"[""pollutant exposure affecting embryo development""]",[],high
PBCE028106108,https://openalex.org/W4292242247,10.1289/ehp10544,2022,en,en,strict,not_required,strict_include_wildland,wildland,wildland,True,True,"[""wildfire_smoke"", ""displacement""]","[""perinatal conditions"", ""developmental anomalies"", ""pregnancy childbirth puerperium"", ""endocrine nutritional metabolic"", ""mental behavioural neurodevelopmental""]","[""pregnant"", ""children""]",systematic_review,"[""unclear""]",unclear,explicit,[],[],high
PB7DBD518EEE9,https://openalex.org/W4404042296,10.1021/acs.estlett.4c00785,2024,en,en,strict,not_required,strict_include_wildland,wildland,wildland,True,True,"[""wildfire_smoke"", ""PM2.5""]","[""respiratory system""]","[""general""]",epidemiological,"[""United States"", ""Canada""]",regional,none,"[""oxidative stress"", ""chemical aging""]",[],high
P60A5024B4225,https://openalex.org/W4385798528,10.1001/jamainternmed.2023.3300,2023,en,en,strict,not_required,strict_include_wildland,wildland,wildland,True,True,"[""PM2.5""]","[""nervous system""]","[""elderly""]",cohort,"[""United States""]",national,implicit,[],[],high
P9F7F14D14CDB,https://openalex.org/W4382344004,10.1186/s12940-023-00998-5,2023,en,en,strict,not_required,strict_include_wildland,wildland,wildland,True,True,"[""wildfire_smoke""]","[""respiratory system""]","[""children""]",cohort,"[""United States""]",regional,implicit,"[""respiratory tract inflammation""]",[],high
P0BBC5C7EC410,https://openalex.org/W4403899889,10.1017/dmp.2024.150,2024,en,en,strict,not_required,strict_include_wildland,wildland,wildland,True,True,"[""direct_fire""]","[""injury poisoning external consequences"", ""external causes morbidity mortality""]","[""general""]",epidemiological,"[""Southern Europe"", ""Northern America"", ""Australia-New Zealand"", ""Global""]",global,implicit,[],"[""climate change"", ""urban expansion""]",high
PCBB6CECCBB21,https://openalex.org/W4206362199,10.1186/s12889-021-12411-2,2022,en,en,strict,not_required,strict_include_wildland,wildland,wildland,True,True,"[""wildfire_smoke""]","[""mental behavioural neurodevelopmental"", ""respiratory system"", ""external causes morbidity mortality""]","[""rural"", ""low income"", ""elderly"", ""children"", ""outdoor workers"", ""persons with disabilities"", ""unhoused"", ""local communities""]",qualitative,"[""United States""]",regional,explicit,[],"[""income level"", ""outdoor occupations"", ""preexisting health conditions"", ""housing status"", ""social isolation""]",high
PF9887DB3F62C,https://openalex.org/W2006191810,10.4236/ojpsych.2012.22022,2012,en,en,strict,not_required,strict_include_wildland,wildland,wildland,True,True,"[""displacement""]","[""mental behavioural neurodevelopmental"", ""other""]","[""rural"", ""climate hazard affected""]",case_control,"[""Greece""]",local,explicit,[],"[""environmental quality of life"", ""disaster displacement""]",high
PB0DDA3552239,https://openalex.org/W4327545703,10.1088/2752-5309/acc4e1,2023,en,en,strict,not_required,strict_include_wildland,wildland,wildland,True,True,"[""PM2.5"", ""wildfire_smoke""]","[""respiratory system""]","[""low income"", ""racial minorities"", ""general""]",epidemiological,"[""United States""]",regional,explicit,[],"[""socioeconomic status"", ""race/ethnicity"", ""smoking prevalence""]",high
P36E121DA152C,https://openalex.org/W2131363884,,2013,en,en,strict,not_required,strict_include_wildland,wildland,wildland,True,True,"[""wildfire_smoke"", ""heat_stress""]","[""visual system"", ""injury poisoning external consequences"", ""external causes morbidity mortality""]","[""outdoor workers""]",cohort,"[""Israel""]",national,explicit,[],"[""occupational stress"", ""prolonged work hours without rest""]",high
P36A1B761B677,https://openalex.org/W1928256414,,2011,en,en,strict,not_required,strict_include_wildland,wildland,wildland,True,True,"[""direct_fire""]","[""mental behavioural neurodevelopmental""]","[""rural"", ""low income""]",case_control,"[""Greece""]",local,implicit,[],"[""lower education"", ""loss of livelihood""]",high
P391CF520B040,https://openalex.org/W2168745277,10.1590/s0102-311x2013000300016,2013,en,en,strict,not_required,strict_include_wildland,wildland,wildland,True,True,"[""PM2.5""]","[""circulatory system"", ""external causes morbidity mortality""]","[""elderly""]",ecological,"[""Brazil""]",regional,explicit,[],[],high
P098E1BB6248D,https://openalex.org/W3090353914,10.1097/ee9.0000000000000114,2020,en,en,strict,not_required,strict_include_wildland,wildland,wildland,True,True,"[""wildfire_smoke""]","[""respiratory system""]","[""general""]",epidemiological,"[""United States""]",regional,implicit,"[""fine particles penetrating deeply into lungs""]","[""spatial distribution of smoke exposure"", ""proximity to wildfire perimeters""]",high
PE426EFA60E57,https://openalex.org/W3103653281,10.1177/0706743720970859,2020,en,en,strict,not_required,strict_include_wildland,wildland,wildland,True,True,"[""displacement""]","[""mental behavioural neurodevelopmental""]","[""pregnant""]",cross_sectional,"[""Canada""]",local,explicit,"[""peritraumatic dissociation""]","[""social support"", ""resilience"", ""peritraumatic distress""]",high
P2100D00A9D3E,https://openalex.org/W2123487931,10.1002/jts.20411,2009,en,en,strict,not_required,strict_include_wildland,wildland,wildland,True,True,"[""displacement""]","[""mental behavioural neurodevelopmental""]","[""climate hazard affected"", ""displaced refugees""]",cross_sectional,"[""Greece""]",local,implicit,[],"[""locus of control"", ""trauma exposure"", ""disaster area residence""]",high
P3A10052C94B7,https://openalex.org/W2485548003,,2015,en,en,strict,not_required,strict_include_wildland,wildland,wildland,True,True,"[""direct_fire""]","[""mental behavioural neurodevelopmental""]","[""outdoor workers""]",cross_sectional,"[""Israel""]",local,implicit,[],"[""meaning in life"", ""positive affect""]",high
PE7C6A1DC37D2,https://openalex.org/W3217777584,10.3390/atmos12121542,2021,en,en,strict,not_required,strict_include_wildland,wildland,wildland,True,True,"[""wildfire_smoke"", ""PM2.5""]","[""respiratory system"", ""circulatory system""]","[""general""]",epidemiological,"[""Russia""]",regional,implicit,[],"[""geographic distance from fire sources""]",high
PA7B692D405E7,https://openalex.org/W2336954798,10.1089/hs.2015.0060,2016,en,en,strict,not_required,strict_include_wildland,wildland,wildland,True,True,"[""displacement""]","[""mental behavioural neurodevelopmental""]","[""general"", ""children""]",cross_sectional,"[""United States""]",local,implicit,[],"[""disaster recovery"", ""evacuation"", ""household emergency planning"", ""local government response capacity""]",high
PA1C3CEFB6CB1,https://openalex.org/W3120160475,10.3233/jad-201388,2021,en,en,strict,not_required,strict_include_wildland,wildland,wildland,False,True,"[""fire_weather""]","[""mental behavioural neurodevelopmental""]","[""elderly"", ""indigenous"", ""low income"", ""rural""]",qualitative,"[""Australia""]",national,explicit,[],"[""limited healthcare access"", ""rural isolation"", ""socioeconomic status""]",medium
PDC4E5C9B8CD0,https://openalex.org/W2885555268,10.1086/700099,2018,en,en,strict,not_required,strict_include_wildland,wildland,wildland,True,True,"[""wildfire_smoke""]","[""perinatal conditions"", ""developmental anomalies""]","[""children""]",cohort,"[""Indonesia""]",national,explicit,[],"[""early childhood nutrition"", ""maternal health""]",medium
P52149D51722A,https://openalex.org/W1996911973,10.1179/2049396713y.0000000019,2013,en,en,strict,not_required,strict_include_wildland,wildland,wildland,True,True,"[""direct_fire""]","[""injury poisoning external consequences""]","[""outdoor workers""]",epidemiological,"[""United States""]",national,implicit,[],"[""occupational hazard exposure""]",high
P3056C5612FB6,https://openalex.org/W4401350595,10.1097/aln.0000000000005115,2024,en,en,strict,not_required,strict_include_wildland,wildland,wildland,True,True,"[""wildfire_smoke"", ""PM2.5""]","[""circulatory system"", ""respiratory system"", ""endocrine nutritional metabolic"", ""nervous system"", ""pregnancy childbirth puerperium"", ""perinatal conditions"", ""injury poisoning external consequences""]","[""elderly"", ""children"", ""pregnant"", ""low income"", ""outdoor workers""]",synthesis,"[""United States"", ""Australia"", ""Mexico"", ""China""]",global,implicit,"[""oxidative stress"", ""inflammatory response"", ""autonomic dysregulation"", ""endothelial dysfunction"", ""platelet activation"", ""systemic inflammation""]","[""socioeconomic status"", ""healthcare access"", ""geographic proximity to wildfires""]",high
P5236742F074F,https://openalex.org/W4379740696,10.1016/j.jhazmat.2023.131779,2023,en,en,strict,not_required,strict_include_wildland,wildland,wildland,True,True,"[""wildfire_smoke"", ""PM2.5""]","[""external causes morbidity mortality"", ""neoplasms""]","[""general""]",cohort,"[""United Kingdom""]",national,none,[],[],high
P07EA13F2AC34,https://openalex.org/W4280627184,10.1080/20008198.2022.2059999,2022,en,en,strict,not_required,strict_include_wildland,wildland,mixed,True,True,"[""displacement""]","[""mental behavioural neurodevelopmental"", ""external causes morbidity mortality""]","[""climate hazard affected"", ""local communities""]",cross_sectional,"[""Canada""]",local,implicit,[],"[""cumulative trauma"", ""multiple disaster exposure""]",high
PDD2090331908,https://openalex.org/W2747424513,10.9778/cmajo.20170047,2017,en,en,strict,not_required,strict_include_wildland,wildland,wildland,True,True,"[""displacement""]","[""respiratory system"", ""mental behavioural neurodevelopmental""]","[""outdoor workers""]",cohort,"[""Canada""]",local,implicit,[],"[""financial loss"", ""housing disruption"", ""evacuation""]",high
P4E18007DA53C,https://openalex.org/W4392542659,10.1159/000536578,2024,en,en,strict,not_required,strict_include_wildland,wildland,wildland,True,True,"[""wildfire_smoke"", ""PM2.5""]","[""respiratory system"", ""immune system""]","[""general""]",systematic_review,"[""global""]",global,implicit,"[""oxidative stress"", ""epithelial barrier injury"", ""alarmin release"", ""IL-17A production"", ""glucocorticoid responsiveness impairment"", ""steroid-resistant inflammation""]","[""climate change frequency and intensity""]",high
P6055ABDCF849,https://openalex.org/W4403402797,10.21668/health.risk/2024.3.14.eng,2024,en,en,strict,not_required,strict_include_wildland,wildland,wildland,True,True,"[""wildfire_smoke""]","[""respiratory system"", ""circulatory system"", ""nervous system"", ""external causes morbidity mortality""]","[""children"", ""general"", ""elderly""]",synthesis,"[""Russia""]",national,implicit,"[""smoke inhalation"", ""air pollution exposure""]","[""geographic location in high-fire regions"", ""air pollution monitoring gaps""]",high
PC94FB606FBB5,https://openalex.org/W4220846651,10.1016/j.lana.2022.100229,2022,en,en,strict,not_required,strict_include_wildland,wildland,wildland,True,True,"[""wildfire_smoke""]","[""perinatal conditions""]","[""pregnant""]",case_control,"[""Brazil""]",national,implicit,[],[],high
P47F0A69DA679,https://openalex.org/W2083648246,10.1590/s1413-81232009000600015,2009,pt,en,strict,not_required,strict_include_wildland,wildland,wildland,True,True,"[""wildfire_smoke""]","[""respiratory system"", ""external causes morbidity mortality""]","[""elderly""]",ecological,"[""Brazil""]",regional,explicit,[],[],high
P0F82B6C6B2DA,https://openalex.org/W4295921793,10.1002/hsr2.820,2022,en,en,strict,not_required,strict_include_wildland,wildland,wildland,True,True,"[""wildfire_smoke"", ""heat_stress""]","[""injury poisoning external consequences""]","[""outdoor workers""]",epidemiological,"[""United States""]",regional,explicit,[],"[""occupational exposure"", ""outdoor work""]",high
P5B9E41BBA6A9,https://openalex.org/W4393314653,10.1029/2023gh000997,2024,en,en,strict,not_required,strict_include_wildland,wildland,wildland,True,True,"[""wildfire_smoke"", ""PM2.5""]","[""respiratory system""]","[""general"", ""racial minorities""]",case_crossover,"[""United States""]",regional,implicit,[],"[""racial composition"", ""air conditioning access"", ""tree canopy coverage""]",high
PDE42D9A1E0AF,https://openalex.org/W3182940375,10.1177/10105395211031735,2021,en,en,strict,not_required,strict_include_wildland,wildland,wildland,True,True,"[""wildfire_smoke"", ""PM2.5""]","[""mental behavioural neurodevelopmental""]","[""children"", ""rural""]",cross_sectional,"[""Indonesia""]",national,implicit,[],[],medium
P0589E80CABB9,https://openalex.org/W3125116123,10.1002/ajim.23218,2021,en,en,strict,not_required,strict_include_wildland,wildland,wildland,True,True,"[""direct_fire""]","[""infectious parasitic""]","[""outdoor workers""]",case_control,"[""United States""]",regional,explicit,"[""soil disruption releasing Coccidioides spores"", ""dust inhalation""]","[""incarcerated labor"", ""limited respiratory protection access"", ""occupational safety gaps""]",high
P60EE6094574B,https://openalex.org/W4402538243,10.1016/j.ecoenv.2024.117023,2024,en,en,strict,not_required,strict_include_wildland,wildland,wildland,True,True,"[""wildfire_smoke"", ""PM2.5""]","[""neoplasms"", ""external causes morbidity mortality""]","[""general""]",cohort,"[""United Kingdom""]",national,implicit,[],"[""employment status""]",high
PA311AF85654C,https://openalex.org/W2070767760,10.1002/ajim.21002,2011,en,en,strict,not_required,strict_include_wildland,wildland,wildland,True,True,"[""wildfire_smoke""]","[""respiratory system""]","[""outdoor workers""]",cohort,"[""Corsica"", ""France""]",local,implicit,[],[],high
PDE76DA9F1392,https://openalex.org/W2794567768,10.20344/amp.9811,2018,en,en,strict,not_required,strict_include_wildland,wildland,wildland,True,True,"[""direct_fire""]","[""injury poisoning external consequences"", ""nervous system""]","[""children"", ""pregnant"", ""outdoor workers""]",case_control,"[""Portugal""]",local,implicit,"[""carbon monoxide inhalation"", ""carboxyhemoglobin formation""]",[],high
P410654E1340B,https://openalex.org/W4307302979,10.1001/jamanetworkopen.2022.38594,2022,en,en,strict,not_required,strict_include_wildland,wildland,wildland,True,True,"[""wildfire_smoke""]","[""skin""]","[""elderly""]",cross_sectional,[],unclear,implicit,[],[],high
P29076F89C135,https://openalex.org/W2788629229,10.1071/wf17109,2018,en,en,strict,not_required,strict_include_wildland,wildland,wildland,True,True,"[""fire_weather""]","[""mental behavioural neurodevelopmental"", ""sleep wake"", ""external causes morbidity mortality""]","[""outdoor workers""]",synthesis,"[""unclear""]",unclear,implicit,"[""fatigue"", ""cognitive impairment""]","[""work shift structure"", ""temporary accommodation"", ""occupational hazard exposure""]",high
P5A924F884638,https://openalex.org/W4385155197,10.1016/j.heliyon.2023.e18513,2023,en,en,strict,not_required,strict_include_wildland,wildland,wildland,True,True,"[""PM2.5"", ""wildfire_smoke""]","[""pregnancy childbirth puerperium""]","[""pregnant"", ""low income""]",cross_sectional,"[""Indonesia""]",local,explicit,"[""indoor PM2.5 infiltration"", ""occupant behaviour affecting air quality""]","[""low-income housing conditions"", ""building material and construction quality"", ""indoor air tightness"", ""cooking practices""]",high
P9AF2E9C9F316,https://openalex.org/W2002024021,10.1097/phh.0000000000000160,2015,en,en,strict,not_required,strict_include_wildland,wildland,wildland,True,True,"[""wildfire_smoke"", ""PM2.5""]","[""respiratory system"", ""circulatory system""]","[""elderly"", ""general""]",time_series,"[""United States""]",local,implicit,[],[],high
PB47E5EBE9D22,https://openalex.org/W4380361158,10.1097/ee9.0000000000000254,2023,en,en,strict,not_required,strict_include_wildland,wildland,wildland,True,True,"[""direct_fire""]","[""infectious parasitic""]","[""general""]",epidemiological,"[""United States""]",regional,none,[],[],medium
PBEB7FD415C4B,https://openalex.org/W4295412870,10.3390/su141811332,2022,en,en,strict,not_required,strict_include_wildland,wildland,wildland,True,True,"[""displacement""]","[""mental behavioural neurodevelopmental""]","[""local communities""]",cross_sectional,"[""Spain""]",local,implicit,[],"[""place identity"", ""community participation"", ""risk perception"", ""social support""]",high
P5569C68F9ED6,https://openalex.org/W2328118767,10.1097/01.ede.0000391864.79309.9c,2010,en,en,strict,not_required,strict_include_wildland,wildland,wildland,True,True,"[""wildfire_smoke"", ""PM2.5""]","[""perinatal conditions""]","[""pregnant""]",epidemiological,"[""United States""]",regional,implicit,[],[],high
PDF2756C1A73A,https://openalex.org/W4405365429,10.1001/jamanetworkopen.2024.50759,2024,en,en,strict,not_required,strict_include_wildland,wildland,wildland,True,True,"[""wildfire_smoke"", ""PM2.5""]","[""circulatory system"", ""respiratory system""]","[""general"", ""racial minorities"", ""low income""]",case_control,"[""United States"", ""Canada""]",regional,implicit,[],"[""socioeconomic status""]",high
PD2D729855EBA,https://openalex.org/W4399913545,10.1016/j.scitotenv.2024.174197,2024,en,en,strict,not_required,strict_include_wildland,wildland,wildland,True,True,"[""wildfire_smoke"", ""PM2.5""]","[""external causes morbidity mortality"", ""respiratory system""]","[""general""]",modelling,"[""United States""]",regional,none,[],"[""livelihood loss""]",high
P86F56C78EAE1,https://openalex.org/W4388616691,10.1111/risa.14252,2023,en,en,strict,not_required,strict_include_wildland,wildland,wildland,True,True,"[""wildfire_smoke""]","[""respiratory system"", ""circulatory system""]","[""elderly"", ""low income""]",cross_sectional,"[""United States""]",regional,implicit,"[""inhalation of smoke particles""]","[""income"", ""access to information"", ""age group"", ""communication preferences""]",high
P9F2019E0C918,https://openalex.org/W4409141527,10.1002/j.2040-4603.2023.tb00260.x,2023,en,en,strict,not_required,strict_include_wildland,wildland,wildland,True,True,"[""smoke"", ""heat_stress""]","[""injury poisoning external consequences"", ""mental behavioural neurodevelopmental"", ""nervous system""]","[""outdoor workers""]",qualitative,"[""United States""]",national,explicit,"[""thermoregulatory impairment"", ""sleep disruption"", ""elevated stress response""]","[""occupational exposure"", ""logistical obstacles to nutrient and fluid replenishment"", ""emotional strain on families""]",high
PDFE270BA335E,https://openalex.org/W4295787906,10.1164/rccm.202203-0457oc,2022,en,en,strict,not_required,strict_include_wildland,wildland,wildland,True,True,"[""wildfire_smoke"", ""PM2.5""]","[""infectious parasitic""]","[""general""]",case_crossover,"[""United States""]",regional,none,"[""air pollution exposure"", ""PM2.5 inhalation""]",[],high
P4CD74560DDBE,https://openalex.org/W4206409649,10.3390/atmos13010058,2021,en,en,strict,not_required,strict_include_wildland,wildland,wildland,True,True,"[""wildfire_smoke""]","[""respiratory system""]","[""children""]",time_series,"[""Chile""]",regional,explicit,[],"[""air quality""]",high
PD1296113AAE1,https://openalex.org/W4403058272,10.1080/15459624.2024.2388532,2024,en,en,strict,not_required,strict_include_wildland,wildland,wildland,True,True,"[""wildfire_smoke""]","[""neoplasms""]","[""outdoor workers""]",systematic_review,"[""unclear""]",unclear,explicit,"[""carcinogen inhalation"", ""polycyclic aromatic hydrocarbons exposure"", ""crystalline silica exposure""]","[""occupational exposure"", ""lack of protective equipment access""]",high
PCA92EF451B21,https://openalex.org/W3162596589,10.3389/fpsyt.2021.676256,2021,en,en,strict,not_required,strict_include_wildland,wildland,wildland,True,True,"[""displacement""]","[""mental behavioural neurodevelopmental""]","[""children""]",cross_sectional,"[""Canada""]",local,explicit,[],"[""evacuation trauma"", ""housing destruction"", ""community disruption""]",high
PFC4B0261B66A,https://openalex.org/W3172466539,10.1097/jom.0000000000002286,2021,en,en,strict,not_required,strict_include_wildland,wildland,wildland,True,True,"[""wildfire_smoke"", ""PM2.5"", ""direct_fire""]","[""respiratory system""]","[""outdoor workers""]",cohort,"[""Canada""]",local,implicit,"[""airways damage"", ""decreased FEV1 and FVC"", ""impaired diffusion capacity""]","[""occupational exposure""]",high
P6CFCF74AA3E8,https://openalex.org/W4317359019,10.1111/head.14442,2023,en,en,strict,not_required,strict_include_wildland,wildland,wildland,True,True,"[""wildfire_smoke"", ""PM2.5""]","[""nervous system""]","[""general""]",case_crossover,"[""United States""]",regional,none,[],[],medium
PFBF378E0C856,https://openalex.org/W4393938262,10.1038/s41598-024-58721-4,2024,en,en,strict,not_required,strict_include_wildland,wildland,wildland,True,True,"[""wildfire_smoke"", ""PM2.5""]","[""respiratory system"", ""injury poisoning external consequences""]","[""outdoor workers""]",cohort,"[""Thailand""]",local,implicit,"[""air pollutant inhalation"", ""oxidative stress from particulate matter""]","[""occupational exposure"", ""seasonal wildfire activity""]",high
P3BCA5589C046,https://openalex.org/W4403451613,10.3390/toxics12100739,2024,en,en,strict,not_required,strict_include_wildland,wildland,mixed,True,True,"[""wildfire_smoke"", ""PM2.5""]","[""respiratory system"", ""circulatory system"", ""neoplasms""]","[""outdoor workers""]",systematic_review,[],unclear,explicit,[],[],high
P3C56F672ADC2,https://openalex.org/W4285090324,10.3390/ijerph19148492,2022,en,en,strict,not_required,strict_include_wildland,wildland,wildland,True,True,"[""wildfire_smoke""]","[""respiratory system""]","[""outdoor workers""]",cross_sectional,"[""unclear""]",local,explicit,[],"[""sedentary lifestyle"", ""limited duration of physical exercise"", ""non-use of respiratory protection""]",high
P18F19AFBB9F8,https://openalex.org/W4313505653,10.1177/028072701503300202,2015,en,en,strict,not_required,strict_include_wildland,wildland,wildland,True,True,"[""direct_fire""]","[""mental behavioural neurodevelopmental"", ""injury poisoning external consequences""]","[""children""]",cross_sectional,"[""Canada""]",local,explicit,[],"[""housing loss"", ""home displacement""]",high
P3185956F375C,https://openalex.org/W4387504552,10.1016/j.semperi.2023.151839,2023,en,en,strict,not_required,strict_include_wildland,wildland,wildland,True,True,"[""wildfire_smoke""]","[""pregnancy childbirth puerperium"", ""perinatal conditions""]","[""pregnant""]",synthesis,"[""unclear""]",unclear,explicit,[],"[""climate change""]",high
P2A032CA7C3E3,https://openalex.org/W2002999959,10.1017/s1049023x11000094,2011,en,en,strict,not_required,strict_include_wildland,wildland,wildland,True,True,"[""displacement""]","[""mental behavioural neurodevelopmental""]","[""local communities""]",cross_sectional,"[""Greece""]",local,implicit,[],"[""unemployment"", ""poverty"", ""community infrastructure disruption"", ""trust in institutions""]",high
P20C1BF010768,https://openalex.org/W2036425906,10.1097/01.ede.0000362956.02139.fd,2009,en,en,strict,not_required,strict_include_wildland,wildland,wildland,True,True,"[""wildfire_smoke"", ""PM2.5""]","[""respiratory system""]","[""general""]",cohort,"[""Canada""]",regional,implicit,[],"[""socioeconomic status""]",high
P7BD4A4A40EF7,https://openalex.org/W4290805653,10.1097/aln.0000000000004344,2022,en,en,strict,not_required,strict_include_wildland,wildland,wildland,True,True,"[""wildfire_smoke""]","[""respiratory system""]","[""children""]",cohort,"[""United States""]",local,explicit,[],[],high
P875A2F8DF14A,https://openalex.org/W2055529047,10.1177/0145445502026002003,2002,en,en,strict,not_required,strict_include_wildland,wildland,wildland,True,True,"[""displacement""]","[""mental behavioural neurodevelopmental""]","[""children""]",cross_sectional,"[""unclear""]",unclear,explicit,[],"[""resource loss"", ""material loss""]",high
PB90B306848CE,https://openalex.org/W2081338565,10.4236/psych.2011.22021,2011,en,en,strict,not_required,strict_include_wildland,wildland,wildland,False,True,"[""other""]","[""mental behavioural neurodevelopmental""]","[""rural""]",cross_sectional,"[""Greece""]",local,implicit,[],"[""property loss"", ""disaster exposure""]",high
PE52C9A059586,https://openalex.org/W4403402752,10.21668/health.risk/2024.3.14,2024,en,en;ru,strict,not_required,strict_include_wildland,wildland,wildland,True,True,"[""wildfire_smoke"", ""PM2.5""]","[""respiratory system"", ""circulatory system"", ""nervous system""]","[""children"", ""general"", ""elderly""]",systematic_review,"[""Russia""]",national,implicit,"[""aerosol inhalation"", ""pollutant exposure""]","[""air pollution monitoring capacity"", ""healthcare system preparedness""]",high
P8CB8D352B5A5,https://openalex.org/W4200044696,10.1088/1748-9326/ac4538,2021,en,en,strict,not_required,strict_include_wildland,wildland,wildland,True,True,"[""wildfire_smoke""]","[""infectious parasitic"", ""external causes morbidity mortality""]","[""general""]",time_series,"[""United States""]",regional,implicit,"[""acute air pollution exposure increasing COVID-19 severity""]","[""population mobility""]",high
P868DFF4315B3,https://openalex.org/W4400520325,10.1088/2752-5309/ad6209,2024,en,en,strict,not_required,strict_include_wildland,wildland,wildland,True,True,"[""wildfire_smoke"", ""displacement""]","[""mental behavioural neurodevelopmental"", ""respiratory system"", ""external causes morbidity mortality""]","[""low income"", ""outdoor workers"", ""rural"", ""local communities"", ""displaced refugees""]",qualitative,"[""United States""]",local,explicit,[],"[""poverty"", ""housing instability"", ""limited healthcare access"", ""language barriers"", ""emergency preparedness gaps""]",high
PFCA1B683D739,https://openalex.org/W4396620343,10.1186/s12940-024-01079-x,2024,en,en;id,strict,not_required,strict_include_wildland,wildland,wildland,True,True,"[""wildfire_smoke""]","[""respiratory system""]","[""children"", ""rural""]",epidemiological,"[""Indonesia""]",regional,implicit,[],"[""healthcare access"", ""rural accessibility"", ""geographic isolation""]",high
P5341B907C393,https://openalex.org/W4400681916,10.2337/dc24-0703,2024,en,en,strict,not_required,strict_include_wildland,wildland,wildland,True,True,"[""wildfire_smoke"", ""PM2.5""]","[""endocrine nutritional metabolic""]","[""general"", ""elderly""]",epidemiological,"[""Australia"", ""Brazil"", ""Canada"", ""Chile"", ""New Zealand"", ""Thailand"", ""Taiwan""]",multi-country,implicit,"[""systemic inflammation"", ""glucose metabolism disruption""]","[""location income level""]",high
PB131A1A3596C,https://openalex.org/W4387539475,10.3389/ftox.2023.1267667,2023,en,en,strict,not_required,strict_include_wildland,wildland,wildland,True,True,"[""wildfire_smoke""]","[""nervous system"", ""endocrine nutritional metabolic"", ""circulatory system""]","[""elderly""]",synthesis,[],unclear,implicit,"[""telomere attrition"", ""cellular senescence"", ""epigenetic alterations"", ""proteostasis"", ""genomic instability"", ""mitochondrial dysfunction"", ""intercellular communication"", ""stem cell exhaustion"", ""neuroinflammation"", ""vascular and blood-brain barrier integrity"", ""proteinopathy"", ""oxidative stress""]",[],medium
P6DB28E87A050,https://openalex.org/W4312216213,10.4178/epih.e2023003,2022,en,en,strict,not_required,strict_include_wildland,wildland,wildland,True,True,"[""wildfire_smoke""]","[""perinatal conditions""]","[""pregnant""]",epidemiological,"[""South Korea""]",local,implicit,"[""fetal growth restriction""]",[],high
P0A8AA3D7E52E,https://openalex.org/W3191351429,10.3389/fpubh.2021.682634,2021,en,en,strict,not_required,strict_include_wildland,wildland,wildland,True,True,"[""displacement""]","[""mental behavioural neurodevelopmental""]","[""children""]",qualitative,"[""Canada""]",local,explicit,[],"[""caregiver support"", ""peer support"", ""social-ecological factors""]",high
P828101085F14,https://openalex.org/W2789564049,10.1016/s2214-109x(18)30159-1,2018,en,en,strict,not_required,strict_include_wildland,wildland,wildland,True,True,"[""wildfire_smoke"", ""PM2.5""]","[""respiratory system"", ""mental behavioural neurodevelopmental""]","[""indigenous"", ""local communities""]",mixed,"[""Canada""]",regional,implicit,[],"[""livelihood disruption"", ""evacuation"", ""isolation"", ""land-based activity disruption""]",high
P187939640A9D,https://openalex.org/W3046469301,10.1111/all.14527,2020,en,en,strict,not_required,strict_include_wildland,wildland,wildland,True,True,"[""wildfire_smoke"", ""PM2.5""]","[""respiratory system"", ""immune system""]","[""general""]",synthesis,"[""Global""]",global,none,"[""airway inflammation"", ""C-reactive protein elevation"", ""IL-1β elevation"", ""pro-inflammatory mediators""]","[""poverty"", ""lack of infrastructure"", ""government unresponsiveness""]",medium
P2A2ED036478C,https://openalex.org/W4388972134,10.1186/s12889-023-17274-3,2023,en,en,strict,not_required,strict_include_wildland,wildland,wildland,True,True,"[""wildfire_smoke""]","[""respiratory system""]","[""children""]",qualitative,"[""Australia""]",local,explicit,[],"[""health literacy"", ""access to protective equipment information"", ""community support""]",high
PE75AD827F853,https://openalex.org/W4387774085,10.1029/2023gh000884,2023,en,en,strict,not_required,strict_include_wildland,wildland,wildland,True,True,"[""wildfire_smoke"", ""PM2.5""]","[""respiratory system""]","[""general"", ""local communities""]",epidemiological,"[""United States""]",regional,implicit,[],"[""social vulnerability"", ""geographic location""]",high
P07A6A7DBF79B,https://openalex.org/W4378227229,10.1186/s12889-023-15957-5,2023,en,en,strict,not_required,strict_include_wildland,wildland,wildland,True,True,"[""displacement""]","[""infectious parasitic"", ""mental behavioural neurodevelopmental"", ""sleep wake"", ""circulatory system"", ""respiratory system"", ""endocrine nutritional metabolic""]","[""rural"", ""limited healthcare access"", ""food insecure"", ""local communities""]",qualitative,"[""United States""]",regional,explicit,[],"[""healthcare system access"", ""medication access"", ""housing instability"", ""financial strain"", ""food insecurity"", ""mental health burden"", ""comorbidities"", ""rural residence""]",high
P70498E1E630A,https://openalex.org/W2990165553,10.1177/2165079919888516,2019,en,en,strict,not_required,strict_include_wildland,wildland,wildland,True,True,"[""wildfire_smoke""]","[""respiratory system""]","[""outdoor workers""]",other,"[""unclear""]",unclear,explicit,[],"[""occupational exposure""]",medium
P0525338BCCC5,https://openalex.org/W3212036235,10.3390/ijerph182211787,2021,en,en,strict,not_required,strict_include_wildland,wildland,wildland,True,True,"[""wildfire_smoke""]","[""respiratory system""]","[""outdoor workers""]",cross_sectional,"[""Canada""]",local,implicit,"[""peripheral airway effects""]","[""occupational exposure""]",high
PBCFED5EEFC24,https://openalex.org/W4376637828,10.1088/2752-5309/acd5f5,2023,en,en,strict,not_required,strict_include_wildland,wildland,wildland,True,True,"[""wildfire_smoke"", ""PM2.5""]","[""perinatal conditions""]","[""pregnant""]",cohort,"[""United States""]",local,implicit,[],"[""race/ethnicity"", ""educational attainment""]",high
P5FEAD45E174C,https://openalex.org/W4393320580,10.1016/j.chpulm.2024.100053,2024,en,en,strict,not_required,strict_include_wildland,wildland,wildland,True,True,"[""wildfire_smoke"", ""PM2.5""]","[""respiratory system""]","[""general"", ""children""]",case_crossover,"[""United States""]",local,implicit,[],[],high
P0A1680A92419,https://openalex.org/W4388744716,10.1093/pubmed/fdad242,2023,en,en,strict,not_required,strict_include_wildland,wildland,wildland,True,True,"[""wildfire_smoke"", ""PM2.5"", ""heat_stress""]","[""respiratory system"", ""circulatory system"", ""perinatal conditions"", ""mental behavioural neurodevelopmental"", ""injury poisoning external consequences""]","[""general"", ""children"", ""outdoor workers""]",other,"[""Canada"", ""United States"", ""Europe""]",multi-country,implicit,"[""heat stress"", ""air pollutant exposure""]","[""disaster response capacity"", ""public health preparedness""]",medium
P70D46DBB402E,https://openalex.org/W3110154526,10.20965/jdr.2020.p0833,2020,en,en,strict,not_required,strict_include_wildland,wildland,wildland,True,True,"[""displacement""]","[""mental behavioural neurodevelopmental""]","[""children"", ""local communities""]",qualitative,"[""Canada""]",regional,explicit,[],"[""disaster recovery funding"", ""community resilience"", ""access to mental health services""]",high
P8234E0DDD16F,https://openalex.org/W3214276451,10.1037/ser0000576,2021,en,en,strict,not_required,strict_include_wildland,wildland,wildland,True,True,"[""displacement""]","[""mental behavioural neurodevelopmental"", ""sleep wake""]","[""children"", ""local communities""]",experimental,"[""United States""]",local,explicit,[],"[""disaster displacement"", ""evacuation access""]",high
PDBC5ACC82193,https://openalex.org/W4285076434,10.1017/s1049023x22000978,2022,en,en,strict,not_required,strict_include_wildland,wildland,wildland,True,True,"[""wildfire_smoke""]","[""respiratory system"", ""external causes morbidity mortality""]","[""indigenous"", ""racial minorities"", ""low income""]",qualitative,"[""Canada""]",national,explicit,[],"[""social inequities"", ""discriminatory practices"", ""health inequity""]",high
PE613CC5A8EF2,https://openalex.org/W3132861272,10.1093/annweh/wxaa142,2020,en,en,strict,not_required,strict_include_wildland,wildland,wildland,True,True,"[""wildfire_smoke"", ""PM2.5""]","[""respiratory system"", ""immune system""]","[""outdoor workers""]",cohort,"[""Canada""]",local,implicit,"[""inflammatory markers"", ""oxidative stress response""]","[""occupational exposure"", ""deployment duration""]",high
P73C889023755,https://openalex.org/W4206811823,10.3390/ijerph19010435,2021,en,en,strict,not_required,strict_include_wildland,wildland,mixed,True,True,"[""displacement""]","[""mental behavioural neurodevelopmental"", ""external causes morbidity mortality""]","[""outdoor workers"", ""local communities""]",cross_sectional,"[""Canada""]",local,implicit,[],"[""perceived lack of support from employers"", ""occupational exposure to traumatic events""]",high
P49B74B399E96,https://openalex.org/W2045460503,10.1097/dmp.0b013e31819f1afc,2009,en,en,strict,not_required,strict_include_wildland,wildland,wildland,True,True,"[""displacement""]","[""mental behavioural neurodevelopmental"", ""other""]","[""displaced refugees""]",cross_sectional,"[""United States""]",regional,explicit,[],"[""displacement"", ""evacuation disruption"", ""limited healthcare access""]",high
PD61D826A63F1,https://openalex.org/W3197406121,10.1016/s2542-5196(21)00153-4,2021,en,en,strict,not_required,strict_include_wildland,wildland,wildland,True,True,"[""wildfire_smoke"", ""PM2.5""]","[""external causes morbidity mortality""]","[""children"", ""low income""]",case_control,"[""Nigeria"", ""Democratic Republic of the Congo"", ""India"", ""Uganda"", ""Indonesia""]",multi-country,explicit,[],"[""poverty"", ""low income""]",high
P32D66C256032,https://openalex.org/W4293379981,10.1002/ijgo.14409,2022,en,en,strict,not_required,strict_include_wildland,wildland,wildland,True,True,"[""wildfire_smoke""]","[""pregnancy childbirth puerperium"", ""perinatal conditions""]","[""pregnant"", ""children""]",other,[],unclear,explicit,[],"[""housing adequacy"", ""residential location""]",low
PA48079837A8F,https://openalex.org/W1526405729,,2012,en,en,strict,not_required,strict_include_wildland,wildland,wildland,True,True,"[""direct_fire"", ""other""]","[""neoplasms"", ""external causes morbidity mortality""]","[""general""]",modelling,"[""Ukraine""]",local,none,"[""external irradiation"", ""radionuclide inhalation"", ""radionuclide ingestion"", ""resuspended radionuclide inhalation""]",[],medium
P50FF4DE15941,https://openalex.org/W3028461609,10.15585/mmwr.mm6920a1,2020,en,en,strict,not_required,strict_include_wildland,wildland,wildland,True,True,"[""displacement""]","[""infectious parasitic""]","[""displaced refugees"", ""local communities""]",epidemiological,"[""United States""]",local,implicit,"[""norovirus contagion"", ""person-to-person transmission""]","[""shelter crowding"", ""limited sanitation infrastructure"", ""limited infection control resources"", ""disaster response constraints""]",high
PAD3CE283CFCE,https://openalex.org/W2996097134,10.1029/2019gh000219,2019,en,en,strict,not_required,strict_include_wildland,wildland,wildland,True,True,"[""wildfire_smoke""]","[""respiratory system""]","[""racial minorities"", ""elderly""]",epidemiological,"[""United States""]",regional,explicit,[],"[""racial disparities"", ""age-related vulnerability""]",high
P5A062FDCA17E,https://openalex.org/W4224282190,10.3390/ijerph19095012,2022,en,en,strict,not_required,strict_include_wildland,wildland,wildland,True,True,"[""direct_fire""]","[""external causes morbidity mortality""]","[""general"", ""low income""]",case_crossover,"[""Israel""]",local,implicit,[],"[""socio-economic status"", ""underlying morbidity""]",high
PB2CC4826EC8F,https://openalex.org/W4403707719,10.1016/j.jhazmat.2024.136290,2024,en,en,strict,not_required,strict_include_wildland,wildland,wildland,True,True,"[""wildfire_smoke"", ""PM2.5""]","[""perinatal conditions""]","[""pregnant"", ""children"", ""racial minorities"", ""low income""]",cohort,"[""Brazil""]",national,explicit,"[""PM2.5 toxicity"", ""oxidative stress""]","[""low-income municipalities"", ""high-temperature municipalities"", ""geographic region"", ""educational attainment"", ""maternal age""]",high
P618D8F27B00D,https://openalex.org/W3177178414,10.3389/fpsyt.2021.682041,2021,en,en,strict,not_required,strict_include_wildland,wildland,wildland,True,True,"[""displacement""]","[""mental behavioural neurodevelopmental"", ""external causes morbidity mortality""]","[""children"", ""local communities""]",cohort,"[""Canada""]",local,explicit,"[""stress contagion"", ""retraumatization""]","[""prior trauma exposure"", ""collective trauma""]",high
P8F05504F5957,https://openalex.org/W4200432603,10.3389/fpubh.2021.723613,2021,en,en,strict,not_required,strict_include_wildland,wildland,wildland,True,True,"[""displacement""]","[""mental behavioural neurodevelopmental""]","[""indigenous"", ""local communities""]",qualitative,"[""Canada""]",local,explicit,[],"[""health systems capacity"", ""cultural responsiveness"", ""service accessibility"", ""post-disaster recovery infrastructure""]",high
P262AC44B1859,https://openalex.org/W4386135686,10.15585/mmwr.mm7234a6,2023,en,en,strict,not_required,strict_include_wildland,wildland,wildland,True,True,"[""wildfire_smoke"", ""PM2.5""]","[""respiratory system""]","[""general""]",epidemiological,"[""United States""]",regional,none,[],[],high
P5AE8CC42400F,https://openalex.org/W4381682933,10.1371/journal.pgph.0001886,2023,en,en,strict,not_required,strict_include_wildland,wildland,wildland,True,True,"[""wildfire_smoke""]","[""circulatory system"", ""respiratory system""]","[""general"", ""low income""]",epidemiological,"[""United States"", ""Mexico""]",regional,implicit,[],"[""poverty"", ""sociodemographic differences"", ""neighborhood-level risk factors""]",high
P0CC54811A3C2,https://openalex.org/W4311102014,10.1016/j.scitotenv.2022.160609,2022,en,en,strict,not_required,strict_include_wildland,wildland,wildland,True,True,"[""wildfire_smoke""]","[""respiratory system"", ""circulatory system""]","[""outdoor workers""]",experimental,"[""United States""]",local,implicit,"[""airway epithelium thickening"", ""aortic stiffening"", ""reduced ejection fraction"", ""increased airway resistance""]","[""occupational exposure""]",high
P11774BC62E42,https://openalex.org/W2762998876,10.1016/j.scitotenv.2017.09.249,2017,en,en,strict,not_required,strict_include_wildland,wildland,wildland,True,True,"[""wildfire_smoke"", ""PM10""]","[""respiratory system"", ""immune system""]","[""general""]",epidemiological,"[""Nepal""]",local,none,"[""endotoxin inflammatory effect"", ""anti-inflammatory response"", ""NF-κB activation""]",[],medium
P23595CB2E998,https://openalex.org/W4210379790,10.3390/medicina58020239,2022,en,en,strict,not_required,strict_include_wildland,wildland,wildland,True,True,"[""wildfire_smoke""]","[""respiratory system""]","[""outdoor workers""]",systematic_review,"[""United States""]",unclear,implicit,[],"[""occupational exposure""]",medium
P4A86AF5F3D51,https://openalex.org/W4366523528,10.1176/appi.pn.2023.05.5.38,2023,en,en,strict,not_required,strict_include_wildland,wildland,wildland,True,True,"[""direct_fire"", ""smoke""]","[""mental behavioural neurodevelopmental"", ""injury poisoning external consequences"", ""external causes morbidity mortality""]","[""outdoor workers""]",qualitative,"[""United States""]",national,explicit,[],"[""low wages"", ""poor working conditions"", ""lack of insurance coverage"", ""isolation during off-season"", ""occupational stress""]",high
P546D81471A3B,https://openalex.org/W2614633043,10.1080/15287394.2017.1286896,2017,en,en,strict,not_required,strict_include_wildland,wildland,wildland,False,True,"[""wildfire_smoke""]","[""injury poisoning external consequences"", ""neoplasms""]","[""outdoor workers""]",cross_sectional,"[""Portugal""]",local,implicit,"[""DNA damage"", ""oxidative stress"", ""genotoxicity""]","[""occupational exposure"", ""workplace safety practices""]",medium
PDEBEE98BFEBA,https://openalex.org/W3176859002,10.1080/13504851.2021.1927959,2021,en,en,strict,not_required,strict_include_wildland,wildland,wildland,True,True,"[""direct_fire""]","[""perinatal conditions"", ""pregnancy childbirth puerperium""]","[""pregnant"", ""general""]",epidemiological,"[""United States""]",national,implicit,[],[],high
P83FB1B765C8B,https://openalex.org/W4404734330,10.1088/2752-5309/ad976d,2024,en,en,strict,not_required,strict_include_wildland,wildland,wildland,True,True,"[""wildfire_smoke"", ""PM2.5""]","[""respiratory system"", ""external causes morbidity mortality""]","[""general"", ""children"", ""elderly"", ""racial minorities""]",case_crossover,"[""United States""]",regional,implicit,[],"[""residential air conditioning availability"", ""race"", ""age"", ""social vulnerability""]",high
PB95B8BEAA7E2,https://openalex.org/W4402205478,10.1080/14767058.2024.2397721,2024,en,en,strict,not_required,strict_include_wildland,wildland,wildland,True,True,"[""direct_fire""]","[""developmental anomalies""]","[""pregnant""]",cohort,"[""United States""]",regional,implicit,[],[],high
P2D1A543EB8A3,https://openalex.org/W2076280897,10.1080/10903120290938724,2002,en,en,strict,not_required,strict_include_wildland,wildland,wildland,False,True,"[""direct_fire"", ""other""]","[""injury poisoning external consequences"", ""skin"", ""ear mastoid"", ""digestive system"", ""visual system"", ""musculoskeletal connective""]","[""outdoor workers""]",epidemiological,"[""United States""]",local,implicit,[],"[""occupational exposure""]",high
PD23A1E263A5D,https://openalex.org/W4404345692,10.1001/jamanetworkopen.2024.44593,2024,en,en,strict,not_required,strict_include_wildland,wildland,wildland,True,True,"[""wildfire_smoke"", ""PM2.5""]","[""perinatal conditions"", ""pregnancy childbirth puerperium""]","[""pregnant"", ""low income"", ""limited education"", ""racial minorities""]",cohort,"[""United States""]",regional,implicit,"[""PM2.5 constituent accumulation"", ""placental inflammation""]","[""educational attainment"", ""household income"", ""green space access""]",high
P78FB217693B8,https://openalex.org/W4404217021,10.1007/s11698-024-00297-0,2024,en,en,strict,not_required,strict_include_wildland,wildland,wildland,True,True,"[""wildfire_smoke""]","[""external causes morbidity mortality"", ""endocrine nutritional metabolic""]","[""children""]",epidemiological,"[""United States""]",local,explicit,[],"[""socioeconomic status""]",high
P23268F5F3E7D,https://openalex.org/W2136156742,,2005,en,en,strict,not_required,strict_include_wildland,wildland,wildland,True,True,"[""wildfire_smoke"", ""PM2.5""]","[""perinatal conditions"", ""external causes morbidity mortality""]","[""children"", ""low income""]",epidemiological,"[""Indonesia""]",national,implicit,[],"[""poverty"", ""economic development""]",high
PE0051B45F166,https://openalex.org/W4394738454,10.1159/000536576,2024,en,en,strict,not_required,strict_include_wildland,wildland,wildland,True,True,"[""wildfire_smoke""]","[""respiratory system"", ""immune system""]","[""outdoor workers"", ""pregnant"", ""children"", ""elderly"", ""racial minorities""]",systematic_review,"[""global""]",global,explicit,"[""allergic airway sensitization"", ""airway sensitization""]","[""healthcare disparities"", ""healthcare access""]",high
P3955B8CCCF73,https://openalex.org/W4391431734,10.3390/jcm13030865,2024,en,en,strict,not_required,strict_include_wildland,wildland,wildland,True,True,"[""displacement""]","[""mental behavioural neurodevelopmental""]","[""climate hazard affected"", ""displaced refugees""]",experimental,"[""Canada""]",regional,explicit,[],"[""displacement"", ""property destruction"", ""community disruption""]",high
PAB011C85E00D,https://openalex.org/W3164150871,10.1016/j.wem.2021.02.004,2021,en,en,strict,not_required,strict_include_wildland,wildland,wildland,True,True,"[""heat_stress""]","[""injury poisoning external consequences""]","[""outdoor workers""]",epidemiological,"[""United States""]",unclear,implicit,"[""hyperthermia"", ""thermoregulation""]","[""occupational characteristics"", ""work:rest ratio management""]",high
PBDA8844B5B7A,https://openalex.org/W4391173877,10.1111/all.16007,2024,en,en,strict,not_required,strict_include_wildland,wildland,wildland,True,True,"[""wildfire_smoke"", ""PM2.5""]","[""skin""]","[""general""]",systematic_review,"[""global""]",global,implicit,"[""particulate matter-induced exacerbation""]","[""drought-induced food insecurity"", ""migration""]",high
P3840F8051651,https://openalex.org/W4390272752,10.3390/ijerph21010038,2023,en,en,strict,not_required,strict_include_wildland,wildland,wildland,True,True,"[""direct_fire""]","[""mental behavioural neurodevelopmental"", ""sleep wake""]","[""general""]",cross_sectional,"[""Australia"", ""Canada"", ""United States""]",multi-country,none,[],[],high
P9C4BC7CBCEF5,https://openalex.org/W4280575016,10.3389/fpubh.2022.725256,2022,en,en,strict,not_required,strict_include_wildland,wildland,wildland,True,True,"[""displacement""]","[""mental behavioural neurodevelopmental"", ""pregnancy childbirth puerperium"", ""endocrine nutritional metabolic""]","[""pregnant""]",qualitative,"[""Canada""]",local,explicit,[],"[""loss of control"", ""uncertainty"", ""social connectedness and support"", ""home displacement""]",high
P5B2DFB548AD5,https://openalex.org/W4319868346,10.1016/j.joclim.2023.100219,2023,en,en,strict,not_required,strict_include_wildland,wildland,wildland,True,True,"[""wildfire_smoke"", ""PM2.5""]","[""respiratory system""]","[""general"", ""rural""]",cross_sectional,"[""United States"", ""Alaska""]",regional,implicit,"[""small particulate matter exposure""]","[""rural location"", ""limited PM2.5 measurement infrastructure""]",high
P29728A566BFE,https://openalex.org/W3212858470,10.3389/fpubh.2021.641151,2021,en,en,strict,not_required,strict_include_wildland,wildland,wildland,True,True,"[""displacement""]","[""mental behavioural neurodevelopmental"", ""injury poisoning external consequences"", ""external causes morbidity mortality""]","[""local communities"", ""displaced refugees""]",qualitative,"[""Canada""]",local,implicit,[],"[""evacuation displacement"", ""material loss"", ""community disruption""]",high
P7D7CAF9FA5BD,https://openalex.org/W2077618738,10.4236/ojpsych.2011.12010,2011,en,en,strict,not_required,strict_include_wildland,wildland,wildland,True,True,"[""displacement""]","[""mental behavioural neurodevelopmental""]","[""rural"", ""local communities""]",case_control,"[""Greece""]",local,implicit,[],"[""mistrust in institutions"", ""social attitudes"", ""demographic characteristics""]",high
P417FAAABB77E,https://openalex.org/W2021580128,10.1097/00005768-200205001-01096,2002,en,en,strict,not_required,strict_include_wildland,wildland,wildland,True,True,"[""heat_stress""]","[""immune system""]","[""outdoor workers""]",experimental,"[""United States""]",local,implicit,"[""work shift energy expenditure"", ""salivary IgA suppression""]","[""occupational exposure"", ""extended work duration""]",high
PB0BCA6A6F00E,https://openalex.org/W4401510485,10.7758/rsf.2024.10.1.11,2024,en,en,strict,not_required,strict_include_wildland,wildland,wildland,True,True,"[""wildfire_smoke""]","[""perinatal conditions"", ""pregnancy childbirth puerperium""]","[""children"", ""pregnant"", ""limited education""]",cohort,"[""United States""]",national,explicit,"[""stress""]","[""maternal education"", ""selective survival"", ""unequal sensitivity""]",high
PE805A68DEB07,https://openalex.org/W4393156790,10.3389/fpubh.2024.1343399,2024,en,en,strict,not_required,strict_include_wildland,wildland,wildland,True,True,"[""displacement""]","[""mental behavioural neurodevelopmental""]","[""general"", ""low income""]",cross_sectional,"[""Canada""]",regional,implicit,[],"[""unemployment"", ""prior mental health diagnosis""]",high
P9876F098A1D5,https://openalex.org/W2149082446,10.1097/dmp.0b013e3181b65895,2009,en,en,strict,not_required,strict_include_wildland,wildland,wildland,True,True,"[""direct_fire""]","[""external causes morbidity mortality"", ""injury poisoning external consequences""]","[""outdoor workers""]",epidemiological,"[""United States""]",national,implicit,[],"[""occupational exposure"", ""disaster response role""]",high
P26F62DFE8B68,https://openalex.org/W4286632566,10.3389/fped.2022.891616,2022,en,en,strict,not_required,strict_include_wildland,wildland,wildland,True,True,"[""wildfire_smoke"", ""PM2.5""]","[""respiratory system""]","[""children""]",synthesis,"[""United States"", ""California"", ""Global""]",global,explicit,[],[],medium
P6A264A672435,https://openalex.org/W3106883062,10.1002/jts.22634,2020,en,en,strict,not_required,strict_include_wildland,wildland,wildland,True,True,"[""displacement""]","[""mental behavioural neurodevelopmental""]","[""children""]",cross_sectional,"[""Portugal""]",local,explicit,[],[],high
PDA6A0A943DE2,https://openalex.org/W4362641151,10.3390/ijerph20075393,2023,en,en,strict,not_required,strict_include_wildland,wildland,wildland,True,True,"[""wildfire_smoke""]","[""respiratory system"", ""mental behavioural neurodevelopmental""]","[""low income""]",qualitative,"[""United States""]",local,explicit,[],"[""low income"", ""air pollution burden"", ""limited adaptive resources"", ""urban residence""]",high
PAA6B92335D64,https://openalex.org/W4380442862,10.1088/1748-9326/acddf9,2023,en,en,strict,not_required,strict_include_wildland,wildland,wildland,True,True,"[""wildfire_smoke""]","[""sleep wake""]","[""low income"", ""limited education"", ""climate hazard affected"", ""local communities""]",qualitative,"[""United States""]",regional,explicit,[],"[""low income"", ""limited English proficiency"", ""inequitable exposure""]",medium
P075739FB44EC,https://openalex.org/W4402563665,10.1088/2752-5309/ad7be6,2024,en,en,strict,not_required,strict_include_wildland,wildland,wildland,True,True,"[""wildfire_smoke""]","[""respiratory system"", ""circulatory system"", ""external causes morbidity mortality"", ""perinatal conditions""]","[""general"", ""outdoor workers""]",synthesis,"[""global""]",global,implicit,[],"[""economic challenges during recovery"", ""housing loss"", ""access to protective interventions"", ""communication barriers to targeted populations""]",high
PECC1A3543360,https://openalex.org/W4402905857,10.1016/j.envpol.2024.125022,2024,en,en,strict,not_required,strict_include_wildland,wildland,wildland,True,True,"[""wildfire_smoke""]","[""perinatal conditions"", ""pregnancy childbirth puerperium""]","[""pregnant""]",cohort,"[""United States""]",regional,explicit,[],"[""housing characteristics"", ""cooling type"", ""home renovation status""]",high
PBB956D319CBD,https://openalex.org/W4389832881,10.1007/s13555-023-01080-1,2023,en,en,strict,not_required,strict_include_wildland,wildland,wildland,True,True,"[""wildfire_smoke"", ""PM2.5""]","[""skin""]","[""general"", ""low income"", ""elderly"", ""children""]",time_series,"[""United States"", ""Canada""]",regional,implicit,"[""airway and skin inflammation"", ""allergic and irritant response to CO and PM2.5""]","[""low-income status"", ""age-related vulnerability""]",medium
P3188FBD412C5,https://openalex.org/W4206489667,10.3329/bjms.v21i1.56345,2022,en,en,strict,not_required,strict_include_wildland,wildland,wildland,True,True,"[""wildfire_smoke"", ""PM2.5""]","[""respiratory system""]","[""children""]",epidemiological,"[""Indonesia""]",local,implicit,[],"[""deforestation"", ""climate change""]",high
P752AB280D72C,https://openalex.org/W4205640154,10.1016/j.joclim.2022.100113,2022,en,en,strict,not_required,strict_include_wildland,wildland,wildland,True,True,"[""wildfire_smoke"", ""PM2.5""]","[""respiratory system""]","[""general""]",cross_sectional,"[""Australia""]",local,none,[],[],high
P5708C19C9B9F,https://openalex.org/W2912645453,10.1590/1414-431x20188130,2019,en,en,strict,not_required,strict_include_wildland,wildland,wildland,True,True,"[""PM2.5""]","[""respiratory system""]","[""elderly""]",time_series,"[""Brazil""]",local,explicit,[],[],high
P027C2E79D7CE,https://openalex.org/W4392472299,10.3390/bs14030209,2024,en,en,strict,not_required,strict_include_wildland,wildland,wildland,True,True,"[""other""]","[""mental behavioural neurodevelopmental""]","[""general"", ""low income""]",cross_sectional,"[""Canada""]",regional,implicit,[],"[""unemployment"", ""employment status"", ""prior mental health diagnosis""]",high
P27BD9D776E87,https://openalex.org/W2042678882,10.1097/sap.0b013e3182111021,2011,en,en,strict,not_required,strict_include_wildland,wildland,wildland,True,True,"[""direct_fire""]","[""injury poisoning external consequences"", ""external causes morbidity mortality""]","[""general""]",qualitative,"[""Australia""]",local,none,[],"[""healthcare system capacity""]",high
P64775188D2FD,https://openalex.org/W4402326957,10.1016/j.jtos.2024.09.001,2024,en,en,strict,not_required,strict_include_wildland,wildland,wildland,True,True,"[""wildfire_smoke""]","[""visual system""]","[""outdoor workers""]",cross_sectional,"[""Australia""]",local,explicit,[],"[""occupational exposure"", ""lack of effective protective equipment access""]",high
PD6803B94DF56,https://openalex.org/W4404418905,10.1111/jcap.70002,2024,en,en,strict,not_required,strict_include_wildland,wildland,wildland,True,True,"[""wildfire_smoke""]","[""mental behavioural neurodevelopmental"", ""respiratory system""]","[""children""]",systematic_review,"[""North America""]",regional,explicit,[],[],high
P53FFF8B67684,https://openalex.org/W3177172493,10.3389/fpubh.2021.601375,2021,en,en,strict,not_required,strict_include_wildland,wildland,wildland,True,True,"[""displacement""]","[""pregnancy childbirth puerperium"", ""perinatal conditions"", ""mental behavioural neurodevelopmental""]","[""pregnant"", ""local communities""]",cohort,"[""Canada""]",local,explicit,[],"[""disaster-related stress and displacement"", ""evacuation and dispersal""]",high
PFCBC12F74083,https://openalex.org/W4402469769,10.1016/j.envint.2024.109007,2024,en,en,strict,not_required,strict_include_wildland,wildland,wildland,True,True,"[""wildfire_smoke"", ""PM2.5""]","[""perinatal conditions"", ""injury poisoning external consequences""]","[""pregnant"", ""low income""]",cohort,"[""Australia""]",regional,implicit,[],"[""low socioeconomic status"", ""biothermal exposure""]",high
PBEBA5722B3B2,https://openalex.org/W4388850659,10.1111/resp.14624,2023,en,en,strict,not_required,strict_include_wildland,wildland,wildland,True,True,"[""wildfire_smoke"", ""PM2.5""]","[""respiratory system"", ""circulatory system"", ""external causes morbidity mortality"", ""neoplasms""]","[""children"", ""pregnant"", ""elderly"", ""outdoor workers"", ""rural"", ""low income"", ""limited healthcare access""]",synthesis,"[""United States"", ""Canada""]",global,explicit,"[""inflammation"", ""oxidative stress"", ""alveolar-capillary translocation""]","[""housing constraints"", ""resource constraints"", ""educational attainment"", ""occupational exposure"", ""air quality monitoring access""]",high
P11A6F0A16874,https://openalex.org/W4312004017,10.1093/geroni/igac059.2307,2022,en,en,strict,not_required,strict_include_wildland,wildland,wildland,True,True,"[""wildfire_smoke""]","[""respiratory system"", ""external causes morbidity mortality""]","[""elderly"", ""indigenous""]",systematic_review,[],unclear,explicit,[],"[""disaster evacuation access"", ""disaster warning access"", ""financial losses""]",high
P4E37EF1C2541,https://openalex.org/W4390658740,10.1016/s2542-5196(23)00251-6,2024,en,en,strict,not_required,strict_include_wildland,wildland,wildland,True,True,"[""wildfire_smoke""]","[""respiratory system"", ""external causes morbidity mortality""]","[""children"", ""rural""]",time_series,"[""Mozambique""]",local,explicit,"[""smoke inhalation""]","[""limited healthcare access"", ""scarce air pollution monitoring""]",high
P3C2E09D9C6D3,https://openalex.org/W4395081006,10.1071/wf23147,2024,en,en,strict,not_required,strict_include_wildland,wildland,wildland,True,True,"[""wildfire_smoke""]","[""respiratory system""]","[""outdoor workers""]",qualitative,"[""Australia""]",regional,explicit,[],"[""peer pressure"", ""inadequate respiratory protection"", ""lack of decontamination facilities"", ""knowledge gaps""]",medium
P232A179BB0B9,https://openalex.org/W113437416,10.26076/e0a0-f5fa,2021,en,en,strict,not_required,strict_include_wildland,wildland,wildland,True,True,"[""wildfire_smoke""]","[""respiratory system"", ""circulatory system"", ""neoplasms"", ""injury poisoning external consequences""]","[""outdoor workers""]",epidemiological,"[""United States""]",national,explicit,"[""inhalation irritants"", ""carbon monoxide"", ""aldehydes"", ""particulate matter"", ""crystalline silica"", ""polycyclic aromatic hydrocarbons""]","[""lack of respiratory protection equipment"", ""occupational exposure""]",high
P23CA1161F567,https://openalex.org/W3215710121,10.36497/jri.v41i4.210,2021,en,en,strict,not_required,strict_include_wildland,wildland,wildland,True,True,"[""direct_fire""]","[""respiratory system""]","[""outdoor workers""]",cross_sectional,"[""Indonesia""]",local,implicit,[],[],high
PBC21F3707232,https://openalex.org/W4399812970,10.1177/23814683241260423,2024,en,en,strict,not_required,strict_include_wildland,wildland,wildland,True,True,"[""displacement""]","[""mental behavioural neurodevelopmental""]","[""displaced refugees""]",modelling,"[""Canada""]",national,explicit,[],"[""treatment access"", ""economic burden""]",high
P58CA558B26DF,https://openalex.org/W4400514264,10.3389/ijph.2024.1607128,2024,en,en,strict,not_required,strict_include_wildland,wildland,wildland,True,True,"[""wildfire_smoke""]","[""mental behavioural neurodevelopmental""]","[""children"", ""general""]",epidemiological,"[""China""]",national,implicit,"[""air pollution""]","[""defensive expenditures""]",high
P76E10628A720,https://openalex.org/W4403633313,10.1021/acsestair.4c00213,2024,en,en,strict,not_required,strict_include_wildland,wildland,wildland,True,True,"[""wildfire_smoke"", ""PM2.5""]","[""respiratory system"", ""ear mastoid"", ""infectious parasitic""]","[""pregnant"", ""children""]",case_control,"[""Canada""]",regional,explicit,"[""critical developmental windows"", ""eustachian tube development"", ""lower respiratory tract development""]",[],high
P228E0E3BE924,https://openalex.org/W4405944899,10.1097/ee9.0000000000000362,2024,en,en,strict,not_required,strict_include_wildland,wildland,wildland,True,True,"[""wildfire_smoke""]","[""respiratory system"", ""circulatory system""]","[""general""]",epidemiological,"[""United States""]",regional,implicit,[],"[""county-level socioeconomic variables""]",high
P932AFCFF662E,https://openalex.org/W4404127698,10.1111/sode.12777,2024,en,en;es,strict,not_required,strict_include_wildland,wildland,wildland,True,True,"[""direct_fire""]","[""mental behavioural neurodevelopmental""]","[""children""]",cross_sectional,"[""Chile""]",local,implicit,[],"[""parental support""]",high
P8F13BC6ADC59,https://openalex.org/W2982160002,10.1097/01.ee9.0000607700.00327.8e,2019,en,en,strict,not_required,strict_include_wildland,wildland,mixed,True,True,"[""wildfire_smoke"", ""heat_stress""]","[""perinatal conditions""]","[""pregnant""]",cohort,"[""United States""]",regional,explicit,"[""thermal stress"", ""inflammation""]","[""socioeconomic factors""]",high
P272E4F155D27,https://openalex.org/W3177455132,10.1093/ije/dyab100,2021,en,en,strict,not_required,strict_include_wildland,wildland,wildland,True,True,"[""wildfire_smoke"", ""PM2.5""]","[""external causes morbidity mortality""]","[""children""]",case_crossover,"[""Malaysia""]",regional,explicit,[],[],high
P08851FA9CBE2,https://openalex.org/W4387823225,10.1371/journal.pclm.0000300,2023,en,en,strict,not_required,strict_include_wildland,wildland,wildland,True,True,"[""displacement""]","[""mental behavioural neurodevelopmental""]","[""local communities"", ""rural""]",qualitative,"[""United States""]",regional,implicit,[],"[""social support systems"", ""community leadership"", ""emergency shelter access"", ""evacuation procedures""]",high
P6AA9BC5BC7EC,https://openalex.org/W4401936583,10.1088/2752-5309/ad748c,2024,en,en,strict,not_required,strict_include_wildland,wildland,wildland,True,True,"[""wildfire_smoke""]","[""respiratory system"", ""perinatal conditions""]","[""children"", ""pregnant""]",cohort,"[""United States""]",regional,implicit,[],[],high
P073A2A7F4C3D,https://openalex.org/W4401919919,10.1192/j.eurpsy.2024.953,2024,en,en,strict,not_required,strict_include_wildland,wildland,wildland,True,True,"[""direct_fire""]","[""mental behavioural neurodevelopmental"", ""external causes morbidity mortality""]","[""children"", ""persons with disabilities""]",systematic_review,[],unclear,explicit,[],"[""re-traumatization"", ""resilience"", ""gender"", ""direct exposure""]",high
P9933B117725D,https://openalex.org/W4404604966,10.1136/bmjresp-2023-001951,2024,en,en,strict,not_required,strict_include_wildland,wildland,wildland,True,True,"[""wildfire_smoke"", ""PM2.5""]","[""respiratory system""]","[""outdoor workers""]",cohort,"[""Portugal""]",local,explicit,"[""inhalation of air pollutants"", ""particulate matter deposition""]","[""occupational hazard exposure"", ""inadequate occupational health monitoring""]",high
PD46E7BEE93CC,https://openalex.org/W1993322338,10.3759/tropics.16.275,2007,en,en;id,strict,not_required,strict_include_wildland,wildland,wildland,True,True,"[""wildfire_smoke"", ""PM2.5""]","[""respiratory system"", ""external causes morbidity mortality""]","[""general"", ""children"", ""elderly""]",epidemiological,"[""Indonesia""]",local,implicit,[],"[""occupational disruption"", ""school closures""]",high
PB12DB28F643A,https://openalex.org/W4386226594,10.24075/brsmu.2023.028,2023,en,en,strict,not_required,strict_include_wildland,wildland,wildland,True,True,"[""direct_fire""]","[""neoplasms""]","[""children"", ""general""]",time_series,"[""Russian Federation""]",regional,implicit,[],[],medium
P8445F493FB10,https://openalex.org/W4403970426,10.1016/j.jenvman.2024.123096,2024,en,en,strict,not_required,strict_include_wildland,wildland,wildland,True,True,"[""wildfire_smoke""]","[""external causes morbidity mortality""]","[""general""]",modelling,"[""China"", ""India"", ""Indochina Peninsula"", ""Amazon Rain Forest"", ""Central Africa""]",global,none,[],[],medium
P09A4B033AACA,https://openalex.org/W4404522750,10.1016/j.envres.2024.120395,2024,en,en,strict,not_required,strict_include_wildland,wildland,wildland,True,True,"[""wildfire_smoke""]","[""respiratory system"", ""circulatory system""]","[""general""]",experimental,"[""unclear""]",unclear,none,"[""extracellular vesicle-mediated intercellular communication"", ""extracellular matrix degradation"", ""wound healing pathway modulation""]",[],high
PE1AB51F7FEF7,https://openalex.org/W4393249522,10.1111/resp.14716,2024,en,en,strict,not_required,strict_include_wildland,wildland,wildland,True,True,"[""wildfire_smoke""]","[""respiratory system"", ""circulatory system"", ""mental behavioural neurodevelopmental"", ""neoplasms"", ""external causes morbidity mortality""]","[""children"", ""indigenous"", ""rural""]",synthesis,"[""Canada"", ""United States""]",multi-country,implicit,"[""airborne particulate matter"", ""carbon monoxide"", ""polycyclic aromatic hydrocarbons""]","[""rural healthcare workforce shortage"", ""healthcare system capacity""]",high
P9353CDB4DA2F,https://openalex.org/W4405559041,10.3389/fpubh.2024.1452872,2024,en,en,strict,not_required,strict_include_wildland,wildland,wildland,True,True,"[""displacement""]","[""mental behavioural neurodevelopmental""]","[""climate hazard affected"", ""local communities""]",cohort,"[""Canada""]",regional,implicit,[],"[""social support"", ""peer support interventions""]",high
P29D50D59C12B,https://openalex.org/W148990662,,2001,en,en,strict,not_required,strict_include_wildland,wildland,wildland,True,True,"[""direct_fire""]","[""injury poisoning external consequences"", ""mental behavioural neurodevelopmental""]","[""indigenous"", ""rural"", ""local communities""]",qualitative,"[""Indonesia""]",local,implicit,[],"[""traditional fire management practices"", ""land use practices"", ""agricultural practices""]",high
PC086CCD00D70,https://openalex.org/W4214679398,10.1177/00207314221082452,2022,en,en,strict,not_required,strict_include_wildland,wildland,wildland,True,True,"[""wildfire_smoke""]","[""respiratory system"", ""mental behavioural neurodevelopmental""]","[""general""]",systematic_review,"[""global""]",global,none,[],[],high
P00F97BE43283,https://openalex.org/W4389521125,10.1093/pch/pxad083,2023,en,en,strict,not_required,strict_include_wildland,wildland,wildland,True,True,"[""wildfire_smoke"", ""PM2.5""]","[""respiratory system"", ""circulatory system"", ""nervous system""]","[""children"", ""low income"", ""local communities""]",other,"[""Canada""]",national,explicit,"[""systemic inflammation"", ""PM2.5 reaching alveoli"", ""particles entering circulatory system""]","[""climate change"", ""marginalized communities"", ""disadvantaged children""]",medium
PFC1BBAEE86B2,https://openalex.org/W2981291426,10.14288/1.0383432,2019,en,en,strict,not_required,strict_include_wildland,wildland,wildland,True,True,"[""wildfire_smoke"", ""PM2.5""]","[""respiratory system"", ""circulatory system"", ""endocrine nutritional metabolic""]","[""general""]",epidemiological,"[""Canada""]",regional,none,[],[],high
PE7D52BA42AC8,https://openalex.org/W2443451321,10.1097/01.ede.0000289042.74728.1a,2007,en,en,strict,not_required,strict_include_wildland,wildland,wildland,True,True,"[""wildfire_smoke"", ""PM2.5""]","[""external causes morbidity mortality""]","[""general""]",time_series,"[""Finland"", ""Eastern Europe""]",regional,none,[],[],medium
PCFB21F8DB35B,https://openalex.org/W3214952924,10.32402/dovkil2021.04.011,2021,en,en,strict,not_required,strict_include_wildland,wildland,wildland,True,True,"[""direct_fire""]","[""endocrine nutritional metabolic""]","[""children""]",cross_sectional,"[""Ukraine""]",local,implicit,"[""homocysteine elevation"", ""pituitary-thyroid axis disruption"", ""T3 deiodination impairment""]","[""proximity to Chornobyl exclusion zone""]",high
P261DFF823334,https://openalex.org/W2626062545,10.1080/15459624.2017.1326700,2017,en,en,strict,not_required,strict_include_wildland,wildland,wildland,True,True,"[""wildfire_smoke"", ""PM2.5""]","[""respiratory system""]","[""outdoor workers""]",experimental,"[""United States""]",local,implicit,"[""airway inflammation"", ""oxidative stress""]","[""occupational exposure"", ""physical exertion during work""]",high
P32384EB3A21B,https://openalex.org/W2068195706,10.5194/isprsarchives-xl-8-185-2014,2014,en,en,strict,not_required,strict_include_wildland,wildland,mixed,True,True,"[""PM2.5""]","[""respiratory system""]","[""general""]",cross_sectional,"[""Thailand""]",local,none,"[""inhalation of particulate matter""]",[],high
P25882E95CAB6,https://openalex.org/W4308866987,10.3390/jcm11226649,2022,en,en,strict,not_required,strict_include_wildland,wildland,wildland,True,True,"[""displacement""]","[""mental behavioural neurodevelopmental"", ""sleep wake""]","[""general""]",qualitative,"[""Canada""]",local,implicit,[],"[""evacuation displacement""]",high
PDF75C1B46AF1,https://openalex.org/W3205864581,10.1029/2021gh000454,2021,en,en,strict,not_required,strict_include_wildland,wildland,wildland,True,True,"[""wildfire_smoke"", ""PM2.5""]","[""external causes morbidity mortality""]","[""general""]",epidemiological,"[""Australia""]",regional,none,[],[],high
P78657EBD8382,https://openalex.org/W4405184565,10.3390/atmos15121470,2024,en,en,strict,not_required,strict_include_wildland,wildland,wildland,True,True,"[""wildfire_smoke"", ""PM2.5""]","[""respiratory system"", ""perinatal conditions""]","[""children"", ""general""]",systematic_review,"[""Global""]",global,implicit,"[""immune response"", ""inflammation"", ""oxidative stress""]","[""economic development status""]",high
PF8CE6015BB02,https://openalex.org/W4390339883,10.1080/1059924x.2023.2299378,2023,en,en,strict,not_required,strict_include_wildland,wildland,wildland,True,True,"[""wildfire_smoke"", ""heat_stress""]","[""respiratory system"", ""other""]","[""outdoor workers"", ""low income"", ""rural""]",qualitative,"[""United States""]",regional,explicit,[],"[""occupational safety inadequacy"", ""employer retaliation"", ""lack of regulatory enforcement"", ""worker distrust of agencies"", ""inadequate training and education""]",high
PC24F0F1A9EA4,https://openalex.org/W4387392324,10.1097/mnh.0000000000000932,2023,en,en,strict,not_required,strict_include_wildland,wildland,wildland,True,True,"[""wildfire_smoke""]","[""perinatal conditions"", ""pregnancy childbirth puerperium"", ""genitourinary system""]","[""pregnant"", ""children""]",systematic_review,"[""global""]",global,explicit,"[""thermoregulation impairment"", ""dehydration sensitivity"", ""infection susceptibility"", ""reduced nephron numbers""]","[""pregnancy vulnerability to climate hazards""]",high
P21DD5588572F,https://openalex.org/W2298763775,10.1002/jcop.21770,2016,en,en,strict,not_required,strict_include_wildland,wildland,wildland,True,True,"[""direct_fire""]","[""mental behavioural neurodevelopmental""]","[""children"", ""local communities""]",cross_sectional,"[""Israel""]",local,implicit,[],"[""community resilience"", ""sense of coherence""]",medium
PF3E3A8EDBCFE,https://openalex.org/W2555220437,10.1186/s12940-016-0198-9,2016,en,en,strict,not_required,strict_include_wildland,wildland,wildland,True,True,"[""wildfire_smoke"", ""PM2.5""]","[""respiratory system"", ""circulatory system""]","[""general""]",synthesis,[],unclear,none,[],[],medium
P0F4AFE7188BA,https://openalex.org/W4391311381,10.3390/fire7020039,2024,en,en,strict,not_required,strict_include_wildland,wildland,wildland,True,True,"[""displacement""]","[""mental behavioural neurodevelopmental""]","[""general"", ""climate hazard affected""]",cross_sectional,"[""Canada""]",regional,implicit,[],"[""employment status"", ""educational attainment"", ""relationship status"", ""media exposure""]",high
P5E820DAC770F,https://openalex.org/W4399362330,10.1002/ppul.27111,2024,en,en,strict,not_required,strict_include_wildland,wildland,wildland,True,True,"[""wildfire_smoke"", ""PM2.5""]","[""respiratory system""]","[""children""]",cohort,"[""United States""]",local,explicit,"[""fine particles deposit deep in respiratory tract"", ""exacerbate underlying lung diseases""]","[""indoor air quality"", ""housing conditions""]",high
P80FBEB97C5B7,https://openalex.org/W3158739080,10.1002/ajim.23249,2021,en,en,strict,not_required,strict_include_wildland,wildland,wildland,True,True,"[""direct_fire""]","[""mental behavioural neurodevelopmental""]","[""outdoor workers""]",cohort,"[""Canada""]",regional,implicit,[],"[""organizational support"", ""peer support"", ""resiliency training""]",high
P47985EDD4B32,https://openalex.org/W4385670235,10.1192/j.eurpsy.2023.2013,2023,en,en,strict,not_required,strict_include_wildland,wildland,wildland,False,True,"[""displacement""]","[""mental behavioural neurodevelopmental"", ""external causes morbidity mortality""]","[""outdoor workers"", ""local communities""]",cross_sectional,"[""Canada""]",local,implicit,[],"[""perceived lack of support from employers"", ""greater exposure to traumatic events""]",high
P38A744552D03,https://openalex.org/W4406219240,10.1002/alz.086179,2024,en,en,strict,not_required,strict_include_wildland,wildland,wildland,True,True,"[""wildfire_smoke"", ""PM2.5""]","[""nervous system""]","[""elderly""]",cohort,"[""United States""]",regional,implicit,[],"[""poverty"", ""population density""]",high
PDF256F4C132B,https://openalex.org/W4293105088,10.15585/mmwr.mm7134a4,2022,en,en,strict,not_required,strict_include_wildland,wildland,wildland,True,True,"[""direct_fire""]","[""infectious parasitic""]","[""outdoor workers""]",case_control,"[""United States""]",local,implicit,"[""inhalation of soil-dwelling fungal spores""]","[""lack of respiratory protection equipment"", ""occupational exposure""]",high
P74EA7D2EA417,https://openalex.org/W4394812803,10.1186/s12940-024-01082-2,2024,en,en,strict,not_required,strict_include_wildland,wildland,mixed,True,True,"[""PM2.5""]","[""respiratory system""]","[""children"", ""rural""]",case_crossover,"[""United States""]",regional,implicit,[],"[""sparsely populated region""]",high
PDAED780A74B1,https://openalex.org/W3085391534,10.52022/jikm.v12i3.88,2020,id,en;id,strict,not_required,strict_include_wildland,wildland,wildland,True,True,"[""wildfire_smoke""]","[""respiratory system""]","[""children""]",case_control,"[""Indonesia""]",local,explicit,"[""air pollution"", ""indoor air quality""]","[""housing conditions"", ""overcrowding"", ""indoor cooking fuel combustion"", ""nutritional status"", ""immunization access"", ""breastfeeding access""]",high
P9BA71B870D45,https://openalex.org/W4399373718,10.15326/jcopdf.2024.0509,2024,en,en,strict,not_required,strict_include_wildland,wildland,wildland,True,True,"[""wildfire_smoke""]","[""respiratory system""]","[""low income"", ""limited healthcare access"", ""outdoor workers""]",qualitative,"[""United States""]",regional,explicit,[],"[""lack of financial and social resources"", ""increased occupational exposure to air pollutants"", ""impaired access to health care""]",high
P226F865367D4,https://openalex.org/W4372338235,10.1088/2752-5309/acd2f6,2023,en,en,strict,not_required,strict_include_wildland,wildland,wildland,True,True,"[""wildfire_smoke""]","[""respiratory system"", ""external causes morbidity mortality""]","[""children""]",case_crossover,"[""United States""]",regional,explicit,[],[],high
P8B7CD2C15B3D,https://openalex.org/W4402839039,10.1016/j.scitotenv.2024.176543,2024,en,en,strict,not_required,strict_include_wildland,wildland,mixed,True,True,"[""PM2.5""]","[""circulatory system"", ""respiratory system""]","[""racial minorities"", ""elderly"", ""children""]",time_series,"[""United States""]",regional,implicit,[],"[""demographic disparities""]",high
P3D40CA93207F,https://openalex.org/W2299337641,,2008,en,en,strict,not_required,strict_include_wildland,wildland,wildland,True,True,"[""direct_fire""]","[""mental behavioural neurodevelopmental""]","[""rural"", ""local communities""]",other,"[""Australia""]",local,explicit,[],"[""preparedness"", ""community engagement"", ""knowledge access""]",medium
PE08074E588D6,https://openalex.org/W2981736335,10.1097/01.ee9.0000609892.52366.e0,2019,en,en,strict,not_required,strict_include_wildland,wildland,wildland,True,True,"[""wildfire_smoke"", ""PM2.5""]","[""mental behavioural neurodevelopmental"", ""respiratory system"", ""sleep wake"", ""visual system""]","[""pregnant""]",cohort,"[""United States""]",regional,explicit,[],"[""emotional stress""]",high
P23E468890E03,https://openalex.org/W4310241078,10.1093/fampra/cmac133,2022,en,en,strict,not_required,strict_include_wildland,wildland,wildland,True,True,"[""wildfire_smoke"", ""displacement""]","[""pregnancy childbirth puerperium"", ""perinatal conditions"", ""mental behavioural neurodevelopmental""]","[""pregnant"", ""local communities""]",qualitative,"[""Australia""]",regional,explicit,[],"[""access to health information"", ""healthcare access during emergency"", ""evacuation stress""]",high
P67DE9064C699,https://openalex.org/W3203229413,10.3389/fpsyt.2021.682055,2021,en,en,strict,not_required,strict_include_wildland,wildland,wildland,True,True,"[""direct_fire""]","[""mental behavioural neurodevelopmental""]","[""children""]",cross_sectional,"[""Canada""]",local,implicit,[],"[""prior trauma history"", ""social support""]",high
PF827F24B0F84,https://openalex.org/W4360615963,10.3390/ijerph20075235,2023,en,en,strict,not_required,strict_include_wildland,wildland,wildland,True,True,"[""displacement""]","[""endocrine nutritional metabolic"", ""mental behavioural neurodevelopmental"", ""external causes morbidity mortality""]","[""elderly"", ""food insecure"", ""climate hazard affected""]",qualitative,"[""Greece""]",local,explicit,[],"[""food insecurity"", ""social support"", ""access to nutrition""]",high
PEEA77F8F8DE5,https://openalex.org/W1809881460,10.1016/s0873-2159(15)30354-8,2007,pt,en;pt,strict,not_required,strict_include_wildland,wildland,wildland,True,True,"[""wildfire_smoke""]","[""respiratory system""]","[""outdoor workers""]",cross_sectional,"[""Portugal""]",national,implicit,[],"[""lack of protective equipment access""]",high
PA00C05F60482,https://openalex.org/W4401446994,10.1093/aje/kwae261,2024,en,en,strict,not_required,strict_include_wildland,wildland,wildland,True,True,"[""wildfire_smoke"", ""PM2.5""]","[""perinatal conditions""]","[""pregnant""]",epidemiological,"[""United States""]",regional,implicit,[],[],high
P25DBD5FC7271,https://openalex.org/W4404795522,10.1093/annweh/wxae089,2024,en,en,strict,not_required,strict_include_wildland,wildland,wildland,True,True,"[""direct_fire""]","[""respiratory system"", ""circulatory system"", ""mental behavioural neurodevelopmental"", ""injury poisoning external consequences"", ""neoplasms""]","[""outdoor workers"", ""indigenous""]",cohort,"[""Canada""]",regional,implicit,[],"[""occupational exposure"", ""seasonal employment""]",high
PC9EFFDA12D6A,https://openalex.org/W3086148335,10.1088/1752-7163/abb761,2020,en,en,strict,not_required,strict_include_wildland,wildland,wildland,True,True,"[""wildfire_smoke""]","[""respiratory system""]","[""outdoor workers""]",epidemiological,"[""United States""]",unclear,implicit,"[""oxidative stress"", ""airways inflammation""]",[],high
P40147D1C725F,https://openalex.org/W4404852987,10.1080/09603123.2024.2434208,2024,en,en,strict,not_required,strict_include_wildland,wildland,wildland,True,True,"[""wildfire_smoke"", ""PM2.5""]","[""circulatory system""]","[""general""]",case_crossover,"[""Argentina""]",local,none,[],[],high
PCB344379D795,https://openalex.org/W3206507482,10.3390/ijerph182010889,2021,en,en,strict,not_required,strict_include_wildland,wildland,wildland,True,True,"[""wildfire_smoke""]","[""respiratory system"", ""circulatory system""]","[""elderly"", ""children"", ""pregnant"", ""indigenous"", ""persons with disabilities"", ""rural"", ""racial minorities""]",systematic_review,"[""Global""]",global,explicit,[],"[""rurality"", ""geographical location"", ""cultural and linguistic diversity"", ""access to targeted health information""]",high
P6C1CAD3A03BE,https://openalex.org/W2043422435,10.1016/s2173-5115(07)70340-8,2007,en,en;pt,strict,not_required,strict_include_wildland,wildland,wildland,False,True,"[""wildfire_smoke""]","[""respiratory system""]","[""outdoor workers""]",cross_sectional,"[""Portugal""]",national,implicit,"[""inhalation of wood smoke""]","[""lack of airway protection equipment"", ""occupational safety practices""]",high
P548466A76844,https://openalex.org/W4405866596,10.30554/tempuspsi.8.1.5089.2025,2024,en,en;es,strict,not_required,strict_include_wildland,wildland,wildland,True,True,"[""direct_fire""]","[""mental behavioural neurodevelopmental""]","[""outdoor workers""]",qualitative,"[""Chile""]",local,implicit,[],"[""lack of systematic mental health protocols"", ""inadequate disaster preparedness training""]",high
PA8E5660E0670,https://openalex.org/W4410123367,10.17921/1415-6938.2024v28n5p573-580,2024,pt,en;pt,strict,not_required,strict_include_wildland,wildland,wildland,True,True,"[""PM2.5"", ""wildfire_smoke""]","[""respiratory system"", ""circulatory system"", ""external causes morbidity mortality""]","[""elderly"", ""low income""]",systematic_review,"[""United States"", ""Australia""]",multi-country,implicit,"[""particulate matter exposure""]","[""socioeconomic status"", ""comorbidities""]",high
PDE6FED9F5A95,https://openalex.org/W4400893426,10.1007/s10615-024-00956-9,2024,en,en,strict,not_required,strict_include_wildland,wildland,wildland,True,True,"[""displacement""]","[""mental behavioural neurodevelopmental""]","[""low income"", ""rural"", ""livelihood ecosystem dependent""]",cross_sectional,"[""Turkey""]",local,explicit,[],"[""socioeconomic status"", ""housing damage"", ""livelihood disruption""]",high
PCD2E7993C490,https://openalex.org/W3034892950,10.1088/1748-9326/ab9a6c,2020,en,en,strict,not_required,strict_include_wildland,wildland,wildland,True,True,"[""PM2.5"", ""wildfire_smoke""]","[""external causes morbidity mortality""]","[""general""]",modelling,"[""Indonesia"", ""Malaysia"", ""Equatorial Asia""]",regional,none,[],"[""drought""]",high
PD1B15A9725D7,https://openalex.org/W4405763202,10.1515/roe-2024-0058,2024,en,en,strict,not_required,strict_include_wildland,wildland,wildland,True,True,"[""wildfire_smoke""]","[""respiratory system"", ""mental behavioural neurodevelopmental""]","[""elderly"", ""low income"", ""limited healthcare access""]",systematic_review,"[""global""]",global,implicit,"[""air pollution""]","[""pre-existing conditions"", ""limited healthcare access"", ""socioeconomic disadvantage""]",medium
PA12309B9BCB5,https://openalex.org/W4386756900,10.1111/resp.14593,2023,en,en,strict,not_required,strict_include_wildland,wildland,wildland,True,True,"[""wildfire_smoke""]","[""respiratory system""]","[""general"", ""children"", ""elderly"", ""pregnant"", ""indigenous""]",synthesis,"[""Australia""]",national,explicit,[],[],high
P4D46EB0593E8,https://openalex.org/W4385669361,10.1192/j.eurpsy.2023.2011,2023,en,en,strict,not_required,strict_include_wildland,wildland,mixed,True,True,"[""displacement""]","[""mental behavioural neurodevelopmental""]","[""climate hazard affected"", ""local communities""]",cross_sectional,"[""Canada""]",local,implicit,[],"[""cumulative trauma exposure"", ""multiple disaster events""]",high
PA823307C7F49,https://openalex.org/W3172072639,10.15027/50755,2021,en,en,strict,not_required,strict_include_wildland,wildland,wildland,True,True,"[""wildfire_smoke""]","[""perinatal conditions""]","[""general""]",epidemiological,"[""Indonesia""]",local,implicit,[],[],high
P08A4B1216E4E,https://openalex.org/W4387563469,10.1016/s2542-5196(23)00192-4,2023,en,en,strict,not_required,strict_include_wildland,wildland,wildland,True,True,"[""wildfire_smoke"", ""PM2.5""]","[""external causes morbidity mortality""]","[""general""]",modelling,"[""China""]",national,none,[],"[""global warming"", ""carbon emissions scenarios""]",high
PCFE67FCDC4BB,https://openalex.org/W4296716946,10.21870/0131-3878-2022-31-3-100-110,2022,en,en,strict,not_required,strict_include_wildland,wildland,wildland,True,True,"[""wildfire_smoke""]","[""neoplasms"", ""blood blood forming""]","[""children"", ""general""]",time_series,"[""Russia""]",national,implicit,"[""oxidative stress""]",[],medium
P3BBDE0C4333E,https://openalex.org/W2996330030,10.37002/biodiversidadebrasileira.v9i1.1256,2019,en,en,strict,not_required,strict_include_wildland,wildland,wildland,True,True,"[""wildfire_smoke""]","[""respiratory system"", ""external causes morbidity mortality""]","[""general""]",other,"[""Indonesia""]",regional,none,[],"[""poor landscape management"", ""inadequate coordination of fire suppression""]",high
P237D31E3B252,https://openalex.org/W4242055800,10.1016/s2542-5196(20)30006-1,2020,en,en,strict,not_required,strict_include_wildland,wildland,wildland,True,True,"[""wildfire_smoke""]","[""respiratory system"", ""nervous system"", ""external causes morbidity mortality""]","[""general"", ""outdoor workers""]",qualitative,"[""Australia""]",national,implicit,[],"[""climate change"", ""government policy"", ""air quality""]",medium
P6185E162CD11,https://openalex.org/W4402894065,10.1002/ppul.27288,2024,en,en,strict,not_required,strict_include_wildland,wildland,wildland,True,True,"[""wildfire_smoke""]","[""respiratory system""]","[""children""]",cross_sectional,"[""United States""]",regional,explicit,[],[],high
P15AA69246CAF,https://openalex.org/W4308341101,10.1111/pai.13872,2022,en,en,strict,not_required,strict_include_wildland,wildland,wildland,True,True,"[""wildfire_smoke"", ""PM2.5""]","[""respiratory system""]","[""children"", ""indigenous"", ""rural""]",cohort,"[""Australia""]",local,implicit,"[""oxidative stress"", ""inflammatory responses"", ""hyperinflation"", ""airway obstruction""]","[""rural residence""]",high
P3695C4231F21,https://openalex.org/W2087238889,10.1249/01.mss.0000323413.46780.c1,2008,en,en,strict,not_required,strict_include_wildland,wildland,wildland,False,True,"[""other""]","[""respiratory system""]","[""outdoor workers""]",experimental,"[""United States""]",national,implicit,"[""antioxidant suppression of URTI symptoms""]","[""occupational exposure during wildfire management""]",medium
P6666311F7054,https://openalex.org/W4310017082,10.1016/j.envint.2022.107665,2022,en,en,strict,not_required,strict_include_wildland,wildland,wildland,True,True,"[""wildfire_smoke"", ""PM2.5""]","[""respiratory system""]","[""children"", ""low income""]",case_crossover,"[""multi-country""]",multi-country,explicit,[],"[""low income setting in 48 low- and middle-income countries""]",high
P39D4C2E643EA,https://openalex.org/W4404921413,10.25060/residpediatr-2024.v14n4-pov,2024,pt,en;pt,strict,not_required,strict_include_wildland,wildland,wildland,True,True,"[""wildfire_smoke"", ""PM2.5""]","[""respiratory system"", ""circulatory system"", ""mental behavioural neurodevelopmental"", ""visual system"", ""ear mastoid"", ""sleep wake"", ""other""]","[""children""]",other,"[""Brazil""]",local,explicit,"[""fine particulate matter penetration"", ""lung inflammation"", ""epigenetic alterations""]","[""environmental policy"", ""public health infrastructure"", ""vulnerable population protection""]",medium
P2FCC5B611560,https://openalex.org/W4403996482,10.1038/s43247-024-01813-w,2024,en,en,strict,not_required,strict_include_wildland,wildland,wildland,True,True,"[""wildfire_smoke"", ""PM2.5""]","[""external causes morbidity mortality"", ""respiratory system""]","[""general"", ""local communities""]",epidemiological,"[""Indonesia""]",national,implicit,"[""PM2.5 inhalation""]","[""fire use practices"", ""landscape management""]",high
P8D31D0D53222,https://openalex.org/W2078508770,10.1097/00001648-200309001-00044,2003,en,en,strict,not_required,strict_include_wildland,wildland,wildland,True,True,"[""wildfire_smoke""]","[""respiratory system""]","[""general""]",epidemiological,"[""Indonesia""]",regional,none,[],"[""climate variability"", ""rapid demographic changes""]",medium
P991C01934EEA,https://openalex.org/W3178761257,10.3390/ijerph18147465,2021,en,en,strict,not_required,strict_include_wildland,wildland,wildland,True,True,"[""wildfire_smoke""]","[""perinatal conditions"", ""respiratory system""]","[""pregnant"", ""children""]",synthesis,"[""Australia""]",global,explicit,"[""DNA methylation"", ""oxidative stress"", ""epigenetic changes""]","[""climate change exposure""]",high
P56428DE386DA,https://openalex.org/W4387062952,10.1249/01.mss.0000988436.26036.45,2023,en,en,strict,not_required,strict_include_wildland,wildland,wildland,True,True,"[""wildfire_smoke""]","[""mental behavioural neurodevelopmental"", ""nervous system"", ""sleep wake""]","[""outdoor workers""]",cross_sectional,"[""Canada""]",local,implicit,"[""autonomic nervous system balance"", ""heart rate variability""]","[""occupational exposure"", ""working conditions""]",high
PEA70D6B49480,https://openalex.org/W1993023027,10.1355/ae18-2d,2001,en,en,strict,not_required,strict_include_wildland,wildland,wildland,True,True,"[""wildfire_smoke""]","[""respiratory system""]","[""general"", ""elderly"", ""children""]",qualitative,"[""Brunei"", ""Southeast Asia""]",regional,implicit,[],"[""government budget constraints"", ""information access"", ""cost recovery in health services""]",high
P6935BD5F6E48,https://openalex.org/W3115953597,10.32402/dovkil2020.04.021,2020,en,en,strict,not_required,strict_include_wildland,wildland,wildland,True,True,"[""wildfire_smoke""]","[""endocrine nutritional metabolic"", ""circulatory system"", ""neoplasms""]","[""children""]",cross_sectional,"[""Ukraine""]",local,explicit,"[""homocysteine elevation"", ""folate metabolism disruption""]","[""radioactive contamination exposure"", ""proximity to exclusion zone""]",high
PAB73A1B607EA,https://openalex.org/W2945840252,10.1016/j.pdisas.2019.100015,2019,en,en,strict,not_required,strict_include_wildland,wildland,wildland,True,True,"[""direct_fire""]","[""external causes morbidity mortality"", ""injury poisoning external consequences""]","[""elderly"", ""general""]",case_control,"[""Australia""]",local,implicit,[],"[""age"", ""gender"", ""shelter access"", ""evacuation behaviour""]",high
P0B9C19286AF3,https://openalex.org/W4402732979,10.1093/annweh/wxae073,2024,en,en,strict,not_required,strict_include_wildland,wildland,wildland,True,True,"[""wildfire_smoke""]","[""respiratory system""]","[""outdoor workers""]",experimental,"[""Canada""]",local,implicit,"[""polycyclic aromatic hydrocarbon absorption"", ""pulmonary exposure""]","[""occupational exposure"", ""respiratory protection access""]",high
PEE78220609EB,https://openalex.org/W4323656843,10.1186/s13034-023-00583-1,2023,en,en,strict,not_required,strict_include_wildland,wildland,wildland,True,True,"[""displacement""]","[""mental behavioural neurodevelopmental"", ""sleep wake"", ""external causes morbidity mortality""]","[""children""]",cross_sectional,"[""Australia""]",national,explicit,[],"[""disaster exposure"", ""community-level disaster""]",high
P5C0307CF0BA1,https://openalex.org/W3177200194,,2007,en,en,strict,not_required,strict_include_wildland,wildland,mixed,True,True,"[""wildfire_smoke""]","[""respiratory system"", ""immune system"", ""neoplasms""]","[""children"", ""elderly""]",other,"[""Mexico""]",national,implicit,"[""smoke inhalation"", ""toxic agent exposure""]",[],medium
PE7FBEFEDB5DC,https://openalex.org/W3126761358,10.1111/resp.14013,2021,en,en,strict,not_required,strict_include_wildland,wildland,wildland,True,True,"[""wildfire_smoke""]","[""respiratory system"", ""external causes morbidity mortality""]","[""children"", ""general""]",cross_sectional,"[""Australia""]",national,explicit,"[""lung and airway injuries"", ""airflow limitation progression""]","[""asthma severity"", ""protective action efficacy"", ""income loss"", ""healthcare access"", ""air quality monitoring distribution""]",high
P782C18B15E09,https://openalex.org/W4220894081,10.55761/abclima.v30i18.15130,2022,pt,en;pt,strict,not_required,strict_include_wildland,wildland,wildland,True,True,"[""wildfire_smoke"", ""PM2.5""]","[""respiratory system"", ""circulatory system""]","[""elderly"", ""racial minorities"", ""indigenous""]",systematic_review,"[""Brazil"", ""global""]",global,explicit,[],[],high
P2FC7192E0FC1,https://openalex.org/W4403193607,10.1038/s41598-024-73886-8,2024,en,en,strict,not_required,strict_include_wildland,wildland,wildland,True,True,"[""direct_fire""]","[""mental behavioural neurodevelopmental"", ""injury poisoning external consequences"", ""infectious parasitic"", ""nervous system""]","[""outdoor workers"", ""elderly""]",case_control,"[""Australia""]",regional,explicit,[],"[""occupational exposure"", ""workforce aging""]",high
P22EBE28A1241,https://openalex.org/W2101799631,10.5694/j.1326-5377.2009.tb02666.x,2009,en,en,strict,not_required,strict_include_wildland,wildland,wildland,True,True,"[""direct_fire""]","[""injury poisoning external consequences""]","[""general""]",case_control,"[""Australia""]",regional,none,[],[],high
P93B093CF8844,https://openalex.org/W3157848330,,2020,en,en;id,strict,not_required,strict_include_wildland,wildland,wildland,True,True,"[""wildfire_smoke""]","[""respiratory system""]","[""children"", ""rural"", ""low income"", ""livelihood ecosystem dependent""]",qualitative,"[""Indonesia""]",local,explicit,"[""inhalation of smoke particles""]","[""illegal land-use practices"", ""commercial plantation expansion"", ""poverty and powerlessness of farmer groups"", ""unequal access to decision-making"", ""lack of alternative livelihoods"", ""heat stress exacerbating dry conditions""]",medium
P704E85AE68C9,https://openalex.org/W4210351608,10.21601/ejeph/11674,2022,en,en,strict,not_required,strict_include_wildland,wildland,wildland,True,True,"[""wildfire_smoke"", ""PM2.5""]","[""mental behavioural neurodevelopmental""]","[""general"", ""low income"", ""limited healthcare access""]",cross_sectional,"[""United States""]",local,implicit,[],"[""household air quality mitigation access"", ""community shelter access"", ""socioeconomic barriers to protective measures""]",high
PFE140018E48B,https://openalex.org/W2407289274,10.4172/2329-6879.1000e110,2015,en,en,strict,not_required,strict_include_wildland,wildland,wildland,True,True,"[""other""]","[""circulatory system"", ""external causes morbidity mortality""]","[""outdoor workers""]",other,"[""United States""]",national,explicit,[],"[""occupational hazard exposure"", ""base camp conditions""]",high
P1B21DF8AC6A7,https://openalex.org/W4395032113,10.1176/appi.pn.2024.05.5.6,2024,en,en,strict,not_required,strict_include_wildland,wildland,wildland,True,True,"[""wildfire_smoke""]","[""mental behavioural neurodevelopmental""]","[""general"", ""elderly""]",epidemiological,"[""United States""]",regional,implicit,[],"[""limited access to mental health services"", ""socioeconomic determinants of health""]",high
P0AE43F65176D,https://openalex.org/W2944752968,10.1017/s1049023x19003418,2019,en,en,strict,not_required,strict_include_wildland,wildland,wildland,True,True,"[""wildfire_smoke""]","[""mental behavioural neurodevelopmental"", ""sleep wake"", ""nervous system"", ""external causes morbidity mortality""]","[""general""]",synthesis,"[""United States""]",national,none,"[""carbon monoxide toxicity"", ""bilateral globus pallidus necrosis""]","[""healthcare system capacity"", ""resource allocation for prevention""]",medium
P3306DF8FB25A,https://openalex.org/W4404831068,10.1186/s12889-024-20671-x,2024,en,en,strict,not_required,strict_include_wildland,wildland,wildland,True,True,"[""wildfire_smoke""]","[""mental behavioural neurodevelopmental""]","[""outdoor workers"", ""children"", ""low income""]",qualitative,"[""United States""]",local,explicit,[],"[""childcare accessibility"", ""workplace protection resources"", ""communication gaps"", ""occupational exposure""]",high
P8F4D4464C338,https://openalex.org/W4392982921,10.32396/usurj.v8i2.654,2023,en,en,strict,not_required,strict_include_wildland,wildland,wildland,True,True,"[""wildfire_smoke""]","[""respiratory system""]","[""general"", ""indigenous""]",time_series,"[""Canada""]",regional,implicit,[],[],high
P083B393C9EBA,https://openalex.org/W4389308195,10.1088/2752-5309/ad0d7d,2023,en,en,strict,not_required,strict_include_wildland,wildland,wildland,True,True,"[""wildfire_smoke"", ""PM2.5""]","[""pregnancy childbirth puerperium"", ""perinatal conditions"", ""developmental anomalies""]","[""pregnant""]",qualitative,"[""Australia""]",regional,explicit,[],"[""disruption to vital services"", ""inadequate public health messaging"", ""community support""]",high
P00FCC4422111,https://openalex.org/W4387072790,10.1176/appi.pn.2023.10.10.26,2023,en,en,strict,not_required,strict_include_wildland,wildland,wildland,True,True,"[""displacement"", ""direct_fire"", ""other""]","[""mental behavioural neurodevelopmental"", ""respiratory system"", ""sleep wake"", ""external causes morbidity mortality""]","[""general"", ""children"", ""displaced refugees""]",qualitative,"[""United States""]",local,implicit,[],"[""displacement"", ""loss of homes and workplaces"", ""trauma exposure"", ""climate change""]",high
P89452C5634AA,https://openalex.org/W4404549165,10.1016/j.envpol.2024.125348,2024,en,en,strict,not_required,strict_include_wildland,wildland,wildland,True,True,"[""wildfire_smoke""]","[""pregnancy childbirth puerperium"", ""perinatal conditions""]","[""pregnant""]",systematic_review,[],unclear,explicit,[],[],high
P4E68289EAE5F,https://openalex.org/W4387966882,10.1111/1471-0528.17700,2023,en,en,strict,not_required,strict_include_wildland,wildland,wildland,True,True,"[""PM2.5"", ""wildfire_smoke""]","[""perinatal conditions""]","[""general""]",epidemiological,"[""Australia""]",local,none,"[""exposure to ambient PM2.5"", ""chronic exposure to environmental toxic agents affecting male reproductive system""]",[],high
P6F389E0CBE45,https://openalex.org/W4403987536,10.1542/peds.2024-066064,2024,en,en,strict,not_required,strict_include_wildland,wildland,mixed,True,True,"[""wildfire_smoke"", ""PM2.5""]","[""perinatal conditions"", ""respiratory system"", ""infectious parasitic"", ""injury poisoning external consequences"", ""mental behavioural neurodevelopmental"", ""endocrine nutritional metabolic"", ""external causes morbidity mortality""]","[""children"", ""pregnant"", ""low income"", ""racial minorities"", ""displaced refugees"", ""food insecure"", ""climate hazard affected"", ""local communities""]",synthesis,"[""Global"", ""North America"", ""Sub-Saharan Africa""]",global,explicit,"[""oxidative stress"", ""epigenetic changes"", ""hypoxemia"", ""impaired lung development"", ""high surface area-to-body mass ratio""]","[""poverty"", ""food insecurity"", ""displacement"", ""educational attainment"", ""financial security"", ""equity-deserving communities"", ""access to prenatal care"", ""agricultural yield vulnerability""]",high
P83FE2925962D,https://openalex.org/W7115937947,10.5281/zenodo.14181594,2024,,en,strict,not_required,strict_include_wildland,wildland,wildland,True,True,"[""wildfire_smoke""]","[""respiratory system"", ""circulatory system""]","[""outdoor workers""]",other,[],unclear,implicit,[],"[""occupational exposure""]",medium
PEB2664DE89FB,https://openalex.org/W7115931759,10.5281/zenodo.14181593,2024,,en,strict,not_required,strict_include_wildland,wildland,wildland,True,True,"[""wildfire_smoke""]","[""respiratory system"", ""circulatory system""]","[""outdoor workers""]",other,[],unclear,implicit,[],[],low
P61F0BC42BFA5,https://openalex.org/W2909633770,10.1029/2019eo113561,2019,en,en,strict,not_required,strict_include_wildland,wildland,wildland,True,True,"[""wildfire_smoke""]","[""respiratory system""]","[""general""]",epidemiological,"[""United States""]",regional,none,[],[],medium
PCD2DBE3EC074,https://openalex.org/W3199929646,,2011,id,en,strict,not_required,strict_include_wildland,wildland,wildland,True,True,"[""wildfire_smoke"", ""PM2.5""]","[""respiratory system""]","[""general""]",cross_sectional,"[""Indonesia""]",local,none,[],[],medium
PCAB7605D2879,https://openalex.org/W4387002830,10.1111/jdv.19358,2023,en,en,strict,not_required,strict_include_wildland,wildland,wildland,True,True,"[""wildfire_smoke"", ""PM2.5""]","[""skin"", ""immune system""]","[""general""]",systematic_review,"[""Australia"", ""Europe"", ""Canada"", ""United States"", ""Global""]",global,none,"[""oxidative stress"", ""inflammatory response"", ""particulate matter deposition""]","[""air quality standards"", ""access to indoor air filtration"", ""healthcare access"", ""climate-related anxiety""]",high
P4948C96FA216,https://openalex.org/W2996374046,10.36125/ijoehy.v10i1.323,2019,en,en,strict,not_required,strict_include_wildland,wildland,wildland,True,True,"[""wildfire_smoke"", ""other""]","[""respiratory system"", ""neoplasms""]","[""outdoor workers""]",systematic_review,"[""United States""]",national,explicit,"[""smoke inhalation"", ""mineral dust exposure"", ""asbestos exposure"", ""crystalline silica exposure""]","[""occupational hazard"", ""forest management work""]",high
P44CE6CD7C8D3,https://openalex.org/W1932505858,,2011,id,en,strict,not_required,strict_include_wildland,wildland,wildland,True,True,"[""wildfire_smoke"", ""PM2.5""]","[""respiratory system""]","[""general""]",cross_sectional,"[""Indonesia""]",local,none,[],[],medium
P5F3449E4AED8,https://openalex.org/W4407511141,10.5055/ajdm.0499,2024,en,en,strict,not_required,strict_include_wildland,wildland,wildland,True,True,"[""wildfire_smoke""]","[""skin""]","[""low income""]",epidemiological,"[""United States""]",regional,explicit,[],"[""low socioeconomic status""]",medium
P645543BC8AA1,https://openalex.org/W4404342460,10.3390/ijerph21111513,2024,en,en;es,strict,not_required,strict_include_wildland,wildland,wildland,True,True,"[""wildfire_smoke""]","[""perinatal conditions""]","[""pregnant"", ""rural""]",cohort,"[""United States""]",local,explicit,[],"[""rural communities disproportionately impacted by wildfire smoke""]",medium
P43FF7F8235C4,https://openalex.org/W2765658359,,2014,en,en,strict,not_required,strict_include_wildland,wildland,wildland,True,True,"[""wildfire_smoke"", ""PM2.5""]","[""respiratory system"", ""circulatory system"", ""external causes morbidity mortality""]","[""general"", ""low income""]",epidemiological,"[""United States""]",regional,implicit,[],"[""socioeconomic status"", ""owner-occupied housing""]",high
PD1F93DCA580F,https://openalex.org/W4389855599,10.54097/ijbls.v4i1.10,2023,en,en,strict,not_required,strict_include_wildland,wildland,wildland,True,True,"[""wildfire_smoke""]","[""respiratory system""]","[""elderly""]",cross_sectional,"[""Canada""]",local,explicit,[],"[""aging"", ""physical health conditions""]",medium
PBEFB03980EEA,https://openalex.org/W4298277444,10.17615/4jx9-aq41,2019,en,en,strict,not_required,strict_include_wildland,wildland,wildland,True,True,"[""wildfire_smoke"", ""PM2.5""]","[""respiratory system"", ""circulatory system"", ""infectious parasitic""]","[""rural"", ""children""]",epidemiological,"[""United States""]",regional,implicit,[],"[""poverty""]",high
P3600C042EB30,https://openalex.org/W4406947158,10.1134/s1875372824700574,2024,en,en,strict,not_required,strict_include_wildland,wildland,wildland,True,True,"[""wildfire_smoke""]","[""respiratory system""]","[""general""]",modelling,"[""Russia""]",regional,none,[],[],medium
P65ABACFDFAF1,https://openalex.org/W2418578343,,2016,en,en,strict,not_required,strict_include_wildland,wildland,wildland,True,True,"[""wildfire_smoke""]","[""perinatal conditions""]","[""pregnant""]",epidemiological,"[""United States""]",national,implicit,[],[],high
PBED861AEBC50,https://openalex.org/W4311255689,10.1016/j.envint.2022.107684,2022,en,en,strict,not_required,strict_include_wildland,wildland,wildland,True,True,"[""wildfire_smoke"", ""PM2.5""]","[""external causes morbidity mortality""]","[""elderly"", ""general""]",epidemiological,"[""Australia""]",local,implicit,[],[],high
P455FD5B59889,https://openalex.org/W4311580227,10.1186/s12884-022-05231-8,2022,en,en,strict,not_required,strict_include_wildland,wildland,wildland,True,True,"[""wildfire_smoke"", ""PM2.5""]","[""respiratory system"", ""mental behavioural neurodevelopmental""]","[""pregnant"", ""general""]",cross_sectional,"[""Australia""]",national,explicit,[],"[""information access"", ""protective behaviours""]",high
PB1418DF2322D,https://openalex.org/W4405964678,10.1093/geroni/igae098.2319,2024,en,en,strict,not_required,strict_include_wildland,wildland,wildland,True,True,"[""wildfire_smoke"", ""PM2.5""]","[""respiratory system""]","[""elderly"", ""racial minorities"", ""low income""]",cohort,"[""Canada"", ""United States""]",local,explicit,[],"[""socioeconomic disadvantage"", ""air pollution exposure disparity"", ""insurance status""]",high
PEFD762C94C1B,https://openalex.org/W4403823376,10.1093/eurpub/ckae144.1410,2024,en,en,strict,not_required,strict_include_wildland,wildland,wildland,True,True,"[""wildfire_smoke""]","[""respiratory system"", ""visual system"", ""ear mastoid""]","[""general""]",cross_sectional,"[""United States""]",regional,none,[],[],high
PCDD4C4D21F2E,https://openalex.org/W2891713478,10.23889/ijpds.v3i4.674,2018,en,en,strict,not_required,strict_include_wildland,wildland,wildland,True,True,"[""wildfire_smoke"", ""PM2.5""]","[""respiratory system"", ""circulatory system""]","[""general"", ""children""]",time_series,"[""Canada""]",local,implicit,[],[],high
P0CBE25F8DD92,https://openalex.org/W4401919808,10.1192/j.eurpsy.2024.711,2024,en,en,strict,not_required,strict_include_wildland,wildland,wildland,True,True,"[""displacement""]","[""mental behavioural neurodevelopmental""]","[""general""]",cross_sectional,"[""Canada""]",regional,implicit,[],"[""unemployment"", ""history of mental health diagnosis""]",high
P63FABEADEF15,https://openalex.org/W4321599462,10.1186/s13006-023-00550-8,2023,en,en,strict,not_required,strict_include_wildland,wildland,wildland,True,True,"[""wildfire_smoke""]","[""pregnancy childbirth puerperium"", ""perinatal conditions""]","[""pregnant"", ""general""]",cross_sectional,"[""Australia""]",regional,implicit,"[""PAH bioaccumulation in breast milk"", ""wildfire smoke inhalation""]","[""maternal concern about fire events"", ""access to safe infant feeding""]",high
P85A77C15C371,https://openalex.org/W2928875876,10.26717/bjstr.2019.13.002344,2019,en,en,strict,not_required,strict_include_wildland,wildland,wildland,True,True,"[""wildfire_smoke""]","[""respiratory system""]","[""outdoor workers""]",cohort,"[""Israel""]",local,implicit,"[""smoke inhalation"", ""airborne toxins""]","[""occupational exposure""]",medium
P994BFDE7B021,https://openalex.org/W2740041821,,2017,en,en,strict,not_required,strict_include_wildland,wildland,wildland,True,True,"[""wildfire_smoke""]","[""perinatal conditions""]","[""pregnant""]",cohort,"[""United States""]",national,implicit,[],[],high
P707BB31B472C,https://openalex.org/W2947038031,10.5210/ojphi.v11i1.9814,2019,en,en,strict,not_required,strict_include_wildland,wildland,mixed,True,True,"[""wildfire_smoke"", ""PM2.5""]","[""respiratory system"", ""circulatory system""]","[""general""]",cross_sectional,"[""United States""]",regional,implicit,"[""particulate matter inhalation"", ""airway inflammation""]","[""geographic location"", ""access to air quality information""]",medium
P4A50E97505EE,https://openalex.org/W4377966902,10.1097/01.aoa.0000927768.19374.96,2023,en,en,strict,not_required,strict_include_wildland,wildland,wildland,True,True,"[""wildfire_smoke"", ""PM2.5""]","[""pregnancy childbirth puerperium"", ""perinatal conditions"", ""endocrine nutritional metabolic"", ""circulatory system""]","[""pregnant"", ""children"", ""racial minorities"", ""local communities""]",other,[],unclear,explicit,[],"[""community displacement"", ""disrupted social support networks"", ""marginalization""]",medium
P365FCA626437,https://openalex.org/W379957810,,2010,ru,en,strict,not_required,strict_include_wildland,wildland,wildland,True,True,"[""wildfire_smoke""]","[""pregnancy childbirth puerperium""]","[""pregnant""]",cross_sectional,"[""Russia""]",local,explicit,"[""toxical-smoke influence""]","[""industrial city environment""]",medium
P667F4EF46235,https://openalex.org/W4298134327,10.17615/fv0k-tx55,2020,en,en,strict,not_required,strict_include_wildland,wildland,wildland,True,True,"[""wildfire_smoke""]","[""circulatory system"", ""respiratory system"", ""external causes morbidity mortality""]","[""rural""]",epidemiological,"[""United States""]",regional,implicit,[],"[""rural location""]",high
P4E719C0B3262,https://openalex.org/W4379094724,10.1177/00048674231175618,2023,en,en,strict,not_required,strict_include_wildland,wildland,wildland,True,True,"[""displacement""]","[""mental behavioural neurodevelopmental"", ""external causes morbidity mortality""]","[""general"", ""elderly"", ""rural"", ""low income""]",cross_sectional,"[""Australia""]",national,implicit,[],"[""financial stress"", ""income loss"", ""rural residence"", ""age"", ""pre-existing mental health conditions""]",high
P93E0C66604B3,https://openalex.org/W4392301643,10.1016/j.jenvp.2024.102273,2024,en,en,strict,not_required,strict_include_wildland,wildland,wildland,True,True,"[""displacement""]","[""mental behavioural neurodevelopmental"", ""external causes morbidity mortality""]","[""climate hazard affected"", ""local communities""]",qualitative,"[""Australia""]",local,implicit,[],"[""environmental degradation"", ""loss of ecosystem services"", ""climate change""]",high
P303B79A6FDEE,https://openalex.org/W4401010036,10.1088/2752-5309/ad67fc,2024,en,en,strict,not_required,strict_include_wildland,wildland,wildland,True,True,"[""wildfire_smoke"", ""PM2.5""]","[""respiratory system""]","[""general"", ""racial minorities""]",time_series,"[""United States""]",regional,implicit,[],[],high
P8679DEE79966,https://openalex.org/W4400183734,10.33697/ajur.2024.111,2024,en,en,strict,not_required,strict_include_wildland,wildland,wildland,True,True,"[""wildfire_smoke"", ""PM2.5""]","[""respiratory system""]","[""general""]",epidemiological,"[""United States""]",regional,none,[],[],medium
PF0F69440B0B7,https://openalex.org/W4393937921,10.34014/2227-1848-2024-1-6-27,2024,en,en,strict,not_required,strict_include_wildland,wildland,mixed,True,True,"[""wildfire_smoke"", ""PM2.5""]","[""neoplasms""]","[""general"", ""children""]",systematic_review,"[""Global""]",global,implicit,"[""polycyclic aromatic hydrocarbons"", ""heavy metals"", ""carbon microparticles"", ""ultra-fine carbon particles PM0.1"", ""radionuclides"", ""oxidative stress"", ""immunosuppression""]",[],medium
P855328FB17A2,https://openalex.org/W3117067289,10.5694/mja2.50895,2020,en,en,strict,not_required,strict_include_wildland,wildland,wildland,True,True,"[""wildfire_smoke""]","[""external causes morbidity mortality"", ""respiratory system""]","[""general"", ""indigenous""]",synthesis,"[""Australia""]",national,implicit,[],"[""climate change policy"", ""fossil fuel dependence"", ""land management practices""]",high
P0680D78384C3,https://openalex.org/W2236521565,,2009,ru,en,strict,not_required,strict_include_wildland,wildland,wildland,False,True,"[""wildfire_smoke""]","[""respiratory system""]","[""elderly"", ""low income""]",epidemiological,"[""Russia""]",regional,implicit,[],"[""air pollution"", ""socioeconomic position""]",medium
P5985938A028E,https://openalex.org/W2924532364,,2018,en,en,strict,not_required,strict_include_wildland,wildland,wildland,True,True,"[""wildfire_smoke"", ""PM2.5""]","[""external causes morbidity mortality""]","[""elderly""]",epidemiological,"[""United States""]",national,implicit,[],"[""air quality baseline variation""]",high
P87A6CF72E6DD,https://openalex.org/W986256337,,2009,ru,en,strict,not_required,strict_include_wildland,wildland,wildland,True,True,"[""wildfire_smoke""]","[""pregnancy childbirth puerperium"", ""perinatal conditions"", ""developmental anomalies""]","[""pregnant""]",case_control,"[""Russia""]",local,implicit,"[""smoke inhalation"", ""placental pathology""]",[],high
P414023E1A842,https://openalex.org/W4281664879,10.1016/j.ecoenv.2022.113673,2022,en,en,strict,not_required,strict_include_wildland,wildland,wildland,True,True,"[""wildfire_smoke"", ""PM2.5""]","[""external causes morbidity mortality"", ""perinatal conditions""]","[""children"", ""pregnant"", ""low income""]",case_control,"[""Low- and middle-income countries""]",global,explicit,"[""birthweight reduction""]","[""low- and middle-income country status""]",high
P7203DCDDD25E,https://openalex.org/W4405089183,10.4103/ijaai.ijaai_36_24,2024,en,en,strict,not_required,strict_include_wildland,wildland,wildland,True,True,"[""wildfire_smoke"", ""PM2.5""]","[""respiratory system"", ""immune system""]","[""general"", ""children"", ""elderly"", ""outdoor workers""]",synthesis,"[""Global""]",global,implicit,"[""oxidative stress"", ""pro-inflammatory cytokines and chemokines"", ""reactive oxygen species"", ""epithelial barrier permeability"", ""microbial dysbiosis""]","[""air pollution"", ""fossil fuel emissions"", ""climate change patterns"", ""indoor air quality"", ""green space access""]",medium
P93C3D365C3C9,https://openalex.org/W4400150545,10.36873/jht.v19i1.14219,2024,en,en,strict,not_required,strict_include_wildland,wildland,wildland,True,True,"[""PM2.5"", ""wildfire_smoke""]","[""respiratory system""]","[""outdoor workers"", ""rural""]",cross_sectional,"[""Indonesia""]",regional,implicit,[],"[""occupational exposure""]",medium
P0713D5CAC47E,https://openalex.org/W2189207259,,2015,en,en,strict,not_required,strict_include_wildland,wildland,wildland,True,True,"[""wildfire_smoke"", ""PM2.5""]","[""respiratory system""]","[""children"", ""elderly""]",epidemiological,"[""United States""]",regional,implicit,"[""particulate matter inhalation"", ""respiratory impairment""]",[],high
PD40036E6CFE6,https://openalex.org/W2276836774,,2002,ru,en;ru,strict,not_required,strict_include_wildland,wildland,wildland,True,True,"[""wildfire_smoke""]","[""respiratory system"", ""circulatory system"", ""blood blood forming"", ""digestive system""]","[""children"", ""general""]",epidemiological,"[""Russia""]",regional,implicit,"[""inflammatory lesions"", ""toxic alveolitis""]",[],high
PB30E51BD4BA3,https://openalex.org/W967783761,,2006,ru,en,strict,not_required,strict_include_wildland,wildland,wildland,True,True,"[""wildfire_smoke""]","[""pregnancy childbirth puerperium"", ""perinatal conditions""]","[""pregnant""]",case_control,"[""Russia""]",local,explicit,"[""carboxymyoglobin formation"", ""carbon monoxide binding to hemoglobin""]",[],high
P4CF3DEEBADD0,https://openalex.org/W3209856314,10.25675/3.05008,2021,en,en,strict,not_required,strict_include_wildland,wildland,mixed,True,True,"[""wildfire_smoke"", ""PM2.5""]","[""respiratory system"", ""external causes morbidity mortality""]","[""general"", ""low income""]",epidemiological,"[""United States""]",national,implicit,"[""gas-phase hazardous air pollutants"", ""acrolein"", ""formaldehyde"", ""benzene"", ""hydrogen cyanide""]","[""population density"", ""social vulnerability"", ""census tract deprivation""]",high
P32F7F745A896,https://openalex.org/W4383105372,10.3390/ijerph20136285,2023,en,en,strict,not_required,strict_include_wildland,wildland,wildland,True,True,"[""wildfire_smoke""]","[""respiratory system"", ""circulatory system"", ""external causes morbidity mortality"", ""mental behavioural neurodevelopmental""]","[""general""]",systematic_review,"[""Australia""]",regional,implicit,[],[],medium
P3E4A689B290E,https://openalex.org/W856778999,,2012,en,en,strict,not_required,strict_include_wildland,wildland,mixed,True,True,"[""wildfire_smoke"", ""PM2.5""]","[""respiratory system""]","[""general""]",epidemiological,"[""United States""]",regional,implicit,[],"[""socio-demographic characteristics""]",high
PC311794DA77F,https://openalex.org/W4367315784,10.1007/s10393-023-01630-1,2023,en,en,strict,not_required,strict_include_wildland,wildland,wildland,True,True,"[""direct_fire""]","[""mental behavioural neurodevelopmental""]","[""children"", ""climate hazard affected""]",cross_sectional,"[""Australia""]",national,explicit,[],"[""climate change perception"", ""psychological resilience""]",high
PCC69C445DD2E,https://openalex.org/W4392349157,10.1016/j.sste.2024.100646,2024,en,en,strict,not_required,strict_include_wildland,wildland,wildland,True,True,"[""displacement""]","[""circulatory system""]","[""general""]",cohort,"[""United States""]",local,none,[],[],medium
PFA19B3C01AD6,https://openalex.org/W4296585993,10.5281/zenodo.7782,2011,en,en,strict,not_required,strict_include_wildland,wildland,wildland,True,True,"[""displacement""]","[""mental behavioural neurodevelopmental""]","[""children""]",cross_sectional,"[""Greece""]",local,explicit,[],"[""loss of property"", ""housing adversity"", ""family separation""]",high
PA59355DB9855,https://openalex.org/W4404377381,10.1038/s41598-024-78199-4,2024,en,en,strict,not_required,strict_include_wildland,wildland,wildland,True,True,"[""wildfire_smoke"", ""PM2.5""]","[""perinatal conditions"", ""pregnancy childbirth puerperium""]","[""pregnant""]",cohort,"[""Australia""]",regional,explicit,[],"[""maternal smoking status""]",high
P1D5BD5E93DA2,https://openalex.org/W2014877724,10.1097/01.ede.0000362953.23224.46,2009,en,en,strict,not_required,strict_include_wildland,wildland,wildland,False,True,"[""wildfire_smoke"", ""PM2.5""]","[""respiratory system""]","[""children"", ""elderly"", ""rural""]",time_series,"[""Brazil""]",regional,explicit,[],"[""distance from hospitals"", ""remote areas""]",high
P4D406CAB3D62,https://openalex.org/W3167778942,10.3390/ijerph18126223,2021,en,en,strict,not_required,strict_include_wildland,wildland,wildland,True,True,"[""wildfire_smoke""]","[""pregnancy childbirth puerperium"", ""perinatal conditions"", ""mental behavioural neurodevelopmental""]","[""pregnant"", ""low income"", ""racial minorities"", ""geographically vulnerable""]",other,"[""Australia""]",regional,explicit,"[""toxic compound accumulation"", ""placental transfer""]","[""socio-economic status"", ""racial/ethnic background"", ""geographic location"", ""health inequities""]",medium
PE581F494E125,https://openalex.org/W4389992835,10.3390/ijerph21010007,2023,en,en,strict,not_required,strict_include_wildland,wildland,wildland,True,True,"[""wildfire_smoke"", ""direct_fire""]","[""mental behavioural neurodevelopmental"", ""pregnancy childbirth puerperium""]","[""pregnant"", ""local communities""]",cross_sectional,"[""Australia""]",regional,explicit,[],"[""climate change catastrophes"", ""syndemic effects""]",high
PEE31825AD82D,https://openalex.org/W4404566410,10.47634/cjcp.v57i1.72384,2024,en,en,strict,not_required,strict_include_wildland,wildland,wildland,True,True,"[""displacement""]","[""mental behavioural neurodevelopmental""]","[""general"", ""local communities""]",qualitative,"[""Canada""]",regional,implicit,[],"[""access to mental health services"", ""trauma-informed care availability""]",medium
PC392E1BE33DD,https://openalex.org/W4386585839,10.1097/01.eem.0000754800.02419.28,2021,en,en,strict,not_required,strict_include_wildland,wildland,mixed,True,True,"[""wildfire_smoke""]","[""respiratory system""]","[""children""]",other,"[""United States""]",national,implicit,[],"[""vulnerable populations reliance on emergency departments""]",medium
P4F1C55247E97,https://openalex.org/W4236653798,10.1162/asep_a_00697,2019,en,en,strict,not_required,strict_include_wildland,wildland,wildland,True,True,"[""wildfire_smoke""]","[""nervous system"", ""external causes morbidity mortality""]","[""general"", ""low income""]",epidemiological,"[""Indonesia""]",national,implicit,"[""air pollution exposure affecting cognitive development""]","[""poverty"", ""socioeconomic status""]",high
P5B6A5C9012AF,https://openalex.org/W4255463497,10.1162/asep_a_00698,2019,en,en,strict,not_required,strict_include_wildland,wildland,wildland,True,True,"[""PM2.5""]","[""mental behavioural neurodevelopmental""]","[""children"", ""low income""]",cohort,"[""Indonesia""]",national,implicit,[],"[""household economic circumstances"", ""poverty""]",high
P66B396C48E6A,https://openalex.org/W4307930374,10.1038/s41598-022-23388-2,2022,en,en,strict,not_required,strict_include_wildland,wildland,wildland,True,True,"[""wildfire_smoke"", ""PM2.5""]","[""respiratory system""]","[""general"", ""children"", ""elderly""]",epidemiological,"[""Thailand""]",regional,implicit,[],[],high
PC9EE2DDC14F7,https://openalex.org/W4385791878,10.1360/tb-2023-0366,2023,en,en;zh,strict,not_required,strict_include_wildland,wildland,wildland,True,True,"[""wildfire_smoke"", ""fire_weather""]","[""external causes morbidity mortality"", ""nervous system""]","[""elderly"", ""general""]",epidemiological,"[""China""]",national,explicit,"[""heat stress""]","[""aging population"", ""regional climate vulnerability""]",high
P7B1D4ED19E5B,https://openalex.org/W4308560114,10.1093/sleepadvances/zpac029.014,2022,en,en,strict,not_required,strict_include_wildland,wildland,wildland,True,True,"[""other""]","[""mental behavioural neurodevelopmental"", ""sleep wake""]","[""outdoor workers""]",cohort,"[""Canada""]",regional,implicit,"[""autonomic nervous system imbalance""]","[""occupational exposure"", ""long working hours""]",high
P0A3EC1D9A8C7,https://openalex.org/W4401247654,10.1093/bjsw/bcae123,2024,en,en,strict,not_required,strict_include_wildland,wildland,wildland,True,True,"[""displacement""]","[""mental behavioural neurodevelopmental""]","[""children"", ""rural"", ""local communities""]",qualitative,"[""Australia""]",local,implicit,[],"[""social capital"", ""social connectedness"", ""family attachment"", ""community support"", ""stoic beliefs"", ""rural isolation""]",medium
PA7D69A9A05B7,https://openalex.org/W4247155607,10.1890/1540-9295-9.6.312,2011,en,en,strict,not_required,strict_include_wildland,wildland,wildland,True,True,"[""wildfire_smoke""]","[""circulatory system"", ""respiratory system""]","[""general""]",epidemiological,"[""United States""]",regional,none,"[""smoke chemistry differences between peat and forest wildfires""]","[""climate change altering wildfire patterns""]",high
P5D24AC3EA4A2,https://openalex.org/W4387364442,10.1097/01.cot.0000990276.66917.c6,2023,en,en,strict,not_required,strict_include_wildland,wildland,wildland,True,True,"[""direct_fire"", ""wildfire_smoke""]","[""neoplasms""]","[""outdoor workers"", ""climate hazard affected""]",other,"[""United States""]",regional,explicit,"[""carcinogenic chemical exposure""]","[""occupational exposure"", ""increased wildfire frequency and scale""]",medium
PD96FD77AF1E8,https://openalex.org/W4299683698,,2013,en,en,strict,not_required,strict_include_wildland,wildland,wildland,True,True,"[""PM2.5""]","[""circulatory system"", ""external causes morbidity mortality""]","[""elderly""]",ecological,"[""Brazil""]",regional,explicit,[],[],high
P0348ECA5C7EB,https://openalex.org/W3136329477,,2018,en,en,strict,not_required,strict_include_wildland,wildland,wildland,True,True,"[""wildfire_smoke""]","[""respiratory system""]","[""general"", ""displaced refugees""]",synthesis,"[""Indonesia"", ""Southeast Asia""]",regional,implicit,[],"[""poverty"", ""displacement"", ""climate variability""]",medium
P50FB6DC9B56D,https://openalex.org/W2514113131,10.22004/ag.econ.235236,2016,en,en,strict,not_required,strict_include_wildland,wildland,wildland,True,True,"[""displacement""]","[""mental behavioural neurodevelopmental""]","[""local communities""]",cross_sectional,"[""Australia""]",regional,implicit,[],"[""proximity to fire-affected land"", ""displacement from home""]",high
PC6F88970282B,https://openalex.org/W4388689879,10.1111/ajr.13060,2023,en,en,strict,not_required,strict_include_wildland,wildland,wildland,True,True,"[""displacement""]","[""mental behavioural neurodevelopmental""]","[""children""]",qualitative,"[""Australia""]",local,explicit,[],"[""community-based psychoeducational support"", ""peer connections"", ""trusted adult relationships""]",high
P34FEA47C6B17,https://openalex.org/W3128592144,10.1097/01.cot.0000734284.66420.36,2021,en,en,strict,not_required,strict_include_wildland,wildland,mixed,True,True,"[""direct_fire""]","[""neoplasms""]","[""outdoor workers""]",cohort,"[""United States""]",national,implicit,"[""carcinogen inhalation"", ""dermal absorption of toxicants"", ""epigenetic marker alteration""]","[""occupational exposure"", ""lack of occupational screening guidelines"", ""inadequate personal protective equipment protocols""]",high
P46E4349D39D0,https://openalex.org/W4311659603,10.5281/zenodo.7447647,2021,pt,en;pt,strict,not_required,strict_include_wildland,wildland,mixed,True,True,"[""wildfire_smoke""]","[""respiratory system""]","[""elderly"", ""children""]",systematic_review,"[""Brazil""]",national,implicit,[],[],high
P3096FC2602E5,https://openalex.org/W2089312949,10.1289/ehp.1104422,2012,en,en,strict,not_required,strict_include_wildland,wildland,wildland,True,True,"[""wildfire_smoke"", ""PM2.5""]","[""external causes morbidity mortality""]","[""general""]",modelling,"[""Global""]",global,none,[],[],high
PC1101D3D1163,https://openalex.org/W2136093147,10.1177/0004867414534476,2014,en,en,strict,not_required,strict_include_wildland,wildland,wildland,True,True,"[""displacement""]","[""mental behavioural neurodevelopmental"", ""external causes morbidity mortality""]","[""local communities"", ""climate hazard affected""]",cohort,"[""Australia""]",regional,implicit,[],"[""fire-related trauma"", ""loss of life"", ""subsequent stressors""]",high
P55C68E5F803A,https://openalex.org/W2052090442,10.1002/jts.20521,2010,en,en,strict,not_required,strict_include_wildland,wildland,wildland,True,True,"[""displacement""]","[""mental behavioural neurodevelopmental""]","[""children""]",cross_sectional,"[""Australia""]",local,explicit,[],"[""perceived personal life threat"", ""ongoing loss and disruption""]",high
PF32D598FCFCB,https://openalex.org/W3006745836,10.5694/mja2.50511,2020,en,en,strict,not_required,strict_include_wildland,wildland,wildland,True,True,"[""wildfire_smoke"", ""PM2.5""]","[""respiratory system"", ""circulatory system"", ""external causes morbidity mortality"", ""pregnancy childbirth puerperium"", ""perinatal conditions"", ""endocrine nutritional metabolic""]","[""general"", ""children"", ""elderly"", ""pregnant"", ""outdoor workers"", ""unhoused"", ""low income""]",synthesis,"[""Australia""]",national,implicit,"[""oxidative stress"", ""inflammation"", ""genotoxic response""]","[""housing quality"", ""health literacy"", ""ability to take preventive measures"", ""access to air conditioning and filtration"", ""socioeconomic status""]",high
PE1D01941A5D1,https://openalex.org/W2156819692,10.1186/1471-2458-13-1036,2013,en,en,strict,not_required,strict_include_wildland,wildland,wildland,True,True,"[""direct_fire""]","[""mental behavioural neurodevelopmental"", ""external causes morbidity mortality""]","[""general"", ""children"", ""local communities"", ""climate hazard affected""]",qualitative,"[""Australia""]",local,implicit,[],"[""social connectedness"", ""community resilience"", ""social networks""]",high
PBA3ADF1BF7BE,https://openalex.org/W2626162837,10.1177/0004867417714337,2017,en,en,strict,not_required,strict_include_wildland,wildland,wildland,True,True,"[""displacement""]","[""mental behavioural neurodevelopmental"", ""external causes morbidity mortality""]","[""climate hazard affected"", ""local communities""]",cohort,"[""Australia""]",regional,implicit,[],"[""recent life stressors"", ""substantive losses""]",high
P6BE12CF552AD,https://openalex.org/W3193660952,10.1029/2021gh000457,2021,en,en,strict,not_required,strict_include_wildland,wildland,mixed,True,True,"[""PM2.5"", ""wildfire_smoke""]","[""external causes morbidity mortality"", ""respiratory system""]","[""general""]",epidemiological,"[""United States""]",national,none,[],"[""population density""]",high
P7EF12AFA47E2,https://openalex.org/W3101195395,10.1177/0004867420969815,2020,en,en,strict,not_required,strict_include_wildland,wildland,wildland,True,True,"[""displacement""]","[""mental behavioural neurodevelopmental"", ""external causes morbidity mortality""]","[""climate hazard affected"", ""local communities""]",cohort,"[""Australia""]",local,implicit,[],"[""property loss"", ""ongoing stressors"", ""recent traumatic events""]",high
P85E530DD70E9,https://openalex.org/W2133800141,10.1192/bjp.bp.108.054270,2009,en,en,strict,not_required,strict_include_wildland,wildland,wildland,True,True,"[""displacement""]","[""mental behavioural neurodevelopmental"", ""external causes morbidity mortality""]","[""children""]",cohort,"[""Australia""]",local,implicit,[],"[""trauma exposure"", ""childhood adversity""]",high
P651016F14480,https://openalex.org/W2108506066,10.1071/en06008,2006,en,en,strict,not_required,strict_include_wildland,wildland,wildland,True,True,"[""wildfire_smoke"", ""PM2.5""]","[""respiratory system"", ""circulatory system"", ""external causes morbidity mortality""]","[""general"", ""children"", ""elderly"", ""persons with disabilities""]",systematic_review,"[""North America"", ""Australia"", ""South-East Asia""]",multi-country,implicit,"[""respirable particles"", ""toxic air contaminants""]",[],high
PD27F66A11F50,https://openalex.org/W3108238530,10.5694/mja2.50869,2020,en,en,strict,not_required,strict_include_wildland,wildland,wildland,True,True,"[""wildfire_smoke"", ""PM2.5""]","[""respiratory system"", ""external causes morbidity mortality""]","[""general"", ""climate hazard affected""]",synthesis,"[""Australia""]",national,implicit,[],"[""climate change"", ""summer maximum temperatures"", ""heatwave intensity""]",high
P25ACB2D07832,https://openalex.org/W3096111645,10.1002/jts.22616,2020,en,en,strict,not_required,strict_include_wildland,wildland,wildland,True,True,"[""displacement""]","[""mental behavioural neurodevelopmental"", ""external causes morbidity mortality""]","[""rural""]",cross_sectional,"[""Australia""]",regional,implicit,[],"[""employment status"", ""gender"", ""age""]",high
PBA2E065C6E29,https://openalex.org/W3203093046,10.7554/elife.69298,2021,en,en,strict,not_required,strict_include_wildland,wildland,wildland,True,True,"[""wildfire_smoke"", ""PM2.5""]","[""perinatal conditions""]","[""low income"", ""pregnant""]",case_control,"[""Low- and middle-income countries""]",multi-country,explicit,[],"[""low- and middle-income country status""]",high
P0EB35D8A42AA,https://openalex.org/W3136911957,10.1080/0312407x.2021.1874029,2021,en,en,strict,not_required,strict_include_wildland,wildland,wildland,True,True,"[""displacement""]","[""mental behavioural neurodevelopmental""]","[""climate hazard affected"", ""local communities""]",qualitative,"[""Australia""]",local,implicit,[],"[""family support"", ""community resources"", ""rebuilding processes"", ""social networks""]",high
P5299CA191EA9,https://openalex.org/W2993239033,,2013,en,en,strict,not_required,strict_include_wildland,wildland,wildland,True,True,"[""displacement""]","[""mental behavioural neurodevelopmental"", ""injury poisoning external consequences""]","[""general""]",qualitative,"[""Australia""]",local,explicit,[],"[""disaster-related trauma"", ""gender inequality"", ""social silencing of women""]",medium
P9C8DE9ED0AAC,https://openalex.org/W2888957271,10.1080/0312407x.2018.1488980,2018,en,en,strict,not_required,strict_include_wildland,wildland,wildland,True,True,"[""direct_fire""]","[""mental behavioural neurodevelopmental""]","[""climate hazard affected""]",qualitative,"[""Australia""]",local,implicit,[],"[""social connections"", ""skill acquisition"", ""relational support""]",high
PC635A7112F43,https://openalex.org/W4289774636,10.1037/tra0001323,2022,en,en,strict,not_required,strict_include_wildland,wildland,wildland,True,True,"[""displacement""]","[""mental behavioural neurodevelopmental""]","[""general"", ""local communities""]",cross_sectional,"[""Australia""]",national,implicit,[],"[""disaster exposure"", ""coping strategies""]",high
P631E15108B57,https://openalex.org/W3162028899,10.3390/ijerph18105314,2021,en,en,strict,not_required,strict_include_wildland,wildland,wildland,True,True,"[""displacement""]","[""external causes morbidity mortality"", ""injury poisoning external consequences""]","[""general""]",time_series,"[""Australia""]",national,none,[],"[""reduced coastal access"", ""altered activity patterns""]",high
P223FF2A24B2D,https://openalex.org/W2132934240,10.1046/j.1440-1614.2002.01090.x,2002,en,en,strict,not_required,strict_include_wildland,wildland,wildland,True,True,"[""displacement""]","[""mental behavioural neurodevelopmental""]","[""children""]",cross_sectional,"[""Australia""]",regional,implicit,[],"[""evacuation experience"", ""perception of threat""]",high
P2C0F5710C2C0,https://openalex.org/W3160788667,10.3389/fpsyg.2021.635158,2021,en,en,strict,not_required,strict_include_wildland,wildland,wildland,True,True,"[""other""]","[""mental behavioural neurodevelopmental""]","[""general""]",time_series,"[""Australia""]",national,none,"[""social connectedness""]","[""community cohesion""]",high
PB0B84BC7BCAE,https://openalex.org/W2152746523,10.1177/0004867414565478,2015,en,en,strict,not_required,strict_include_wildland,wildland,wildland,True,True,"[""direct_fire""]","[""mental behavioural neurodevelopmental""]","[""general""]",cross_sectional,"[""Australia""]",regional,implicit,[],"[""anger"", ""alcohol abuse"", ""major life stressors""]",high
P0E1D4AE38828,https://openalex.org/W2560092997,10.25916/sut.26295496,2024,en,en,strict,not_required,strict_include_wildland,wildland,wildland,True,True,"[""direct_fire""]","[""mental behavioural neurodevelopmental""]","[""local communities""]",cohort,"[""Australia""]",regional,implicit,[],"[""close friends and family"", ""social networks"", ""community groups"", ""natural environment""]",high
P646EF1B3D311,https://openalex.org/W4310644341,10.1093/fampra/cmac138,2022,en,en,strict,not_required,strict_include_wildland,wildland,wildland,False,True,"[""other""]","[""mental behavioural neurodevelopmental""]","[""elderly""]",cross_sectional,"[""Australia""]",local,explicit,[],"[""social connection"", ""social support"", ""resilience""]",high
PA9BEB5E66B6C,https://openalex.org/W3085629929,10.1111/inm.12798,2020,en,en,strict,not_required,strict_include_wildland,wildland,wildland,False,True,"[""direct_fire""]","[""mental behavioural neurodevelopmental"", ""external causes morbidity mortality""]","[""rural"", ""livelihood ecosystem dependent"", ""low income"", ""climate hazard affected""]",qualitative,"[""Australia"", ""United States""]",multi-country,explicit,[],"[""loss of livelihood"", ""limited healthcare access"", ""social disconnection"", ""financial stress"", ""preceding drought"", ""policy gaps in disaster recovery""]",high
P3A8CBAB989B4,https://openalex.org/W4388914859,10.1016/j.wss.2023.100179,2023,en,en,strict,not_required,strict_include_wildland,wildland,wildland,True,True,"[""displacement""]","[""mental behavioural neurodevelopmental""]","[""local communities""]",cross_sectional,"[""Australia""]",local,implicit,[],"[""place attachment"", ""social capital"", ""social connection"", ""identity threat""]",high
P6A1BB778B8EA,https://openalex.org/W4213189571,10.1080/09638288.2022.2037756,2022,en,en,strict,not_required,strict_include_wildland,wildland,wildland,True,True,"[""wildfire_smoke""]","[""nervous system"", ""mental behavioural neurodevelopmental""]","[""persons with disabilities"", ""rural""]",qualitative,"[""Australia""]",national,explicit,[],"[""healthcare access"", ""crisis preparedness"", ""carer support""]",high
PEB61AE191D0C,https://openalex.org/W2891495116,10.33151/ajp.15.3.531,2018,en,en,strict,not_required,strict_include_wildland,wildland,wildland,True,True,"[""displacement""]","[""mental behavioural neurodevelopmental"", ""external causes morbidity mortality""]","[""local communities"", ""climate hazard affected""]",cross_sectional,"[""Australia""]",local,implicit,[],"[""community preparedness"", ""coping strategies"", ""disaster recovery support""]",high
PA88AB602C6D1,https://openalex.org/W4283268798,10.1111/inm.13035,2022,en,en,strict,not_required,strict_include_wildland,wildland,wildland,True,True,"[""displacement""]","[""mental behavioural neurodevelopmental"", ""external causes morbidity mortality""]","[""local communities"", ""climate hazard affected""]",cross_sectional,"[""Australia""]",local,implicit,[],"[""disaster displacement"", ""community disruption""]",high
P1537264EAC58,https://openalex.org/W4200347232,10.1177/10398562211042366,2021,en,en,strict,not_required,strict_include_wildland,wildland,wildland,True,True,"[""displacement""]","[""mental behavioural neurodevelopmental""]","[""local communities"", ""outdoor workers""]",qualitative,"[""Australia""]",regional,explicit,[],"[""loss of livelihood"", ""loss of home"", ""bereavement""]",medium
P78DBE5B5F2D1,https://openalex.org/W191581617,10.5694/j.1326-5377.2011.tb03110.x,2011,en,en,strict,not_required,strict_include_wildland,wildland,wildland,True,True,"[""direct_fire""]","[""injury poisoning external consequences"", ""genitourinary system""]","[""general""]",case_control,"[""Australia""]",local,none,[],[],high
PB7949DBEE245,https://openalex.org/W1826361897,10.1111/j.1556-4029.2012.02083.x,2012,en,en,strict,not_required,strict_include_wildland,wildland,wildland,True,True,"[""direct_fire""]","[""external causes morbidity mortality"", ""injury poisoning external consequences""]","[""general""]",case_control,"[""Australia""]",local,none,"[""inhalation of products of combustion"", ""hyperthermia"", ""incineration""]","[""infrastructure loss"", ""road closure"", ""evacuation access""]",high
P9F6066566DDB,https://openalex.org/W3196405757,10.1111/inm.12927,2021,en,en,strict,not_required,strict_include_wildland,wildland,wildland,True,True,"[""direct_fire""]","[""mental behavioural neurodevelopmental"", ""sleep wake""]","[""indigenous"", ""local communities""]",qualitative,"[""Australia""]",national,explicit,[],"[""colonization"", ""restricted land rights"", ""socioeconomic disadvantage"", ""disruption of cultural and spiritual connection to Country""]",medium
PEBDA820314DB,https://openalex.org/W4400672531,10.1136/jech-2024-222072,2024,en,en,strict,not_required,strict_include_wildland,wildland,wildland,True,True,"[""PM2.5""]","[""respiratory system"", ""circulatory system""]","[""general"", ""children"", ""low income""]",time_series,"[""Australia""]",regional,implicit,[],"[""sociodemographic disadvantage""]",high
PF5C2C893D8A4,https://openalex.org/W2326255318,10.1097/bcr.0000000000000223,2014,en,en,strict,not_required,strict_include_wildland,wildland,wildland,True,True,"[""direct_fire""]","[""injury poisoning external consequences"", ""mental behavioural neurodevelopmental""]","[""general""]",case_control,"[""Australia""]",local,none,[],[],high
P7077598A8FA0,https://openalex.org/W2618315475,10.1017/s0033291717000472,2017,en,en,strict,not_required,strict_include_wildland,wildland,wildland,True,True,"[""displacement""]","[""mental behavioural neurodevelopmental""]","[""children""]",cohort,"[""Australia""]",local,explicit,[],"[""parental separation during trauma"", ""attachment disruption""]",high
P6060E1BDCE2E,https://openalex.org/W3037632648,10.3389/fpsyt.2020.00483,2020,en,en,strict,not_required,strict_include_wildland,wildland,wildland,True,True,"[""displacement""]","[""mental behavioural neurodevelopmental""]","[""climate hazard affected""]",experimental,"[""Australia""]",local,implicit,[],"[""access to mental health services""]",medium
P37DF838575BC,https://openalex.org/W1991029923,10.1097/00001648-200309001-00260,2003,en,en,strict,not_required,strict_include_wildland,wildland,wildland,True,True,"[""wildfire_smoke"", ""PM2.5""]","[""respiratory system""]","[""children""]",time_series,"[""Australia""]",local,explicit,[],[],high
PFC0949500B67,https://openalex.org/W4380264069,10.1111/inm.13184,2023,en,en,strict,not_required,strict_include_wildland,wildland,wildland,False,True,"[""other""]","[""mental behavioural neurodevelopmental""]","[""indigenous"", ""rural"", ""local communities""]",qualitative,"[""Australia""]",local,explicit,[],"[""connection to country"", ""cultural identity"", ""access to mental health services"", ""regional healthcare availability""]",high
P8DED522AC698,https://openalex.org/W4288050714,10.1111/ajr.12909,2022,en,en,strict,not_required,strict_include_wildland,wildland,wildland,True,True,"[""direct_fire""]","[""mental behavioural neurodevelopmental""]","[""local communities""]",cohort,"[""Australia""]",local,implicit,[],"[""displacement"", ""relocation"", ""personal loss""]",high
PC275F178D227,https://openalex.org/W4405825816,10.1111/ajr.13218,2024,en,en,strict,not_required,strict_include_wildland,wildland,wildland,True,True,"[""displacement""]","[""mental behavioural neurodevelopmental""]","[""children"", ""rural"", ""geographically vulnerable"", ""climate hazard affected""]",other,"[""Australia""]",local,explicit,[],"[""limited_healthcare_access"", ""geographic isolation""]",medium
P2A9E7B307665,https://openalex.org/W4365459400,10.1080/0312407x.2023.2172685,2023,en,en,strict,not_required,strict_include_wildland,wildland,wildland,True,True,"[""displacement""]","[""mental behavioural neurodevelopmental""]","[""local communities""]",qualitative,"[""Australia""]",local,implicit,[],"[""service provision quality"", ""community control over decision-making"", ""leadership styles""]",high
P8A2DE03612C3,https://openalex.org/W2553187218,10.1037/fam0000256,2016,en,en,strict,not_required,strict_include_wildland,wildland,wildland,True,True,"[""displacement""]","[""mental behavioural neurodevelopmental""]","[""general""]",cross_sectional,"[""Australia""]",local,none,[],"[""attachment style"", ""social support"", ""intimate relationships""]",high
P8C71A1C88314,https://openalex.org/W2059129632,10.1080/02682621.2012.740285,2012,en,en,strict,not_required,strict_include_wildland,wildland,wildland,True,True,"[""displacement""]","[""mental behavioural neurodevelopmental""]","[""local communities""]",other,"[""Australia""]",local,implicit,[],"[""community support systems"", ""access to mental health services""]",medium
PDDA7ADC69BAF,https://openalex.org/W3114117037,10.12968/bjca.2020.0110,2020,en,en,strict,not_required,strict_include_wildland,wildland,wildland,True,True,"[""wildfire_smoke"", ""PM2.5""]","[""circulatory system""]","[""general""]",epidemiological,"[""global""]",global,implicit,"[""translocation of fine particulates into bloodstream"", ""inflammatory responses""]","[""vulnerability to chronic disease""]",high
P072BC1AAA890,https://openalex.org/W4392157103,10.1111/ajr.13086,2024,en,en,strict,not_required,strict_include_wildland,wildland,wildland,True,True,"[""direct_fire""]","[""mental behavioural neurodevelopmental""]","[""outdoor workers"", ""livelihood ecosystem dependent"", ""rural""]",qualitative,"[""Australia""]",regional,explicit,[],"[""loss of livelihood"", ""loss of home"", ""social disconnection"", ""community engagement""]",high
PFFDAE0C80496,https://openalex.org/W3158984368,10.1164/rccm.202103-0682le,2021,en,en,strict,not_required,strict_include_wildland,wildland,wildland,True,True,"[""wildfire_smoke""]","[""respiratory system"", ""other""]","[""general"", ""elderly"", ""outdoor workers""]",cross_sectional,"[""Australia""]",local,implicit,[],"[""outdoor activity patterns"", ""age-related mobility""]",high
P685F0617672C,https://openalex.org/W4394758275,10.1111/resp.14705,2024,en,en,strict,not_required,strict_include_wildland,wildland,mixed,True,True,"[""wildfire_smoke""]","[""respiratory system""]","[""general""]",synthesis,"[""Global""]",global,implicit,"[""air pollution increase"", ""ozone and particulate matter"", ""aeroallergen exposure"", ""heat stress exacerbation""]","[""fossil fuel economy"", ""climate mitigation"", ""healthcare access"", ""environmental health equity""]",high
P0311A0238A03,https://openalex.org/W2284238104,,2009,en,en,strict,not_required,strict_include_wildland,wildland,wildland,True,True,"[""displacement""]","[""mental behavioural neurodevelopmental""]","[""climate hazard affected""]",other,"[""Australia""]",local,explicit,[],"[""disaster recovery support"", ""mental health services""]",medium
P4F990F75DD13,https://openalex.org/W2331193542,10.1097/01.ede.0000392251.52154.6f,2010,en,en,strict,not_required,strict_include_wildland,wildland,wildland,True,True,"[""wildfire_smoke"", ""PM2.5""]","[""external causes morbidity mortality"", ""circulatory system"", ""respiratory system""]","[""general""]",case_crossover,"[""Australia""]",national,none,[],[],high
P4982B8B89C98,https://openalex.org/W2243282661,,2015,en,en,strict,not_required,strict_include_wildland,wildland,wildland,True,True,"[""fire_weather"", ""heat_stress""]","[""external causes morbidity mortality""]","[""outdoor workers"", ""general""]",other,"[""Australia""]",regional,implicit,[],"[""occupational exposure"", ""climate change policy""]",medium
P41907466709B,https://openalex.org/W2275142782,,2015,en,en,strict,not_required,strict_include_wildland,wildland,wildland,True,True,"[""displacement""]","[""mental behavioural neurodevelopmental""]","[""local communities""]",qualitative,"[""Australia""]",local,explicit,[],"[""social marginalization"", ""reliance on health services"", ""stigma"", ""social connections"", ""income"", ""carer responsibilities""]",medium
PD0370C16CB8D,https://openalex.org/W3110142282,,2009,en,en,strict,not_required,strict_include_wildland,wildland,wildland,True,True,"[""direct_fire""]","[""injury poisoning external consequences"", ""external causes morbidity mortality""]","[""general""]",qualitative,"[""Australia""]",local,none,[],[],high
P6E2855070649,https://openalex.org/W1585836885,10.1111/j.1440-1843.2012.02126.x,2012,en,en,strict,not_required,strict_include_wildland,wildland,wildland,True,True,"[""wildfire_smoke"", ""PM2.5""]","[""respiratory system""]","[""general""]",synthesis,"[""Asia"", ""Australia""]",multi-country,implicit,"[""airway inflammation"", ""oxidative stress""]",[],high
PD09B98064D8F,https://openalex.org/W3004589085,,2020,en,en,strict,not_required,strict_include_wildland,wildland,wildland,True,True,"[""direct_fire""]","[""mental behavioural neurodevelopmental""]","[""local communities""]",qualitative,"[""Australia""]",local,implicit,[],"[""community support"", ""common threat""]",medium
P7A5670EBF826,https://openalex.org/W2301274497,,2010,en,en,strict,not_required,strict_include_wildland,wildland,wildland,True,True,"[""displacement""]","[""mental behavioural neurodevelopmental""]","[""climate hazard affected""]",qualitative,"[""Australia""]",local,implicit,[],"[""disaster recovery systems"", ""substance use support services""]",medium
P922C58986EE9,https://openalex.org/W3101539039,,2013,en,en,strict,not_required,strict_include_wildland,wildland,wildland,True,True,"[""displacement""]","[""mental behavioural neurodevelopmental""]","[""local communities""]",qualitative,"[""Australia""]",local,implicit,[],"[""community support systems"", ""access to mental health services""]",high
PD45E6F573347,https://openalex.org/W4238245122,10.1890/1540-9295-13.10.528,2015,en,en,strict,not_required,strict_include_wildland,wildland,wildland,True,True,"[""wildfire_smoke""]","[""respiratory system""]","[""general""]",epidemiological,"[""Indonesia""]",local,implicit,[],"[""air quality degradation"", ""illegal land clearing""]",high
PD13521672AA8,https://openalex.org/W26881387,,2010,en,ru,strict,not_required,strict_include_wildland,wildland,wildland,True,True,"[""wildfire_smoke""]","[""injury poisoning external consequences"", ""endocrine nutritional metabolic""]","[""children""]",other,"[""Russia""]",local,explicit,"[""oxidative stress"", ""antioxidant insufficiency""]",[],medium
PB2992F0A2569,https://openalex.org/W171960869,,2006,ru,ru,strict,not_required,strict_include_wildland,wildland,wildland,True,True,"[""wildfire_smoke""]","[""blood blood forming"", ""pregnancy childbirth puerperium""]","[""pregnant""]",cross_sectional,"[""Russia""]",local,explicit,"[""iron metabolism disruption"", ""hemoglobin reduction"", ""erythrocyte decrease""]",[],high
P6DD2DF23F606,https://openalex.org/W1003676479,,2002,ru,ru,strict,not_required,strict_include_wildland,wildland,wildland,True,True,"[""other""]","[""immune system"", ""pregnancy childbirth puerperium""]","[""pregnant""]",cross_sectional,"[""Russia""]",local,implicit,"[""immune system activation"", ""humoral immunity activation""]",[],medium
PA8E1B38AE0C5,https://openalex.org/W179260287,,2002,ru,ru,strict,not_required,strict_include_wildland,wildland,wildland,True,True,"[""wildfire_smoke""]","[""blood blood forming"", ""perinatal conditions""]","[""children""]",case_control,"[""Russia""]",local,explicit,"[""combustion product exposure during pregnancy"", ""maternal-fetal transfer""]",[],high
PC45C66A557B7,https://openalex.org/W2974766217,10.15446/revfacmed.v67n2.82160,2019,es,es,strict,not_required,strict_include_wildland,wildland,wildland,True,True,"[""wildfire_smoke"", ""PM2.5""]","[""respiratory system"", ""nervous system"", ""circulatory system"", ""neoplasms""]","[""general"", ""children""]",synthesis,"[""Colombia""]",regional,implicit,"[""particle transport and inhalation"", ""risk agent carriage (viruses, bacteria, metals)""]","[""poor road conditions"", ""indoor air pollution from passive smoking"", ""malnutrition"", ""poor hygiene conditions"", ""lack of vaccination""]",medium
PF2FE24191593,https://openalex.org/W3174702684,10.25248/reas.e7983.2021,2021,pt,es;pt,strict,not_required,strict_include_wildland,wildland,wildland,True,True,"[""wildfire_smoke""]","[""respiratory system""]","[""children"", ""rural"", ""limited healthcare access""]",qualitative,"[""Brazil""]",regional,explicit,[],"[""barriers to primary healthcare access"", ""appointment scheduling difficulties"", ""long wait times"", ""self-medication due to access barriers""]",high
P855422F87C37,https://openalex.org/W2269615259,,2011,pt,pt,strict,not_required,strict_include_wildland,wildland,wildland,True,True,"[""wildfire_smoke"", ""PM2.5""]","[""respiratory system""]","[""outdoor workers""]",experimental,"[""Portugal""]",local,explicit,"[""inhalation of pollutants""]","[""occupational exposure""]",high
P9F362017FFD7,https://openalex.org/W4405433288,10.34119/bjhrv7n10-085,2024,pt,pt,strict,not_required,strict_include_wildland,wildland,wildland,True,True,"[""wildfire_smoke""]","[""respiratory system""]","[""elderly"", ""rural""]",other,"[""Brazil""]",regional,explicit,"[""atmospheric pollutant emissions""]","[""geographic vulnerability to wildfire"", ""rural location in high-fire-incidence area""]",medium
PFF061E79137C,https://openalex.org/W4403816057,10.22410/issn.2176-3070.v16i3a2024.3715,2024,pt,pt,strict,not_required,strict_include_wildland,wildland,wildland,True,True,"[""wildfire_smoke""]","[""respiratory system""]","[""children""]",time_series,"[""Brazil""]",local,explicit,[],[],high
P671F01174085,https://openalex.org/W2993049070,,2018,pt,pt,strict,not_required,strict_include_wildland,wildland,wildland,True,True,"[""wildfire_smoke""]","[""respiratory system""]","[""children""]",time_series,"[""Brazil""]",regional,implicit,"[""particulate matter emission""]","[""underreporting/undernotification""]",medium
P47445A2D2488,https://openalex.org/W3207997681,10.51656/psycause.v11i2.51361,2021,fr,fr,strict,not_required,strict_include_wildland,wildland,wildland,True,True,"[""displacement""]","[""mental behavioural neurodevelopmental""]","[""displaced refugees""]",cross_sectional,"[""Canada""]",local,implicit,[],"[""gender""]",high
P90850304FACF,https://openalex.org/W2508902354,,2016,id,id,strict,not_required,strict_include_wildland,wildland,wildland,True,True,"[""wildfire_smoke""]","[""respiratory system""]","[""elderly""]",qualitative,"[""Indonesia""]",local,explicit,[],"[""family support"", ""coping mechanisms""]",high
P326C287F49D9,https://openalex.org/W4282833539,10.30994/jceh.v5i1.343,2022,id,id,strict,not_required,strict_include_wildland,wildland,wildland,True,True,"[""wildfire_smoke""]","[""infectious parasitic""]","[""children"", ""local communities""]",qualitative,"[""Indonesia""]",local,implicit,[],"[""seasonal wildfire smoke exposure""]",medium
PD8FC2FFA12CD,https://openalex.org/W4317825412,10.31258/jni.13.1.61-71,2022,id,id,strict,not_required,strict_include_wildland,wildland,wildland,True,True,"[""wildfire_smoke""]","[""pregnancy childbirth puerperium"", ""perinatal conditions""]","[""pregnant""]",qualitative,"[""Indonesia""]",local,explicit,"[""inhalation of harmful particles"", ""physiological stress""]","[""family support"", ""government prevention programs"", ""housing conditions""]",high
P7D01EA6D5557,https://openalex.org/W2964893419,,2019,id,id,strict,not_required,strict_include_wildland,wildland,wildland,True,True,"[""wildfire_smoke""]","[""respiratory system"", ""visual system"", ""skin"", ""neoplasms"", ""pregnancy childbirth puerperium"", ""perinatal conditions""]","[""general"", ""children""]",other,"[""Indonesia""]",regional,implicit,[],"[""agricultural land clearing practices"", ""peat soil characteristics"", ""lack of government enforcement""]",medium
PCB1DF3655C96,https://openalex.org/W2290155135,10.3109/08958378.2016.1145771,2016,en,en,llm_review,approved_wildfire_health,llm_review_mixed,mixed,wildland,True,True,"[""wildfire_smoke"", ""PM2.5""]","[""respiratory system"", ""circulatory system""]","[""general"", ""outdoor workers""]",systematic_review,"[""United States""]",national,implicit,"[""toxicity mechanisms""]","[""occupational exposure""]",high
P2DCD4780D0A2,https://openalex.org/W2911724565,10.1080/19338244.2018.1562413,2019,en,en,llm_review,approved_wildfire_health,llm_review_mixed,mixed,wildland,True,True,"[""wildfire_smoke""]","[""respiratory system""]","[""outdoor workers""]",case_crossover,"[""United States""]",unclear,implicit,"[""oxidative stress"", ""pro-inflammatory response""]","[""occupational exposure""]",high
PCCFCACAF29E2,https://openalex.org/W2126512961,10.1080/15459620490442500,2004,en,en,llm_review,approved_wildfire_health,llm_review_mixed,mixed,mixed,True,True,"[""wildfire_smoke""]","[""neoplasms"", ""respiratory system""]","[""outdoor workers""]",modelling,"[""United States""]",national,implicit,"[""inhalation exposure to aldehydes, polycyclic aromatic hydrocarbons, carbon monoxide, benzene, formaldehyde, acrolein, respirable particulate matter""]","[""occupational exposure""]",high
PF104419F50EB,https://openalex.org/W2971614222,10.3390/ijerph16183286,2019,en,en,llm_review,approved_wildfire_health,llm_review_mixed,mixed,wildland,True,True,"[""wildfire_smoke""]","[""respiratory system"", ""circulatory system"", ""mental behavioural neurodevelopmental"", ""nervous system"", ""external causes morbidity mortality""]","[""general""]",systematic_review,"[""Southeast Asia""]",regional,none,"[""toxic particles"", ""pathophysiology""]","[""slash-and-burn farming practices""]",high
P1055166ECE94,https://openalex.org/W1842020058,,2011,en,en,llm_review,approved_wildfire_health,llm_review_mixed,mixed,mixed,True,True,"[""wildfire_smoke"", ""PM2.5""]","[""respiratory system""]","[""outdoor workers""]",cohort,"[""Portugal""]",local,implicit,"[""airway inflammation"", ""oxidative stress""]","[""occupational exposure"", ""protective equipment availability""]",high
P1F7DD54D599B,https://openalex.org/W2036255947,10.1179/oeh.2006.12.1.52,2006,en,en,llm_review,approved_wildfire_health,llm_review_unclear,unclear,wildland,True,True,"[""wildfire_smoke""]","[""respiratory system""]","[""rural""]",cross_sectional,"[""United States""]",regional,implicit,[],"[""rural location""]",high
P178C3D274A8F,https://openalex.org/W4389640899,10.1186/s12940-023-01032-4,2023,en,en,llm_review,approved_wildfire_health,llm_review_mixed,mixed,mixed,True,True,"[""wildfire_smoke""]","[""circulatory system""]","[""general""]",cross_sectional,"[""United States""]",regional,implicit,[],"[""neighborhood socioeconomic status""]",high
PB2F7E535ABF8,https://openalex.org/W2007277005,10.1155/2014/943219,2014,en,en,llm_review,approved_wildfire_health,llm_review_unclear,unclear,wildland,True,True,"[""wildfire_smoke""]","[""respiratory system"", ""circulatory system"", ""immune system""]","[""outdoor workers""]",cohort,"[""Canada""]",local,implicit,"[""transient inflammatory response"", ""macrophage activation"", ""particle internalization"", ""systemic inflammation""]","[""occupational exposure""]",high
P05F4CB0BC00C,https://openalex.org/W2736973072,10.3390/ijerph14070814,2017,en,en,llm_review,approved_wildfire_health,llm_review_mixed,mixed,mixed,True,True,"[""wildfire_smoke"", ""heat_stress"", ""displacement""]","[""external causes morbidity mortality"", ""mental behavioural neurodevelopmental"", ""injury poisoning external consequences""]","[""rural"", ""local communities""]",case_control,"[""Arctic Circle region""]",regional,implicit,[],"[""job loss"", ""livelihood disruption"", ""declining snowpack"", ""changing agricultural activities""]",medium
P238D641F30A0,https://openalex.org/W4385996359,10.1186/s12889-023-16501-1,2023,en,en,llm_review,approved_wildfire_health,llm_review_mixed,mixed,mixed,True,True,"[""wildfire_smoke""]","[""mental behavioural neurodevelopmental"", ""sleep wake"", ""musculoskeletal connective"", ""nervous system"", ""respiratory system""]","[""general"", ""climate hazard affected""]",cross_sectional,"[""Australia""]",local,implicit,[],[],high
P2C9BF40E612C,https://openalex.org/W1595115595,10.1002/ajim.22331,2014,en,en,llm_review,approved_wildfire_health,llm_review_unclear,unclear,wildland,True,True,"[""wildfire_smoke""]","[""circulatory system"", ""respiratory system""]","[""outdoor workers""]",cross_sectional,"[""United States""]",local,implicit,"[""oxidative stress"", ""arterial stiffness"", ""lipid peroxidation""]","[""occupational exposure""]",high
P891D77BC836B,https://openalex.org/W4403738322,10.1017/dmp.2024.192,2024,en,en,llm_review,approved_wildfire_health,llm_review_mixed,mixed,wildland,True,True,"[""wildfire_smoke""]","[""mental behavioural neurodevelopmental"", ""respiratory system"", ""external causes morbidity mortality""]","[""general"", ""outdoor workers""]",synthesis,"[""United States""]",national,implicit,[],"[""wildland-urban-interface migration"", ""air quality degradation""]",medium
P2BCEB450F34F,https://openalex.org/W2521686738,10.1088/1748-9326/11/9/094023,2016,en,en,llm_review,approved_wildfire_health,llm_review_unclear,unclear,wildland,True,True,"[""wildfire_smoke""]","[""external causes morbidity mortality"", ""respiratory system""]","[""general""]",modelling,"[""Indonesia"", ""Malaysia"", ""Singapore""]",regional,none,[],"[""land use management""]",high
P73A7C179C0A2,https://openalex.org/W2801953115,10.2147/jaa.s136417,2018,en,en,llm_review,approved_wildfire_health,llm_review_unclear,unclear,wildland,True,True,"[""wildfire_smoke""]","[""respiratory system"", ""immune system""]","[""outdoor workers""]",epidemiological,"[""Greece""]",local,explicit,"[""eosinophilic inflammation"", ""neutrophilic inflammation"", ""airway inflammation"", ""systemic inflammatory response""]","[""occupational exposure""]",high
PB3A407A19D18,https://openalex.org/W1482698886,10.22004/ag.econ.103433,2011,en,en,llm_review,approved_wildfire_health,llm_review_mixed,mixed,wildland,True,True,"[""wildfire_smoke""]","[""respiratory system""]","[""general""]",epidemiological,"[""United States""]",regional,none,[],[],high
P2CC5B2604AB8,https://openalex.org/W2028344884,10.1590/s1806-37132008000100008,2008,pt,en;pt,llm_review,approved_wildfire_health,llm_review_unclear,unclear,wildland,True,True,"[""wildfire_smoke"", ""PM2.5""]","[""respiratory system""]","[""children""]",ecological,"[""Brazil""]",local,implicit,[],[],high
P5D88CFDF055E,https://openalex.org/W4311748708,10.1093/ofid/ofac492.1207,2022,en,en,llm_review,approved_wildfire_health,llm_review_mixed,mixed,mixed,True,True,"[""wildfire_smoke"", ""direct_fire""]","[""infectious parasitic"", ""injury poisoning external consequences""]","[""general""]",case_control,"[""United States""]",regional,none,"[""fungal particle dispersal in smoke"", ""altered fungal diversity from smoke exposure""]",[],medium
P8121488E6F4E,https://openalex.org/W4394013641,10.1115/1.4065272,2024,en,en,llm_review,approved_wildfire_health,llm_review_unclear,unclear,wildland,True,True,"[""wildfire_smoke""]","[""respiratory system""]","[""outdoor workers""]",experimental,"[""United States""]",unclear,implicit,"[""inflammation"", ""CD68+ macrophage influx"", ""neutrophil elastase activity"", ""alveolar destruction""]","[""inadequate personal protective equipment""]",high
P112411DEF75A,https://openalex.org/W4388673595,10.1289/ehp12238,2023,en,en,llm_review,approved_wildfire_health,llm_review_mixed,mixed,mixed,True,True,"[""wildfire_smoke"", ""PM2.5""]","[""respiratory system"", ""immune system"", ""infectious parasitic""]","[""children""]",cohort,"[""Australia""]",national,implicit,[],[],medium
P4DDF9509E111,https://openalex.org/W2168163816,10.1186/1476-069x-10-41,2011,en,en,llm_review,approved_wildfire_health,llm_review_unclear,unclear,wildland,True,True,"[""wildfire_smoke"", ""PM2.5""]","[""respiratory system""]","[""children""]",epidemiological,"[""Brazil""]",regional,implicit,"[""genetic damage"", ""micronucleus induction""]","[""non-sustainable economic development"", ""agricultural expansion""]",high
P7E9E19EE080D,https://openalex.org/W4380853454,10.1002/hpja.756,2023,en,en,llm_review,approved_wildfire_health,llm_review_mixed,mixed,mixed,True,True,"[""wildfire_smoke"", ""PM2.5""]","[""respiratory system"", ""external causes morbidity mortality""]","[""general"", ""children""]",synthesis,"[""Australia""]",national,implicit,"[""allergenic pollen rupture"", ""PM2.5 lodging in lungs causing irritation and inflammation"", ""allergen-loaded diesel exhaust carbon particles penetrating lower airways""]","[""fossil fuel dependence"", ""energy policy gaps"", ""healthcare system emissions""]",high
P5511C5170E2F,https://openalex.org/W2568655960,10.1590/1413-81232017221.09622015,2017,pt,en,llm_review,approved_wildfire_health,llm_review_unclear,unclear,wildland,True,True,"[""wildfire_smoke""]","[""respiratory system"", ""circulatory system"", ""external causes morbidity mortality""]","[""elderly"", ""geographically vulnerable""]",epidemiological,"[""Brazil""]",regional,explicit,"[""air pollutant emissions""]","[""arc of deforestation"", ""geographic remoteness""]",high
